name,profile_url,weight_class,wins,losses,draws,SLpM,str_acc,SApM,str_def,td_avg,td_acc,td_def,sub_avg,rank
Tom,http://ufcstats.com/fighter-details/93fe7332d16c6ad9,--,5,3,0,0.0,0.0,0.0,0.0,0.0,0.0,0.0,0.0,
Danny,http://ufcstats.com/fighter-details/15df64c02b6b0fde,--,4,6,0,3.29,38.0,4.41,57.0,0.0,0.0,77.0,0.0,
Nariman,http://ufcstats.com/fighter-details/59a9d6dac61c2540,"66.0""",28,4,0,3.0,20.0,5.67,46.0,0.0,0.0,66.0,0.0,
Darion,http://ufcstats.com/fighter-details/4961467134abd8be,"80.0""",9,5,0,8.44,50.0,14.06,28.0,0.0,0.0,0.0,0.0,
David,http://ufcstats.com/fighter-details/b361180739bed4b0,--,10,15,0,1.35,30.0,3.55,38.0,1.07,33.0,66.0,0.0,
Hamdy,http://ufcstats.com/fighter-details/3329d692aea4dc28,"72.0""",7,1,0,4.27,55.0,3.67,51.0,3.25,65.0,100.0,0.0,
Farida,http://ufcstats.com/fighter-details/8f3837b4c06f3d1e,--,6,1,0,0.0,0.0,0.0,0.0,0.0,0.0,0.0,0.0,
Mansur,http://ufcstats.com/fighter-details/841695e02c99a521,"80.0""",9,1,1,3.28,44.0,4.49,46.0,1.65,41.0,83.0,0.3,
Shamil,http://ufcstats.com/fighter-details/2f5cbecbbe18bac4,"76.0""",20,8,0,2.41,44.0,3.02,55.0,1.01,23.0,45.0,0.1,
Hiroyuki,http://ufcstats.com/fighter-details/c0ed7b208197e8de,--,8,15,3,1.71,36.0,3.11,63.0,0.0,0.0,33.0,0.0,
Daichi,http://ufcstats.com/fighter-details/5140122c3eecd307,"71.0""",6,2,0,3.8,33.0,4.49,56.0,0.33,50.0,0.0,0.0,
Papy,http://ufcstats.com/fighter-details/c9f6385af6df66d7,--,10,4,0,2.8,55.0,3.15,48.0,3.47,57.0,50.0,1.3,
Ricardo,http://ufcstats.com/fighter-details/aa6e591c2a2cdecd,--,5,1,0,3.79,31.0,3.98,68.0,2.13,42.0,100.0,0.7,
Klidson,http://ufcstats.com/fighter-details/7279654c7674cd24,"74.0""",15,4,0,2.05,40.0,2.9,55.0,0.64,20.0,80.0,0.0,
Cyborg,http://ufcstats.com/fighter-details/f689bd7bbd14b392,--,0,0,0,0.0,0.0,0.0,0.0,0.0,0.0,0.0,0.0,
Daniel,http://ufcstats.com/fighter-details/1c5879330d42255f,--,30,18,0,3.52,36.0,2.85,62.0,0.33,20.0,81.0,0.0,
John,http://ufcstats.com/fighter-details/989b85f6540c86b1,"75.0""",6,2,0,3.9,52.0,6.28,44.0,0.0,0.0,0.0,0.0,
Scott,http://ufcstats.com/fighter-details/2620f3eb21c79614,--,8,1,0,0.0,0.0,0.0,0.0,0.0,0.0,0.0,0.0,
Juan,http://ufcstats.com/fighter-details/83b00f7597e5ac83,"80.0""",5,3,0,7.09,55.0,4.06,34.0,0.91,66.0,57.0,0.0,
Anthony,http://ufcstats.com/fighter-details/a77633a989013265,"76.0""",8,2,0,3.17,41.0,5.93,44.0,0.0,0.0,0.0,0.0,
Zarrukh,http://ufcstats.com/fighter-details/79cb2a690b9ba5e8,"65.0""",4,4,0,3.65,40.0,3.04,64.0,0.0,0.0,100.0,0.5,
Israel,http://ufcstats.com/fighter-details/1338e2c7480bdf9e,"80.0""",24,6,0,4.03,48.0,3.22,55.0,0.05,9.0,76.0,0.1,
Sam,http://ufcstats.com/fighter-details/0e9869d712e81f8f,--,7,20,2,0.0,0.0,0.0,0.0,0.0,0.0,0.0,0.0,
Mohamed,http://ufcstats.com/fighter-details/7a846fcbf182a7c8,"76.0""",5,1,0,1.66,83.0,0.33,75.0,4.97,50.0,50.0,5.0,
Nick,http://ufcstats.com/fighter-details/ebc5af72ad5a28cb,--,24,6,0,0.69,11.0,4.56,42.0,0.0,0.0,0.0,0.0,
Mariya,http://ufcstats.com/fighter-details/a08ddd04eaffd81d,"68.0""",10,5,0,4.43,54.0,3.62,52.0,0.55,66.0,45.0,0.8,
Kantharaj,http://ufcstats.com/fighter-details/26f4288e83188c61,--,12,3,0,0.0,0.0,0.0,0.0,0.0,0.0,0.0,0.0,
Marcelo,http://ufcstats.com/fighter-details/44aa652b181bcf68,--,2,3,1,0.0,0.0,0.0,0.0,0.0,0.0,0.0,0.0,
Fabio,http://ufcstats.com/fighter-details/501821d7fb7b95c1,--,17,1,0,0.0,0.0,0.0,0.0,0.0,0.0,0.0,0.0,
Edwin,http://ufcstats.com/fighter-details/6cadc0a0ba7dc015,--,26,19,0,0.0,0.0,0.0,0.0,0.0,0.0,0.0,0.0,
Jessica,http://ufcstats.com/fighter-details/8f382b3baa954d2a,"63.0""",20,8,0,4.93,50.0,7.19,53.0,0.94,25.0,50.0,0.2,
Kevin,http://ufcstats.com/fighter-details/cf946e03ba2e7666,"73.0""",17,5,0,3.96,40.0,4.81,52.0,0.16,16.0,78.0,0.0,
Jesus,http://ufcstats.com/fighter-details/c051c2e12d692b8a,"62.0""",12,4,0,2.54,38.0,2.29,61.0,1.52,29.0,45.0,1.1,
Christian,http://ufcstats.com/fighter-details/ae071698e1a3ccd4,"72.0""",14,8,0,2.54,37.0,4.04,48.0,0.0,0.0,60.0,0.0,
Nick,http://ufcstats.com/fighter-details/0978385b2bd9ef9b,"74.0""",7,2,0,0.73,33.0,2.89,45.0,1.16,20.0,33.0,0.6,
,http://ufcstats.com/fighter-details/b2efa582adf73604,"67.0""",13,2,0,2.74,60.0,2.19,59.0,0.0,0.0,100.0,0.0,
Ahejiang,http://ufcstats.com/fighter-details/ff584c17bccbae0b,--,15,3,0,0.0,0.0,0.0,0.0,0.0,0.0,0.0,0.0,
Mike,http://ufcstats.com/fighter-details/9e3dbb9c68ed5d1a,--,14,6,1,2.87,33.0,6.33,59.0,0.0,0.0,71.0,0.0,
Ashiek,http://ufcstats.com/fighter-details/49dea784f6cfed71,"71.0""",6,2,0,5.0,40.0,11.25,25.0,0.0,0.0,0.0,0.0,
Hitomi,http://ufcstats.com/fighter-details/2eada40ac8801559,--,18,10,0,0.59,45.0,2.58,55.0,0.0,0.0,8.0,0.5,
Omari,http://ufcstats.com/fighter-details/16690d100f995f8f,"73.0""",21,6,1,2.97,34.0,2.84,55.0,2.58,45.0,65.0,0.2,
Yoshihiro,http://ufcstats.com/fighter-details/b0550072e5f0afa7,"75.0""",14,6,0,3.1,41.0,3.62,57.0,2.29,67.0,92.0,1.0,
Rostem,http://ufcstats.com/fighter-details/1fc64507a0cb38cf,"72.0""",6,2,0,1.8,25.0,3.97,57.0,1.0,40.0,87.0,0.0,
Razak,http://ufcstats.com/fighter-details/38b50fd1e1b5b656,--,13,5,0,3.27,39.0,3.14,60.0,0.65,14.0,57.0,0.0,
Abdul-Kareem,http://ufcstats.com/fighter-details/597499ac7a5aac62,"69.0""",16,4,0,4.61,41.0,3.43,60.0,1.47,23.0,54.0,0.0,
Mostapha,http://ufcstats.com/fighter-details/1cf1310684a841f5,"77.0""",6,6,0,1.36,19.0,3.61,53.0,0.0,0.0,0.0,0.0,
Herdem,http://ufcstats.com/fighter-details/7578cc6bd750206b,"75.0""",5,1,0,3.84,65.0,6.66,23.0,2.06,50.0,42.0,0.0,
Javi,http://ufcstats.com/fighter-details/2144954270be834d,--,0,4,0,0.0,0.0,0.0,0.0,0.0,0.0,0.0,0.0,
,http://ufcstats.com/fighter-details/1897b7b913736a7c,"66.0""",17,10,2,2.82,32.0,5.12,57.0,1.74,43.0,75.0,0.0,
Amir,http://ufcstats.com/fighter-details/6d35bf94f7d30241,"68.0""",17,3,0,2.47,33.0,3.88,59.0,1.18,25.0,62.0,0.4,
Brett,http://ufcstats.com/fighter-details/9b28292abe3166d5,--,3,2,0,0.0,0.0,0.0,0.0,0.0,0.0,0.0,0.0,
John,http://ufcstats.com/fighter-details/7bd94b60d7521e4a,"68.0""",6,5,0,3.05,49.0,2.82,35.0,0.0,0.0,50.0,6.1,
Junior,http://ufcstats.com/fighter-details/c482c8605455a213,"74.0""",14,6,0,3.98,51.0,6.08,52.0,1.54,37.0,100.0,0.0,
Wes,http://ufcstats.com/fighter-details/184b955181bdef52,--,0,1,0,0.0,0.0,0.0,0.0,0.0,0.0,0.0,0.0,
Aleksandra,http://ufcstats.com/fighter-details/e76d9f656ceb82ab,"63.0""",3,2,0,4.83,47.0,5.56,38.0,2.27,50.0,77.0,0.4,
Israel,http://ufcstats.com/fighter-details/dd1b90eea08887f6,--,0,3,0,0.32,13.0,3.34,25.0,0.0,0.0,0.0,0.0,
Juan,http://ufcstats.com/fighter-details/39f62b833e4cf126,--,1,2,0,0.0,0.0,0.0,0.0,0.0,0.0,0.0,0.0,
Iuri,http://ufcstats.com/fighter-details/2f95a3c6d58b2aad,"71.0""",35,10,0,2.72,45.0,2.79,49.0,1.44,62.0,60.0,0.8,
Ildemar,http://ufcstats.com/fighter-details/7c6e87729e824ef4,"78.0""",21,11,0,1.93,38.0,2.63,50.0,2.0,68.0,81.0,0.9,
Alfonso,http://ufcstats.com/fighter-details/1e38bba6738b7b10,--,1,3,1,0.0,0.0,0.0,0.0,0.0,0.0,0.0,0.0,
Gilbert,http://ufcstats.com/fighter-details/d26934530dc5b248,--,6,2,0,2.91,54.0,6.26,26.0,2.57,40.0,33.0,0.0,
Irene,http://ufcstats.com/fighter-details/578ef12674df1e6a,"68.0""",15,8,0,5.19,39.0,6.64,56.0,0.15,50.0,77.0,0.2,
Hector,http://ufcstats.com/fighter-details/c487223b0289bda9,"72.0""",4,3,0,3.59,38.0,5.08,59.0,0.93,100.0,0.0,0.0,
Jose,http://ufcstats.com/fighter-details/7460ddef986d3144,"68.0""",14,6,1,3.13,44.0,3.13,58.0,0.0,0.0,57.0,0.0,
Jose,http://ufcstats.com/fighter-details/d0f3959b4a9747e6,"70.0""",32,10,0,3.65,46.0,3.81,60.0,0.47,51.0,92.0,0.1,
JJ,http://ufcstats.com/fighter-details/6fd953151d981979,"67.0""",15,7,0,3.92,46.0,4.34,61.0,0.7,25.0,67.0,0.0,
Irina,http://ufcstats.com/fighter-details/103e2e33a60683e1,"67.0""",5,4,0,3.42,38.0,5.02,45.0,0.38,20.0,50.0,0.4,
Talita,http://ufcstats.com/fighter-details/d35298b6df168456,"58.0""",8,1,1,3.09,36.0,3.67,51.0,3.01,29.0,66.0,0.5,
Jim,http://ufcstats.com/fighter-details/fe5a9547479396ab,"71.0""",13,3,0,2.9,40.0,4.38,56.0,2.26,41.0,80.0,0.3,
John,http://ufcstats.com/fighter-details/7a15f3694c5cbc02,"72.0""",35,17,0,2.1,39.0,2.91,54.0,1.85,38.0,70.0,1.2,
Houston,http://ufcstats.com/fighter-details/0541480fbf719d86,"72.0""",17,15,1,3.06,54.0,3.2,52.0,1.19,57.0,33.0,0.0,
Kenneth,http://ufcstats.com/fighter-details/8fd76e1b49c00ae2,--,7,6,0,0.88,19.0,2.2,66.0,4.71,26.0,0.0,0.0,
Lucas,http://ufcstats.com/fighter-details/11583163f45c7b31,"73.0""",8,5,0,4.69,57.0,2.87,56.0,0.0,0.0,60.0,0.0,
Marcio,http://ufcstats.com/fighter-details/d53482bef23235ba,"75.0""",17,4,0,1.61,45.0,2.89,42.0,0.35,20.0,66.0,0.7,
Olaf,http://ufcstats.com/fighter-details/b757c73f443d4fca,--,8,12,0,1.65,38.0,4.77,53.0,0.37,7.0,22.0,0.7,
Pablo,http://ufcstats.com/fighter-details/4b37a0bc2ab4cae1,--,9,7,0,0.0,0.0,0.0,0.0,0.0,0.0,0.0,0.0,
Levi,http://ufcstats.com/fighter-details/41b34b7f11f6d085,--,1,7,0,0.0,0.0,0.0,0.0,0.0,0.0,0.0,0.0,
Bill,http://ufcstats.com/fighter-details/9abc648e76c4493a,"73.0""",18,9,0,5.88,51.0,4.38,47.0,1.03,50.0,55.0,0.1,
Royce,http://ufcstats.com/fighter-details/669a3cb6e394f515,--,3,2,0,0.0,0.0,0.0,0.0,0.0,0.0,0.0,0.0,
Amir,http://ufcstats.com/fighter-details/e17770faae3ca54c,--,10,1,0,0.0,0.0,0.0,0.0,0.0,0.0,0.0,0.0,
Sultan,http://ufcstats.com/fighter-details/e70de1859b7ee78e,"74.0""",15,3,0,1.41,45.0,2.2,56.0,1.76,38.0,100.0,0.0,
Nurullo,http://ufcstats.com/fighter-details/ca28cdf526d6b6e9,"72.0""",11,0,0,2.72,44.0,1.63,58.0,2.12,43.0,80.0,0.3,
Kimbert,http://ufcstats.com/fighter-details/a075a34d7527fadf,--,7,3,0,0.0,0.0,0.0,0.0,0.0,0.0,0.0,0.0,
Ikram,http://ufcstats.com/fighter-details/b07aed698fba8624,"76.0""",17,2,0,6.86,64.0,5.47,41.0,3.2,60.0,100.0,0.5,
Leon,http://ufcstats.com/fighter-details/6db394bf6c3b017c,"74.0""",10,2,0,6.32,50.0,10.11,38.0,0.0,0.0,0.0,0.0,
John,http://ufcstats.com/fighter-details/6ebe96a116e79e52,"75.0""",13,7,0,3.56,42.0,5.74,52.0,1.4,71.0,50.0,0.8,
George,http://ufcstats.com/fighter-details/1e13936d708bcff7,--,13,19,2,0.8,38.0,3.1,43.0,0.0,0.0,50.0,0.0,
Arnold,http://ufcstats.com/fighter-details/040a74bb0a465c54,"70.0""",20,4,0,3.47,42.0,3.04,60.0,0.86,47.0,71.0,0.3,
Brendan,http://ufcstats.com/fighter-details/2f181c0467965b98,"75.0""",26,7,0,3.59,53.0,3.62,47.0,1.56,42.0,56.0,1.1,
Daniel,http://ufcstats.com/fighter-details/adf9a901308fb8e3,"75.0""",5,0,0,7.6,51.0,5.87,53.0,2.0,66.0,100.0,0.0,
Ben,http://ufcstats.com/fighter-details/c4fe2e9a06ea5bcb,"76.0""",18,8,0,1.28,49.0,1.9,59.0,0.62,50.0,26.0,0.0,
Asu,http://ufcstats.com/fighter-details/8d3273573b85be09,"65.0""",23,3,0,2.31,50.0,1.99,53.0,4.46,42.0,44.0,1.5,
Bekzat,http://ufcstats.com/fighter-details/a4dc0f2b95df4cc1,"68.0""",12,3,0,1.61,34.0,3.73,36.0,0.0,0.0,41.0,0.0,
John Dave,http://ufcstats.com/fighter-details/088aa1b19b2dc14a,"67.0""",6,1,0,1.92,41.0,5.75,27.0,0.0,0.0,0.0,0.0,
Ricardo,http://ufcstats.com/fighter-details/91186547a7f3f758,"74.0""",13,5,0,2.02,49.0,1.2,61.0,3.74,38.0,31.0,1.2,
Magno,http://ufcstats.com/fighter-details/d615d6a10a4704cd,--,10,3,0,1.67,36.0,2.6,41.0,0.0,0.0,40.0,5.0,
Thomas,http://ufcstats.com/fighter-details/2b074403b7c6cdb4,"70.0""",22,5,0,4.84,43.0,4.93,61.0,0.17,14.0,75.0,0.0,
Ericka,http://ufcstats.com/fighter-details/67a992d4cff22466,--,7,3,0,1.07,39.0,3.33,43.0,0.5,33.0,37.0,0.0,
Estefani,http://ufcstats.com/fighter-details/f16ddfa31236efed,--,7,3,0,3.13,37.0,6.07,42.0,0.0,0.0,0.0,0.0,
Jailton,http://ufcstats.com/fighter-details/41e83a89929d1327,"79.0""",22,5,0,2.23,62.0,1.3,43.0,5.64,55.0,60.0,1.7,
Lucas,http://ufcstats.com/fighter-details/710f0f8c5d5c9d41,"71.0""",15,5,0,4.94,39.0,5.36,44.0,0.0,0.0,53.0,0.0,
Cesar,http://ufcstats.com/fighter-details/64d47ef881a437a4,"74.0""",7,2,0,3.46,58.0,2.03,46.0,0.0,0.0,52.0,0.2,
Mauricio,http://ufcstats.com/fighter-details/c6bf75775b278ed8,--,13,7,0,5.74,34.0,1.91,67.0,0.0,0.0,0.0,0.0,
Sarah,http://ufcstats.com/fighter-details/49b130de1da2e1bf,"63.0""",9,6,0,2.36,44.0,6.06,38.0,1.61,26.0,20.0,0.4,
Ali,http://ufcstats.com/fighter-details/e87a13e02c01331d,"68.0""",8,5,0,2.43,42.0,1.97,56.0,3.5,29.0,60.0,1.0,
Rico,http://ufcstats.com/fighter-details/c61b49cec6abd6b9,--,4,3,0,0.0,0.0,0.0,0.0,0.0,0.0,0.0,0.0,
Victor,http://ufcstats.com/fighter-details/dc7927cd622676a7,"70.0""",12,5,0,4.58,53.0,3.82,53.0,2.88,38.0,63.0,0.0,
Mike,http://ufcstats.com/fighter-details/c11036da9162cb5f,--,1,4,0,1.56,20.0,2.08,75.0,0.0,0.0,0.0,0.0,
Patricia,http://ufcstats.com/fighter-details/430c533614d45813,"64.0""",9,3,0,5.83,31.0,9.25,44.0,0.0,0.0,0.0,0.0,
Sean,http://ufcstats.com/fighter-details/e741536153227386,--,4,3,0,0.89,37.0,3.25,47.0,0.0,0.0,0.0,0.0,
Eddie,http://ufcstats.com/fighter-details/33a331684283900f,"69.0""",29,6,0,4.32,41.0,4.39,55.0,2.92,36.0,92.0,0.5,
Jaime,http://ufcstats.com/fighter-details/4438482bd1d5a029,"69.0""",6,1,0,2.73,40.0,4.53,56.0,1.0,33.0,50.0,0.0,
Joel,http://ufcstats.com/fighter-details/58bbef3770bb2dfc,"77.0""",23,3,0,4.78,55.0,3.07,54.0,0.19,33.0,47.0,1.1,
Thiago,http://ufcstats.com/fighter-details/31ee470ef5dc8d7f,"70.0""",23,15,0,3.73,41.0,3.42,62.0,0.71,60.0,63.0,0.3,
Anthony,http://ufcstats.com/fighter-details/bd92cf5da5413d2a,--,1,4,0,0.0,0.0,0.0,0.0,0.0,0.0,0.0,0.0,
Amilcar,http://ufcstats.com/fighter-details/dc5a6b2fdb27e7dc,--,15,12,0,0.5,46.0,2.02,30.0,0.0,0.0,53.0,0.0,
Warlley,http://ufcstats.com/fighter-details/d317a5e2b3f88c5f,"72.0""",15,8,0,3.04,48.0,3.95,50.0,1.22,50.0,62.0,0.8,
Rafael,http://ufcstats.com/fighter-details/029afd138865d20a,"68.0""",20,12,0,1.85,48.0,3.3,58.0,0.29,25.0,44.0,1.5,
Sam,http://ufcstats.com/fighter-details/d156513a19acf856,"75.0""",33,18,1,3.28,44.0,3.63,52.0,0.06,14.0,82.0,0.1,
Christopher,http://ufcstats.com/fighter-details/f4abf9aeda861283,"74.0""",7,1,0,6.97,62.0,2.11,50.0,0.0,0.0,100.0,0.0,
Mahamed,http://ufcstats.com/fighter-details/86c1441676af2c73,"78.0""",4,1,0,6.0,66.0,12.0,33.0,0.0,0.0,0.0,0.0,
Andre,http://ufcstats.com/fighter-details/20821819c401ced8,--,6,4,1,2.27,24.0,5.91,63.0,0.0,0.0,20.0,0.0,
Adlan,http://ufcstats.com/fighter-details/1e327b281ef6a745,"76.0""",14,2,1,3.29,47.0,0.82,78.0,5.84,56.0,100.0,0.0,
Maiara,http://ufcstats.com/fighter-details/247fbbfafea60bb1,--,7,3,0,5.53,35.0,24.47,33.0,0.0,0.0,100.0,0.0,
Chris,http://ufcstats.com/fighter-details/ee0b69e307c857e5,--,2,0,0,0.0,0.0,0.0,0.0,0.0,0.0,0.0,0.0,
Jimmy,http://ufcstats.com/fighter-details/c912f676692c353a,--,17,21,1,0.83,29.0,3.76,40.0,3.13,57.0,100.0,0.8,
JJ,http://ufcstats.com/fighter-details/d562b12b8fe88336,--,28,7,0,3.16,69.0,6.32,33.0,0.0,0.0,50.0,0.0,
Alen,http://ufcstats.com/fighter-details/70fa1c64a2c439ef,"74.0""",8,4,0,0.99,30.0,3.85,46.0,0.0,0.0,0.0,0.0,
Hyder,http://ufcstats.com/fighter-details/41cc71cbf210e0fe,"70.0""",11,2,0,5.81,52.0,3.95,51.0,0.56,18.0,65.0,0.8,
Hamid,http://ufcstats.com/fighter-details/6c40705cf6c0d7e2,--,9,0,0,0.0,0.0,0.0,0.0,0.0,0.0,0.0,0.0,
Makwan,http://ufcstats.com/fighter-details/87a1dc546b1c5caf,"72.0""",17,9,0,1.33,44.0,2.98,46.0,3.96,43.0,35.0,1.1,
Jaqueline,http://ufcstats.com/fighter-details/bc7d1ad49fcb2d08,"68.0""",10,2,0,2.43,50.0,2.16,54.0,2.16,36.0,0.0,3.8,
Yaroslav,http://ufcstats.com/fighter-details/f139d6836efd43dd,"75.0""",29,1,0,2.78,47.0,1.55,54.0,4.64,50.0,0.0,4.6,
Bertrand,http://ufcstats.com/fighter-details/53adf5b845d91e4a,--,1,1,0,6.75,39.0,2.01,83.0,0.0,0.0,0.0,0.0,
Karl,http://ufcstats.com/fighter-details/23a8c33869bf5392,--,27,7,2,1.47,34.0,2.67,54.0,0.0,0.0,25.0,1.0,
Eryk,http://ufcstats.com/fighter-details/cad24459b28592ca,"75.0""",18,9,0,3.44,47.0,4.03,50.0,1.83,25.0,80.0,0.1,
Matt,http://ufcstats.com/fighter-details/8738eacd62e82a32,--,14,8,1,0.0,0.0,0.0,0.0,0.0,0.0,0.0,0.0,
Andy,http://ufcstats.com/fighter-details/9199e0735b83dd32,--,0,1,0,0.0,0.0,0.0,0.0,0.0,0.0,0.0,0.0,
Lowell,http://ufcstats.com/fighter-details/1ffc38f67785797b,--,0,1,0,0.0,0.0,0.0,0.0,0.0,0.0,0.0,0.0,
Corey,http://ufcstats.com/fighter-details/5e4eec08896c9423,"79.0""",14,5,0,4.43,46.0,2.22,59.0,4.89,50.0,83.0,0.0,
Derek,http://ufcstats.com/fighter-details/19ba965651486013,--,14,3,0,3.97,37.0,3.08,61.0,0.34,14.0,60.0,0.0,
Megan,http://ufcstats.com/fighter-details/a0e75f4a13eb73f1,"72.0""",11,5,0,1.76,46.0,3.35,37.0,0.52,25.0,53.0,0.5,
Liam,http://ufcstats.com/fighter-details/b03a0c78ca45facf,"75.0""",6,3,0,3.0,52.0,6.53,31.0,1.0,20.0,50.0,0.0,
Tatsuya,http://ufcstats.com/fighter-details/17615148dd4be6f6,"68.0""",14,4,1,0.93,19.0,4.93,50.0,0.0,0.0,0.0,0.0,
Alex,http://ufcstats.com/fighter-details/1562b12763cc8d67,--,10,5,0,0.2,36.0,2.6,53.0,0.0,0.0,25.0,0.8,
Jessica,http://ufcstats.com/fighter-details/6a1901c62ab3870f,"62.0""",26,15,0,6.37,48.0,5.58,54.0,2.1,54.0,75.0,0.3,
Viscardi,http://ufcstats.com/fighter-details/d221ee27afc7a60e,"75.0""",19,6,0,3.26,42.0,2.77,63.0,1.93,50.0,66.0,0.3,
Jermaine,http://ufcstats.com/fighter-details/9bad58fa651d6196,--,14,4,0,0.0,0.0,0.0,0.0,0.0,0.0,0.0,0.0,
Fellipe,http://ufcstats.com/fighter-details/7977fb0fd9c5955d,--,0,0,0,0.0,0.0,0.0,0.0,0.0,0.0,0.0,0.0,
Dylan,http://ufcstats.com/fighter-details/00debc804e2b1cd4,"74.0""",18,7,0,2.21,50.0,2.72,46.0,2.83,50.0,57.0,0.4,
Reese,http://ufcstats.com/fighter-details/46e2ca71fd5089cb,--,7,3,0,2.87,50.0,3.5,58.0,0.67,20.0,40.0,0.0,
,http://ufcstats.com/fighter-details/d6a3e131ad4ba064,"68.0""",13,3,0,3.56,38.0,3.77,53.0,0.0,0.0,33.0,0.0,
Julius,http://ufcstats.com/fighter-details/e20ad078a7d63361,--,5,1,0,4.62,78.0,1.86,50.0,4.47,50.0,60.0,1.1,
Collin,http://ufcstats.com/fighter-details/047a91d3d9c79b05,"71.0""",8,3,0,4.59,48.0,5.54,51.0,2.28,66.0,100.0,0.0,
Chad,http://ufcstats.com/fighter-details/c7c39e2fb70248b3,"64.0""",13,8,0,3.11,46.0,2.76,53.0,0.68,30.0,38.0,0.5,
Yoji,http://ufcstats.com/fighter-details/e06fd1260ac865a7,--,0,5,1,0.0,0.0,3.13,25.0,0.0,0.0,0.0,0.0,
Magomed,http://ufcstats.com/fighter-details/d802174b0c0c1f4e,"75.0""",21,2,1,3.65,52.0,2.59,56.0,0.79,22.0,87.0,0.0,
Gadzhimurad,http://ufcstats.com/fighter-details/af997f7611673880,"70.0""",20,8,0,2.08,55.0,4.21,40.0,5.08,36.0,0.0,1.4,
Adam,http://ufcstats.com/fighter-details/25b31165758402dd,"63.0""",12,3,0,5.73,52.0,5.0,69.0,0.0,0.0,100.0,0.0,
Angelo,http://ufcstats.com/fighter-details/dbd198f780286aca,--,1,4,0,1.09,50.0,7.64,50.0,0.0,0.0,0.0,0.0,
Vanilto,http://ufcstats.com/fighter-details/cc49ada1ea955b13,"72.0""",16,7,0,5.49,48.0,14.27,43.0,0.0,0.0,0.0,0.0,
Azunna,http://ufcstats.com/fighter-details/78d48d3874dacafd,--,14,5,0,2.47,42.0,2.47,69.0,0.65,100.0,0.0,0.0,
Shinsho,http://ufcstats.com/fighter-details/4665f9f909cd7214,"70.0""",10,3,0,3.23,58.0,3.75,45.0,1.83,16.0,75.0,0.0,
Jin,http://ufcstats.com/fighter-details/031da10a00c8ccd4,"68.0""",14,6,1,1.6,29.0,5.8,51.0,0.0,0.0,71.0,0.0,
Shinya,http://ufcstats.com/fighter-details/79ded75550efc139,--,39,7,0,0.97,58.0,1.25,58.0,2.54,41.0,60.0,4.0,
,http://ufcstats.com/fighter-details/7d420039bbfe7c1a,"69.0""",26,12,0,4.69,49.0,5.47,48.0,1.2,46.0,58.0,0.0,
Josh,http://ufcstats.com/fighter-details/0c1a04afca64e38f,--,15,7,0,1.35,40.0,11.5,32.0,0.0,0.0,33.0,0.0,
Erik,http://ufcstats.com/fighter-details/1ccff7f0cfdf85eb,--,10,3,0,0.0,0.0,0.54,81.0,0.0,0.0,0.0,8.1,
Kenji,http://ufcstats.com/fighter-details/269d103c96a4c3a5,--,15,15,5,8.79,27.0,10.29,39.0,0.0,0.0,0.0,0.0,
Romie,http://ufcstats.com/fighter-details/73ef22f25d0f70e2,--,7,1,0,1.8,35.0,2.83,50.0,2.5,62.0,83.0,0.0,
Felipe,http://ufcstats.com/fighter-details/71002dbc1743b9a7,"73.0""",18,10,1,2.37,45.0,2.66,64.0,0.93,47.0,41.0,0.7,
Igor,http://ufcstats.com/fighter-details/dbea8c1cb327ab3d,"77.0""",25,9,0,1.52,42.0,2.86,49.0,0.86,15.0,22.0,0.6,
Viviane,http://ufcstats.com/fighter-details/36541f1e6c5d4955,"68.0""",13,7,0,3.84,47.0,4.83,55.0,1.72,43.0,75.0,0.6,
Julio,http://ufcstats.com/fighter-details/1291edf2d566a71a,"70.0""",19,6,0,4.36,36.0,3.05,68.0,0.46,28.0,96.0,0.3,
Art,http://ufcstats.com/fighter-details/d25e39e74efb0a77,--,15,7,0,1.53,46.0,2.73,51.0,0.0,0.0,50.0,1.0,
Alice,http://ufcstats.com/fighter-details/87f8699fdcc2c404,"62.0""",11,7,0,7.35,45.0,5.2,62.0,1.0,44.0,85.0,0.0,
Tristan,http://ufcstats.com/fighter-details/9c9455912d917e4e,--,7,4,0,0.0,0.0,0.0,0.0,0.0,0.0,0.0,0.0,
Gabriel,http://ufcstats.com/fighter-details/db3c4a884d704efe,--,0,0,0,0.0,0.0,0.0,0.0,0.0,0.0,0.0,0.0,
Dan,http://ufcstats.com/fighter-details/e4ba58725825412d,"68.0""",9,3,0,2.48,43.0,3.44,50.0,4.36,35.0,55.0,1.4,
Reza,http://ufcstats.com/fighter-details/90063913321e7670,--,5,0,0,0.0,0.0,0.0,0.0,0.0,0.0,0.0,0.0,
Ryoga,http://ufcstats.com/fighter-details/e0e1801e8721af17,--,10,1,2,0.0,0.0,0.0,0.0,0.0,0.0,0.0,0.0,
Hashem,http://ufcstats.com/fighter-details/9a7ffa80766caa51,"75.0""",6,1,0,1.84,44.0,8.97,43.0,0.0,0.0,50.0,0.0,
Andrei,http://ufcstats.com/fighter-details/3738e68d2261e60f,"77.0""",34,24,0,3.82,45.0,3.22,57.0,0.37,35.0,76.0,0.2,
Garrett,http://ufcstats.com/fighter-details/1effd880e1f1bb30,"70.0""",10,5,0,5.35,53.0,3.64,56.0,1.1,50.0,64.0,0.6,
Joey,http://ufcstats.com/fighter-details/30ad2050273d016a,--,5,2,0,0.0,0.0,0.0,0.0,0.0,0.0,0.0,0.0,
Austin,http://ufcstats.com/fighter-details/bf0e700106d00e55,"72.0""",16,6,0,4.52,41.0,6.38,62.0,0.44,18.0,57.0,0.2,
Ricardo,http://ufcstats.com/fighter-details/05fbfe628658c538,--,14,5,0,1.66,48.0,1.15,57.0,2.41,48.0,58.0,1.2,
Eli,http://ufcstats.com/fighter-details/a90c200c3fbb22c4,"72.0""",6,1,0,8.92,68.0,6.49,38.0,12.16,100.0,0.0,0.0,
Chalid,http://ufcstats.com/fighter-details/770b9d4813c25902,--,7,3,0,1.56,34.0,1.63,56.0,3.05,75.0,37.0,1.0,
Akbarh,http://ufcstats.com/fighter-details/c136b2a8852da5bd,"71.0""",23,11,1,2.32,45.0,4.01,56.0,1.07,100.0,33.0,0.4,
Matt,http://ufcstats.com/fighter-details/de62052b2ede65ba,"72.0""",3,3,0,1.62,47.0,2.01,58.0,2.12,36.0,100.0,5.3,
Antonio,http://ufcstats.com/fighter-details/61fb8098ccf81c7f,"73.0""",9,5,0,2.82,66.0,2.02,50.0,1.14,41.0,41.0,0.2,
Gilles,http://ufcstats.com/fighter-details/2dea80c069847321,--,1,1,0,0.06,10.0,2.45,32.0,0.0,0.0,0.0,0.0,
Veta,http://ufcstats.com/fighter-details/91e3388e69060e69,--,3,1,0,3.2,36.0,1.92,65.0,0.0,0.0,40.0,0.0,
Cesar,http://ufcstats.com/fighter-details/49f78022126bf4a4,--,8,3,0,5.37,45.0,5.2,56.0,7.32,75.0,0.0,2.4,
Kai,http://ufcstats.com/fighter-details/d33da8a3d82bdb62,"69.0""",21,6,0,2.27,32.0,3.53,52.0,0.0,0.0,50.0,0.0,
Teddy,http://ufcstats.com/fighter-details/a373085066dbfb54,"73.0""",14,5,0,7.27,61.0,6.8,28.0,0.0,0.0,100.0,0.0,
Arman,http://ufcstats.com/fighter-details/d26a0988c9dc9886,--,11,3,1,0.0,0.0,0.0,0.0,0.0,0.0,0.0,0.0,
Yanal,http://ufcstats.com/fighter-details/c739c2995a275314,"69.0""",8,2,0,2.88,50.0,4.78,50.0,3.24,38.0,64.0,0.0,
,http://ufcstats.com/fighter-details/8be9deb7d6b36354,--,7,6,0,0.0,0.0,0.0,0.0,0.0,0.0,0.0,0.0,
Askar,http://ufcstats.com/fighter-details/2abc414136504554,"69.0""",11,1,0,0.0,0.0,0.0,0.0,0.0,0.0,0.0,0.0,
Askar,http://ufcstats.com/fighter-details/b1d19449397541dc,"67.0""",14,1,1,3.05,54.0,2.8,57.0,2.6,24.0,66.0,0.4,
Cyril,http://ufcstats.com/fighter-details/9be6020024133293,"74.0""",9,4,0,3.35,39.0,5.82,35.0,4.41,62.0,100.0,0.9,
Khusein,http://ufcstats.com/fighter-details/5c10da56d712ac9c,"69.0""",23,1,0,2.0,26.0,4.13,56.0,0.0,0.0,66.0,0.0,
Scott,http://ufcstats.com/fighter-details/06827d70c53ff0d9,"75.0""",14,4,0,3.03,46.0,3.52,52.0,0.44,18.0,65.0,0.7,
Ben,http://ufcstats.com/fighter-details/0b31f87be71ebbb1,"73.0""",19,2,0,3.64,49.0,5.66,36.0,4.33,55.0,0.0,0.9,
Ibo,http://ufcstats.com/fighter-details/6e8f1bcdda94ff45,"77.0""",14,4,0,5.75,48.0,3.96,56.0,0.0,0.0,87.0,0.0,
Tom,http://ufcstats.com/fighter-details/399afbabc02376b5,"78.0""",15,3,0,7.63,67.0,3.62,56.0,2.62,80.0,100.0,1.3,
Steven,http://ufcstats.com/fighter-details/e56cee1ad697db04,"78.0""",7,2,0,10.05,51.0,6.64,50.0,0.0,0.0,100.0,0.0,
Bruno,http://ufcstats.com/fighter-details/ff222167cce02919,--,8,4,0,1.27,43.0,3.2,36.0,2.0,50.0,66.0,1.0,
Junior,http://ufcstats.com/fighter-details/d0d7160824278840,"72.0""",16,6,0,3.31,62.0,2.06,44.0,2.43,24.0,66.0,0.7,
Raphael,http://ufcstats.com/fighter-details/2f13e4020cea5b38,"66.0""",28,10,0,3.22,42.0,2.5,66.0,1.65,39.0,78.0,0.2,
Michael,http://ufcstats.com/fighter-details/01c9e4013afce141,"69.0""",11,4,0,7.79,42.0,7.43,51.0,0.32,100.0,57.0,0.0,
Bazigit,http://ufcstats.com/fighter-details/fd7acf42bd6e7e95,--,17,1,0,0.87,41.0,3.14,49.0,1.0,33.0,0.0,0.0,
Rich,http://ufcstats.com/fighter-details/210935fd21670f6d,"72.0""",10,5,0,2.28,47.0,2.13,59.0,0.74,37.0,75.0,0.0,
Olivier,http://ufcstats.com/fighter-details/55ee431411ccf07a,"70.0""",11,5,0,2.48,51.0,2.97,55.0,2.36,33.0,70.0,0.5,
Pat,http://ufcstats.com/fighter-details/196ed28337adc630,--,11,2,1,1.17,12.0,4.31,41.0,0.8,50.0,0.0,0.0,
Jose,http://ufcstats.com/fighter-details/4d3b08ab127c7585,--,6,2,0,0.0,0.0,0.0,0.0,0.0,0.0,0.0,0.0,
Marcus,http://ufcstats.com/fighter-details/04643fd03d9159cc,"74.0""",22,10,0,1.42,33.0,2.27,59.0,1.69,27.0,27.0,1.3,
David,http://ufcstats.com/fighter-details/956dcac65e7b34d6,--,2,1,0,3.33,25.0,10.0,57.0,0.0,0.0,0.0,0.0,
Blas,http://ufcstats.com/fighter-details/8753e125f4499816,"74.0""",8,7,0,2.34,47.0,3.36,43.0,2.37,80.0,50.0,1.8,
Levi,http://ufcstats.com/fighter-details/ba5c6eeb8ef45f5c,--,18,15,0,0.0,0.0,0.0,0.0,0.0,0.0,0.0,0.0,
Anthony,http://ufcstats.com/fighter-details/033d19259f589457,--,13,5,0,0.0,0.0,0.0,0.0,0.0,0.0,0.0,0.0,
Chris,http://ufcstats.com/fighter-details/4665cbf36b08193b,--,5,4,0,2.37,30.0,4.17,48.0,0.0,0.0,46.0,0.0,
Julia,http://ufcstats.com/fighter-details/86d9dbe1bfcbade7,"68.0""",9,4,0,2.81,42.0,3.28,55.0,0.63,37.0,52.0,0.2,
Saad,http://ufcstats.com/fighter-details/da603332ad41f165,--,20,9,0,2.13,26.0,1.87,60.0,0.5,16.0,100.0,0.5,
Javy,http://ufcstats.com/fighter-details/26387c19f32dda0f,--,10,5,0,0.83,25.0,5.0,33.0,0.0,0.0,0.0,0.0,
Jessin,http://ufcstats.com/fighter-details/6eaec40f724852f4,"73.0""",16,6,0,3.53,37.0,3.59,58.0,0.0,0.0,50.0,0.3,
Abu,http://ufcstats.com/fighter-details/46d0a888d87d91ac,"76.0""",14,4,1,4.38,43.0,4.32,51.0,1.0,37.0,42.0,0.0,
Ottman,http://ufcstats.com/fighter-details/ee18ff42063174df,"71.0""",13,3,0,4.43,44.0,4.11,52.0,0.0,0.0,100.0,0.0,
Luiz,http://ufcstats.com/fighter-details/063649e21bc9d6d5,--,15,10,0,2.16,39.0,2.76,57.0,1.07,50.0,45.0,0.3,
Luciano,http://ufcstats.com/fighter-details/9bcfb40dbcd50568,--,17,9,1,0.76,45.0,1.97,27.0,2.28,11.0,0.0,0.0,
Hunter,http://ufcstats.com/fighter-details/2af2f2e26c4c0402,"69.0""",9,2,0,3.92,53.0,2.08,58.0,1.97,34.0,67.0,1.3,
Niklas,http://ufcstats.com/fighter-details/39cc64bf0a269db9,--,11,3,0,1.12,41.0,3.65,40.0,2.92,80.0,72.0,2.2,
Seth,http://ufcstats.com/fighter-details/fd5b6598a3b70c0a,"75.0""",20,14,0,3.08,31.0,3.14,51.0,0.89,16.0,48.0,0.8,
Abdul Azeem,http://ufcstats.com/fighter-details/968764372c49eab6,--,13,3,0,0.0,0.0,0.0,0.0,0.0,0.0,0.0,0.0,
Ryan,http://ufcstats.com/fighter-details/c0ab242c40decc55,"74.0""",23,5,0,2.82,43.0,1.39,71.0,3.37,44.0,80.0,0.4,
Izabela,http://ufcstats.com/fighter-details/4fcf6e0c4e0e6664,--,6,3,0,3.74,71.0,4.9,32.0,1.75,12.0,100.0,0.0,
Miguel,http://ufcstats.com/fighter-details/82d4c957649faf9b,"74.0""",10,4,0,4.09,49.0,5.92,46.0,0.36,22.0,54.0,2.0,
Ali,http://ufcstats.com/fighter-details/3dd92ff9fb0412b3,"65.0""",15,6,0,2.85,42.0,3.09,52.0,2.51,36.0,65.0,0.3,
Mehdi,http://ufcstats.com/fighter-details/e4d2564ea0e34e2b,--,11,5,0,3.13,30.0,4.56,46.0,0.0,0.0,33.0,0.0,
Melsik,http://ufcstats.com/fighter-details/a52bc1e62cf0b7c6,"70.0""",8,3,0,5.04,59.0,3.14,56.0,0.0,0.0,72.0,0.0,
Siyar,http://ufcstats.com/fighter-details/aec185309b4843d0,"73.0""",24,8,1,2.91,40.0,3.23,49.0,1.32,61.0,62.0,0.3,
Ignacio,http://ufcstats.com/fighter-details/e4a47b07044ddd72,"75.0""",17,7,0,5.99,46.0,4.07,55.0,0.0,0.0,70.0,0.6,
Bahatebole,http://ufcstats.com/fighter-details/8f313e9c3a39c06e,"71.0""",10,1,1,4.02,45.0,4.83,61.0,1.34,66.0,100.0,0.0,
Shamar,http://ufcstats.com/fighter-details/e2b8186b618b00c4,"75.0""",16,11,0,1.56,20.0,3.91,69.0,1.5,33.0,37.0,0.0,
Jordan,http://ufcstats.com/fighter-details/34dbcd4dbaf21a36,--,6,3,0,1.74,40.0,0.29,0.0,4.35,100.0,0.0,4.3,
Scott,http://ufcstats.com/fighter-details/7d5b12de1625984e,--,1,1,0,0.0,0.0,0.0,0.0,0.0,0.0,0.0,0.0,
Bryan,http://ufcstats.com/fighter-details/898337ef520fe4d3,--,18,5,0,1.78,52.0,2.83,45.0,0.44,50.0,37.0,0.9,
Jin,http://ufcstats.com/fighter-details/371efa53bd0cf669,--,23,3,0,0.0,0.0,0.0,0.0,0.0,0.0,0.0,0.0,
,http://ufcstats.com/fighter-details/e626e92a8f2a9737,"72.0""",23,4,0,1.4,33.0,2.73,50.0,2.0,20.0,66.0,0.0,
Eros,http://ufcstats.com/fighter-details/3497f4c29654862c,--,7,0,0,0.0,0.0,0.0,0.0,0.0,0.0,0.0,0.0,
Oluwale,http://ufcstats.com/fighter-details/04b39f4e8eb59d7c,"78.0""",6,4,0,2.45,48.0,2.7,55.0,0.94,33.0,37.0,0.0,
Stephen,http://ufcstats.com/fighter-details/4c4b44e3cf5815b3,--,5,5,0,4.2,47.0,1.15,66.0,0.0,0.0,100.0,1.9,
Marcin,http://ufcstats.com/fighter-details/5c2ce761399dc9c5,--,15,7,0,0.79,50.0,5.26,23.0,0.0,0.0,0.0,0.0,
Humberto,http://ufcstats.com/fighter-details/2c2caf2f2bab9df5,"71.0""",14,7,0,2.22,41.0,4.79,41.0,2.9,46.0,62.0,0.5,
Tae Hyun,http://ufcstats.com/fighter-details/9a2d3567abc02e34,"71.0""",18,10,0,2.72,38.0,2.07,66.0,0.49,33.0,57.0,0.5,
Yohan,http://ufcstats.com/fighter-details/c50ea21fe9ef478d,--,2,1,0,0.0,0.0,0.0,0.0,0.0,0.0,0.0,0.0,
Shauna,http://ufcstats.com/fighter-details/9c442aaf149ea982,"65.0""",7,2,0,4.32,43.0,3.75,45.0,0.0,0.0,40.0,0.7,
Antonio,http://ufcstats.com/fighter-details/9ddfb3369a3b0394,"63.0""",20,11,1,2.69,33.0,3.15,58.0,1.62,62.0,86.0,0.4,
Iwo,http://ufcstats.com/fighter-details/1c23ec2f1b71be40,"73.0""",8,0,0,15.77,70.0,14.01,46.0,0.0,0.0,100.0,0.0,
Renan,http://ufcstats.com/fighter-details/2c99576fefe53c7c,"70.0""",34,9,0,3.78,36.0,3.9,57.0,1.49,41.0,91.0,0.5,
Junior,http://ufcstats.com/fighter-details/06dced58ca24a6bd,--,9,3,1,4.03,33.0,8.46,34.0,0.0,0.0,0.0,0.0,
Maycee,http://ufcstats.com/fighter-details/6a740daf1b279661,"65.0""",15,3,0,4.56,53.0,2.78,55.0,1.56,45.0,51.0,0.1,
Bryan,http://ufcstats.com/fighter-details/a331233f597090a5,"72.0""",18,12,0,5.35,48.0,4.59,44.0,0.13,22.0,50.0,0.3,
Djani,http://ufcstats.com/fighter-details/d4baaa0630bf5798,"79.0""",7,1,0,3.64,40.0,4.55,66.0,0.0,0.0,0.0,0.0,
Dione,http://ufcstats.com/fighter-details/27b388f0aab49780,"66.0""",9,4,0,2.21,45.0,2.4,64.0,2.4,44.0,63.0,1.7,
Marcio,http://ufcstats.com/fighter-details/c85bad793cd14e28,"70.0""",18,2,0,7.01,47.0,6.65,52.0,0.0,0.0,100.0,0.0,
Edson,http://ufcstats.com/fighter-details/64a50dad704d1d49,"75.0""",24,14,0,4.14,44.0,4.68,55.0,0.43,50.0,73.0,0.1,
Raoni,http://ufcstats.com/fighter-details/b9f28e7045fdfce7,"67.0""",22,5,0,4.65,51.0,4.24,60.0,2.51,31.0,87.0,0.7,
Daniel,http://ufcstats.com/fighter-details/e8fe9c15d348e778,"66.0""",17,7,0,3.65,49.0,5.95,50.0,1.93,28.0,80.0,0.6,
Danny,http://ufcstats.com/fighter-details/b7c5eb7cdbac6a63,"79.0""",9,2,0,5.81,51.0,4.65,52.0,0.0,0.0,100.0,0.0,
Luke,http://ufcstats.com/fighter-details/172c2135e70f87b7,"77.0""",13,4,0,4.43,36.0,3.87,59.0,0.63,42.0,63.0,0.4,
James,http://ufcstats.com/fighter-details/c06a5c95f1169c0b,"71.0""",14,5,0,0.57,34.0,3.02,39.0,1.08,16.0,40.0,0.0,
Nick,http://ufcstats.com/fighter-details/78a5eea49638685d,--,11,2,0,2.86,29.0,8.93,51.0,5.36,100.0,100.0,5.4,
Shonte,http://ufcstats.com/fighter-details/e575b6ff678c1aca,"76.0""",6,2,1,2.32,38.0,1.55,67.0,0.0,0.0,60.0,0.0,
Josh,http://ufcstats.com/fighter-details/ad3f53c454cbbead,"78.0""",35,8,0,3.2,50.0,2.11,57.0,1.26,55.0,55.0,1.4,
Chris,http://ufcstats.com/fighter-details/7a5e8c94a86f9895,"75.0""",23,10,0,3.36,47.0,6.55,36.0,0.0,0.0,35.0,0.0,
Chris,http://ufcstats.com/fighter-details/91e69a1c3c87325b,--,2,3,0,0.0,0.0,0.0,0.0,0.0,0.0,0.0,0.0,
David,http://ufcstats.com/fighter-details/80c0bed43da0e27b,--,17,4,1,1.17,30.0,2.1,56.0,0.0,0.0,14.0,0.7,
Phil,http://ufcstats.com/fighter-details/1652f3213655b935,"72.0""",15,18,0,2.77,45.0,3.93,40.0,1.46,47.0,60.0,0.5,
Dan,http://ufcstats.com/fighter-details/f12f979b657ab876,--,3,1,0,0.8,70.0,1.2,28.0,1.0,8.0,0.0,0.0,
Carlos,http://ufcstats.com/fighter-details/a220be6d41d6f97d,--,14,9,0,0.0,0.0,0.0,0.0,0.0,0.0,0.0,0.0,
Jose,http://ufcstats.com/fighter-details/c32eab6c2119e989,--,0,1,0,0.0,0.0,0.0,0.0,0.0,0.0,0.0,0.0,
Peter,http://ufcstats.com/fighter-details/d21113c9ff3788ae,"73.0""",11,5,0,4.18,61.0,4.32,42.0,1.39,22.0,66.0,0.0,
Marc-Andre,http://ufcstats.com/fighter-details/8e9eb3fc86db0f7d,"74.0""",17,11,0,5.65,47.0,5.94,49.0,0.34,28.0,68.0,0.1,
David,http://ufcstats.com/fighter-details/e6015889f50075d2,--,4,8,0,0.0,0.0,0.0,0.0,0.0,0.0,0.0,0.0,
Alexandre,http://ufcstats.com/fighter-details/8fd1f27e86661ede,--,22,11,0,0.98,40.0,4.05,36.0,1.84,50.0,100.0,0.0,
Ricardo,http://ufcstats.com/fighter-details/d26394fc0e8e880a,--,2,2,0,0.0,0.0,8.22,31.0,0.0,0.0,100.0,0.0,
Francimar,http://ufcstats.com/fighter-details/b69f24c500d783e7,"75.0""",19,7,0,2.77,52.0,3.07,59.0,2.22,24.0,83.0,0.0,
Pat,http://ufcstats.com/fighter-details/658c3465581ae46b,"74.0""",8,7,0,2.72,52.0,3.54,59.0,0.0,0.0,76.0,0.2,
Dean,http://ufcstats.com/fighter-details/a6f3d15cb84334bb,"72.0""",4,2,0,9.31,40.0,4.66,51.0,0.0,0.0,100.0,0.0,
Enrique,http://ufcstats.com/fighter-details/be0b310a12eb80b4,"70.0""",17,5,2,3.91,41.0,2.97,68.0,4.2,45.0,66.0,0.3,
Javid,http://ufcstats.com/fighter-details/bbab3baf66128ae2,"69.0""",15,2,0,5.18,54.0,2.75,63.0,1.83,40.0,83.0,0.1,
Farid,http://ufcstats.com/fighter-details/a09ed60aa67a3f67,"71.0""",15,0,0,4.25,52.0,2.89,62.0,3.34,44.0,54.0,0.3,
Austin,http://ufcstats.com/fighter-details/d3f89fa685bd8420,"70.0""",14,1,0,1.75,47.0,2.34,48.0,7.81,41.0,62.0,1.7,
Stephen,http://ufcstats.com/fighter-details/1cecc8fe6748a532,--,11,2,0,4.87,52.0,5.87,55.0,0.0,0.0,0.0,0.0,
Sean,http://ufcstats.com/fighter-details/2c733e059462c1dc,--,0,4,0,0.0,0.0,0.0,0.0,0.0,0.0,0.0,0.0,
Ryan,http://ufcstats.com/fighter-details/29508aff4d93cbbe,--,6,7,0,0.0,0.0,0.0,0.0,0.0,0.0,0.0,0.0,
Shayna,http://ufcstats.com/fighter-details/8ef4a91ac694b7ce,--,15,11,0,2.49,30.0,6.36,51.0,0.67,18.0,44.0,1.3,
Namsrai,http://ufcstats.com/fighter-details/e1f8beeb6d2d871a,"68.0""",9,1,0,3.5,39.0,3.58,45.0,2.15,25.0,0.0,1.1,
Michel,http://ufcstats.com/fighter-details/34218661c44ed55d,--,4,1,0,0.0,0.0,4.03,40.0,6.72,50.0,0.0,0.0,
Bryan,http://ufcstats.com/fighter-details/f626118b6da0e020,"77.0""",13,2,0,5.12,52.0,4.11,44.0,0.77,17.0,53.0,0.4,
Alan,http://ufcstats.com/fighter-details/c9a94278df042f46,"79.0""",8,3,0,5.36,58.0,4.82,46.0,0.0,0.0,62.0,0.0,
Mario,http://ufcstats.com/fighter-details/bc711b6dd95c1af6,"69.0""",17,3,0,5.3,48.0,3.98,54.0,1.91,38.0,55.0,0.8,
Chris,http://ufcstats.com/fighter-details/55f446032177b119,"69.0""",10,5,0,3.45,35.0,3.18,61.0,1.6,58.0,78.0,0.2,
Donovan,http://ufcstats.com/fighter-details/3a6ac598320ca7f2,"78.0""",7,2,0,0.0,0.0,5.77,28.0,0.0,0.0,0.0,0.0,
Rudy,http://ufcstats.com/fighter-details/74f13066b1417ef3,--,16,15,0,1.27,29.0,2.53,50.0,0.0,0.0,0.0,0.0,
Salvador,http://ufcstats.com/fighter-details/4fd76e7ba8313457,--,5,2,0,4.57,31.0,3.83,58.0,0.0,0.0,66.0,0.0,
Ariel,http://ufcstats.com/fighter-details/b96939f2b8d88e82,"66.0""",4,5,0,4.44,34.0,4.31,64.0,0.0,0.0,0.0,0.0,
Jack,http://ufcstats.com/fighter-details/b5a379583673510a,"71.0""",13,6,0,1.01,39.0,5.82,26.0,1.68,50.0,0.0,0.0,
Jeff,http://ufcstats.com/fighter-details/93bf96be327fcd98,--,13,3,0,0.8,51.0,0.0,100.0,3.43,66.0,100.0,2.6,
Eric,http://ufcstats.com/fighter-details/ce05955c26c3c090,--,6,7,0,6.37,35.0,8.54,52.0,0.0,0.0,0.0,0.0,
Johnny,http://ufcstats.com/fighter-details/ffc3e6daaa6da0b7,"71.0""",21,13,1,4.53,50.0,1.75,63.0,1.83,62.0,62.0,0.0,
Rolando,http://ufcstats.com/fighter-details/40a456a25d52ee65,"74.0""",14,5,0,6.23,47.0,5.5,52.0,0.0,0.0,75.0,0.2,
Chase,http://ufcstats.com/fighter-details/b16a7e6a627e9789,"67.0""",24,13,1,2.17,38.0,1.64,69.0,2.49,42.0,41.0,0.9,
Lyle,http://ufcstats.com/fighter-details/babc6b5745335f18,--,24,3,0,1.98,55.0,1.61,54.0,2.1,23.0,64.0,0.3,
Allan,http://ufcstats.com/fighter-details/d6ed764f8b78d32a,"66.0""",7,2,1,1.8,40.0,7.73,34.0,0.0,0.0,25.0,2.0,
Azamat,http://ufcstats.com/fighter-details/3bc3f60b21cddc6a,"72.0""",20,5,0,4.57,52.0,6.83,31.0,3.48,43.0,62.0,0.0,
Mirsad,http://ufcstats.com/fighter-details/cbd3e590a85b18c5,"70.0""",13,4,0,2.43,41.0,1.8,57.0,3.98,52.0,92.0,0.4,
Diana,http://ufcstats.com/fighter-details/d7e40dca3ae125be,"68.0""",15,10,0,6.45,41.0,6.55,51.0,0.86,62.0,64.0,0.0,
Alan,http://ufcstats.com/fighter-details/4130a743d9d22163,"75.0""",18,8,0,2.7,41.0,3.1,59.0,0.44,26.0,55.0,0.9,
Vitor,http://ufcstats.com/fighter-details/0ee783aa00e468f0,"74.0""",26,14,0,1.59,46.0,2.83,50.0,1.02,60.0,53.0,0.6,
Yousri,http://ufcstats.com/fighter-details/7674b836ce0698a0,"79.0""",10,3,0,6.1,64.0,2.17,63.0,0.29,100.0,66.0,0.0,
Rodolfo,http://ufcstats.com/fighter-details/69898645d600abdb,"75.0""",13,3,1,5.37,60.0,5.86,46.0,1.38,35.0,94.0,0.2,
Danilo,http://ufcstats.com/fighter-details/c3f6db17cea09ca7,"74.0""",12,5,0,1.52,61.0,4.79,41.0,3.5,100.0,50.0,0.0,
Joey,http://ufcstats.com/fighter-details/46baf0f57edfa4df,"75.0""",17,14,0,4.92,36.0,5.27,54.0,0.48,18.0,75.0,0.0,
Marco,http://ufcstats.com/fighter-details/ec71a892fada28c7,"69.0""",8,6,0,2.07,37.0,1.93,63.0,0.7,50.0,46.0,0.2,
Joseph,http://ufcstats.com/fighter-details/80eacd4da0617c57,"65.0""",28,8,0,3.52,34.0,2.67,61.0,1.41,30.0,62.0,0.6,
Mike,http://ufcstats.com/fighter-details/a71feb7ea7592a71,--,1,2,0,0.0,0.0,3.32,53.0,0.0,0.0,0.0,0.0,
Dave,http://ufcstats.com/fighter-details/9fd1f08dd4aec14a,--,6,5,1,0.0,0.0,0.0,0.0,0.0,0.0,0.0,0.0,
Karla,http://ufcstats.com/fighter-details/6104730621ff318d,--,14,11,1,0.0,0.0,2.4,57.0,0.0,0.0,100.0,0.0,
Gabriel,http://ufcstats.com/fighter-details/436f970c9ea9169c,"71.0""",23,13,0,5.26,41.0,4.49,63.0,0.22,50.0,55.0,0.9,
Charles,http://ufcstats.com/fighter-details/8dc4f34c1f50d00d,--,30,33,2,1.39,39.0,1.35,64.0,2.02,100.0,36.0,2.0,
Josh,http://ufcstats.com/fighter-details/c3ac8d0da7b05772,--,11,14,0,2.9,40.0,5.8,43.0,1.5,100.0,100.0,0.0,
DeAnna,http://ufcstats.com/fighter-details/404ecb2700844072,"68.0""",8,3,1,3.13,58.0,3.27,58.0,0.0,0.0,0.0,1.0,
Benjamin,http://ufcstats.com/fighter-details/7030c27fc9778964,"73.0""",7,1,0,4.53,54.0,4.53,65.0,6.0,60.0,0.0,0.0,
Lance,http://ufcstats.com/fighter-details/5431dccc09118234,"72.0""",7,2,0,3.68,51.0,2.7,56.0,1.5,33.0,61.0,0.0,
Joe,http://ufcstats.com/fighter-details/a30f6d375dea5f9b,--,11,4,0,0.0,0.0,0.0,100.0,0.0,0.0,0.0,0.0,
Ryan,http://ufcstats.com/fighter-details/20999e27ddd94bda,"68.0""",10,8,0,2.88,39.0,3.65,58.0,0.28,22.0,72.0,0.4,
Pat,http://ufcstats.com/fighter-details/a25f3dc0df974597,--,3,5,3,0.0,0.0,0.0,0.0,0.0,0.0,0.0,0.0,
Len,http://ufcstats.com/fighter-details/592d23aed850e652,--,10,6,0,0.0,0.0,0.0,0.0,0.0,0.0,0.0,0.0,
Steve,http://ufcstats.com/fighter-details/21b1132949f2a9b0,--,21,23,2,1.0,27.0,3.26,36.0,0.84,40.0,16.0,1.7,
Kenneth,http://ufcstats.com/fighter-details/aa8189053b3a8994,"74.0""",8,0,0,4.56,75.0,1.27,28.0,0.0,0.0,0.0,0.0,
Bret,http://ufcstats.com/fighter-details/2891c9f7b26b26fc,--,6,1,1,2.78,52.0,2.78,37.0,4.17,100.0,50.0,4.2,
Keith,http://ufcstats.com/fighter-details/e3779ef06e98f185,--,5,1,0,3.58,36.0,4.81,62.0,1.76,40.0,0.0,0.0,
Dennis,http://ufcstats.com/fighter-details/6f242453c91a5af0,"66.0""",17,9,0,4.42,46.0,3.07,59.0,3.89,40.0,82.0,1.1,
Manny,http://ufcstats.com/fighter-details/2dc1bc1a02961656,"71.0""",14,2,0,2.92,61.0,2.68,46.0,3.06,54.0,0.0,3.1,
Talita,http://ufcstats.com/fighter-details/5b2325cd70dbe2ea,"68.0""",6,4,0,3.12,42.0,4.04,55.0,1.62,22.0,28.0,0.5,
Dave,http://ufcstats.com/fighter-details/b3bbe88fecd6a0d2,--,0,1,0,0.0,0.0,0.0,0.0,0.0,0.0,0.0,0.0,
Keith,http://ufcstats.com/fighter-details/0b935b9bbbe5fc07,--,15,14,1,0.27,12.0,6.27,28.0,0.0,0.0,0.0,0.0,
Dieusel,http://ufcstats.com/fighter-details/0db70ca89e1c7374,--,0,3,0,0.0,0.0,0.0,0.0,0.0,0.0,0.0,0.0,
Edson,http://ufcstats.com/fighter-details/66766984842c13dc,--,17,12,1,1.76,36.0,4.62,47.0,5.47,40.0,0.0,2.7,
Allen,http://ufcstats.com/fighter-details/aebfb84d1f6d2d8c,--,4,3,0,0.92,80.0,0.92,33.0,6.87,100.0,0.0,3.4,
Anton,http://ufcstats.com/fighter-details/8ba8e8d7eafa7267,--,5,1,0,4.4,46.0,6.8,67.0,2.0,28.0,0.0,1.0,
Scott,http://ufcstats.com/fighter-details/3f24c96753dbd9f9,--,4,6,0,0.0,0.0,0.0,0.0,0.0,0.0,0.0,0.0,
Matt,http://ufcstats.com/fighter-details/0b8d512c79b4baf3,"70.0""",22,9,0,4.36,41.0,4.45,58.0,0.64,28.0,61.0,0.3,
Khadzhi,http://ufcstats.com/fighter-details/e05f4ce199baca91,"76.0""",10,4,0,6.15,29.0,10.0,43.0,0.0,0.0,0.0,0.0,
Fernando,http://ufcstats.com/fighter-details/a524710c3ef918fa,--,7,5,0,0.0,0.0,0.0,0.0,0.0,0.0,0.0,0.0,
Arjan,http://ufcstats.com/fighter-details/7e511f8d842a109d,"75.0""",9,1,0,2.33,56.0,3.25,59.0,1.73,75.0,100.0,0.0,
KB,http://ufcstats.com/fighter-details/9cd047a828dd7515,"78.0""",8,2,0,4.31,49.0,5.39,45.0,0.0,0.0,0.0,0.0,
Magomed,http://ufcstats.com/fighter-details/87f19d19f4cb73f8,"65.0""",14,2,0,3.6,51.0,1.83,52.0,2.85,40.0,75.0,0.0,
David,http://ufcstats.com/fighter-details/1efa064872f089d0,"71.0""",24,12,0,1.11,57.0,1.64,54.0,2.65,63.0,14.0,0.0,
Blake,http://ufcstats.com/fighter-details/5095b0920a3602aa,"68.0""",8,2,1,3.81,48.0,4.15,53.0,0.31,7.0,71.0,0.6,
Jonas,http://ufcstats.com/fighter-details/ebbf571f349e79d9,"75.0""",9,1,1,3.71,60.0,3.36,57.0,0.0,0.0,100.0,0.0,
Jeremiah,http://ufcstats.com/fighter-details/b3b6e80b7d5f8f0d,--,11,2,0,1.6,62.0,7.06,35.0,0.0,0.0,50.0,0.0,
Scott,http://ufcstats.com/fighter-details/53f02bbc41d99432,--,7,9,1,0.0,0.0,0.0,0.0,0.0,0.0,0.0,0.0,
Anthony,http://ufcstats.com/fighter-details/c5a126ace82a6025,"69.0""",16,8,0,3.93,36.0,3.67,56.0,0.48,14.0,61.0,0.5,
Chris,http://ufcstats.com/fighter-details/8a22c6b4d29880a3,--,7,4,0,9.35,46.0,14.83,35.0,0.0,0.0,0.0,0.0,
Angad,http://ufcstats.com/fighter-details/7b4ae3fd439a05b6,"67.0""",10,3,0,3.91,51.0,4.56,33.0,2.41,37.0,100.0,0.0,
Michael,http://ufcstats.com/fighter-details/2b93ebd9f5417ad2,"75.0""",30,9,0,4.33,38.0,2.71,65.0,1.05,43.0,63.0,0.3,
Amaury,http://ufcstats.com/fighter-details/7a359ef685a304a7,--,5,2,0,0.0,0.0,0.0,0.0,0.0,0.0,0.0,0.0,
Caio,http://ufcstats.com/fighter-details/a653cb5eb4b39339,"75.0""",14,7,0,0.29,16.0,0.57,33.0,0.0,0.0,0.0,0.0,
Davi,http://ufcstats.com/fighter-details/dd6ec6f941c3a414,"65.0""",14,4,0,4.15,66.0,1.51,46.0,14.15,33.0,0.0,0.0,
Simon,http://ufcstats.com/fighter-details/27ab7257bf6a3b65,--,7,1,0,0.0,0.0,0.0,0.0,0.0,0.0,0.0,0.0,
Jan,http://ufcstats.com/fighter-details/99df7d0a2a08a8a8,"78.0""",29,11,2,3.55,50.0,3.14,52.0,0.98,48.0,69.0,0.4,
Jason,http://ufcstats.com/fighter-details/b2f743746e8dcfa2,--,23,4,1,1.06,47.0,2.6,45.0,0.48,33.0,28.0,6.2,
Brad,http://ufcstats.com/fighter-details/7e69a4b0961aa555,"73.0""",18,13,1,4.55,35.0,3.59,65.0,0.93,50.0,76.0,0.7,
Jason,http://ufcstats.com/fighter-details/619d807fa54ae8f7,--,3,3,0,0.0,0.0,0.0,0.0,0.0,0.0,0.0,0.0,
Tom,http://ufcstats.com/fighter-details/2adb11835acd815b,--,10,7,0,2.91,61.0,2.55,46.0,0.0,0.0,75.0,0.0,
Sherrard,http://ufcstats.com/fighter-details/0e5c79b3594ff0ad,"75.0""",5,1,0,3.7,49.0,3.13,55.0,4.0,33.0,42.0,0.0,
Da'Mon,http://ufcstats.com/fighter-details/da22387a0407a2dc,"72.0""",17,8,1,4.33,45.0,4.19,52.0,1.48,33.0,71.0,1.5,
Chasen,http://ufcstats.com/fighter-details/0f4a536507f33576,"71.0""",7,4,0,4.31,39.0,5.39,55.0,0.0,0.0,100.0,0.0,
Erin,http://ufcstats.com/fighter-details/669970f7feba8ecd,"66.0""",14,2,0,5.24,44.0,4.25,58.0,1.96,34.0,78.0,0.9,
Maximo,http://ufcstats.com/fighter-details/4a1329cc8eb0928a,"71.0""",12,8,1,4.11,44.0,3.19,66.0,1.85,36.0,63.0,0.3,
David,http://ufcstats.com/fighter-details/ebf298f8ac7e232b,--,2,0,0,0.0,0.0,0.0,0.0,0.0,0.0,0.0,0.0,
Curtis,http://ufcstats.com/fighter-details/fa6796c55d6c5440,"80.0""",19,6,0,4.18,52.0,2.76,53.0,5.12,47.0,35.0,0.0,
Tereza,http://ufcstats.com/fighter-details/59c438c81fbf3ece,"71.0""",7,2,0,2.92,51.0,2.14,43.0,1.72,22.0,83.0,0.7,
Arlene,http://ufcstats.com/fighter-details/35d6337320a4ae48,--,9,6,0,2.31,43.0,2.1,43.0,0.0,0.0,55.0,0.6,
Byron,http://ufcstats.com/fighter-details/ecdf14f4f8643d39,--,6,3,0,1.82,28.0,5.18,50.0,0.0,0.0,0.0,0.0,
Bo,http://ufcstats.com/fighter-details/2d85fcb4468c30d7,--,22,8,0,0.0,0.0,0.0,0.0,0.0,0.0,0.0,0.0,
Dashawn,http://ufcstats.com/fighter-details/046a85108610c0d2,--,3,1,0,0.0,0.0,52.5,12.0,0.0,0.0,0.0,0.0,
Dan,http://ufcstats.com/fighter-details/f348d05403fad037,--,17,9,0,2.06,44.0,1.74,34.0,2.44,42.0,0.0,1.6,
Mark,http://ufcstats.com/fighter-details/cf9d24e4bd0cf2ce,"75.0""",12,5,0,2.34,43.0,2.32,60.0,3.65,36.0,31.0,1.3,
Kyle,http://ufcstats.com/fighter-details/c5af5750e8bae4f0,"70.0""",8,5,0,2.63,31.0,5.11,58.0,1.14,15.0,62.0,0.0,
James,http://ufcstats.com/fighter-details/984d15d5dc7bfcf9,"81.0""",8,3,0,0.65,26.0,3.64,21.0,0.0,0.0,0.0,0.0,
Jeremy,http://ufcstats.com/fighter-details/1afd74f8cb0719f3,--,0,2,0,0.0,0.0,0.0,0.0,0.0,0.0,0.0,0.0,
Tim,http://ufcstats.com/fighter-details/c80095f6092271a7,"74.0""",21,13,0,2.93,50.0,2.9,57.0,1.45,34.0,59.0,0.8,
Galore,http://ufcstats.com/fighter-details/8a56ea383fd26e52,"72.0""",5,3,0,3.63,45.0,3.63,54.0,2.37,100.0,50.0,0.0,
Jay,http://ufcstats.com/fighter-details/53c21779d84ceb75,--,6,6,0,0.0,0.0,0.0,0.0,0.0,0.0,0.0,0.0,
Roman,http://ufcstats.com/fighter-details/d61316139d68dbe3,"73.0""",10,1,0,3.33,42.0,4.4,44.0,1.0,9.0,50.0,0.0,
Derek,http://ufcstats.com/fighter-details/70a1c7626b5e0599,--,8,5,0,0.0,0.0,0.0,0.0,0.0,0.0,0.0,0.0,
Jerry,http://ufcstats.com/fighter-details/93892752c5fc23ca,--,11,4,0,0.0,0.0,0.0,0.0,0.0,0.0,0.0,0.0,
Mandy,http://ufcstats.com/fighter-details/297a2b35444c245b,"71.0""",8,2,0,2.51,45.0,3.24,60.0,0.72,18.0,75.0,0.7,
Kotetsu,http://ufcstats.com/fighter-details/d227958e8a0c1466,--,25,11,2,2.47,42.0,2.8,53.0,0.0,0.0,0.0,0.0,
Gaston,http://ufcstats.com/fighter-details/96924b0019b3aff1,"69.0""",8,5,0,3.28,49.0,2.4,50.0,0.66,100.0,42.0,0.0,
Otgonbaatar,http://ufcstats.com/fighter-details/3f773caad71c4131,--,6,0,0,0.0,0.0,0.0,0.0,0.0,0.0,0.0,0.0,
Kyle,http://ufcstats.com/fighter-details/9d455d5cfe6a0e35,--,8,4,0,7.27,52.0,7.27,45.0,0.0,0.0,0.0,0.0,
Denys,http://ufcstats.com/fighter-details/2526be54e6a0e62a,"69.0""",14,5,0,4.59,50.0,5.16,56.0,3.99,58.0,62.0,0.0,
Luc,http://ufcstats.com/fighter-details/8691881b31c16b88,--,5,2,2,3.35,51.0,2.04,62.0,0.0,0.0,0.0,1.8,
Tony,http://ufcstats.com/fighter-details/702a72aa7a266d86,--,16,3,1,0.62,33.0,12.62,10.0,0.0,0.0,0.0,0.0,
Gabriel,http://ufcstats.com/fighter-details/01641ba5df0c69b0,"72.0""",19,1,0,4.61,46.0,3.68,63.0,3.6,55.0,76.0,1.4,
Ismael,http://ufcstats.com/fighter-details/eb393afdbe3293d5,"71.0""",20,6,0,5.51,54.0,3.71,65.0,1.06,33.0,76.0,0.0,
Jesse,http://ufcstats.com/fighter-details/934de214814b8ff4,--,16,5,1,2.91,62.0,1.01,50.0,1.51,33.0,33.0,0.0,
Marcos,http://ufcstats.com/fighter-details/d311fbefff44a39b,--,4,4,0,0.47,12.0,0.47,94.0,0.0,0.0,0.0,0.0,
Stephan,http://ufcstats.com/fighter-details/c6a33ff198aaaeeb,"79.0""",15,9,0,2.76,38.0,3.01,52.0,1.32,40.0,60.0,1.0,
Rogerio,http://ufcstats.com/fighter-details/07a2bdaa0afdd831,"67.0""",16,4,0,2.63,52.0,3.27,50.0,2.9,60.0,51.0,1.0,
Ray,http://ufcstats.com/fighter-details/a4de54ea806fb525,"63.0""",13,5,0,1.52,52.0,1.93,48.0,3.89,50.0,46.0,1.0,
Igor,http://ufcstats.com/fighter-details/0313bf497de9c470,--,1,1,0,0.0,0.0,0.0,0.0,0.0,0.0,0.0,0.0,
Kevin,http://ufcstats.com/fighter-details/34b96d52db1d26e6,"68.0""",10,5,0,3.96,44.0,5.64,49.0,0.0,0.0,70.0,0.0,
Calen,http://ufcstats.com/fighter-details/3c85e04b08a05751,"72.0""",7,1,0,0.0,0.0,0.0,0.0,0.0,0.0,0.0,0.0,
Caio,http://ufcstats.com/fighter-details/4126a78111c0855a,"75.0""",18,2,0,3.47,56.0,2.61,60.0,1.25,50.0,76.0,0.4,
Zachary,http://ufcstats.com/fighter-details/b8fdb2903a2582a8,"78.0""",3,1,0,0.0,0.0,1.94,33.0,0.0,0.0,0.0,0.0,
Viacheslav,http://ufcstats.com/fighter-details/19c591115a58982c,"69.0""",8,7,1,5.1,50.0,4.46,57.0,0.0,0.0,43.0,0.1,
Tanner,http://ufcstats.com/fighter-details/04c8b08b16a5b99e,"75.0""",22,11,1,4.82,53.0,3.0,57.0,0.0,0.0,69.0,0.0,
Steve,http://ufcstats.com/fighter-details/e023fa2e648ea0f1,"72.0""",12,2,0,5.99,52.0,5.38,50.0,0.92,33.0,100.0,0.0,
Marcus,http://ufcstats.com/fighter-details/e8fb8e53bc2e29d6,--,1,3,0,0.0,0.0,0.0,0.0,0.0,0.0,0.0,0.0,
Chris,http://ufcstats.com/fighter-details/239224bedeb2c7a4,--,6,3,0,0.0,0.0,0.0,0.0,0.0,0.0,0.0,0.0,
Poliana,http://ufcstats.com/fighter-details/5c126c6aac3ef364,"67.0""",8,5,0,2.9,58.0,2.8,54.0,0.85,57.0,76.0,0.0,
Francois,http://ufcstats.com/fighter-details/545d549d6bf87187,--,0,1,0,0.0,0.0,1.05,77.0,0.0,0.0,0.0,0.0,
Ilian,http://ufcstats.com/fighter-details/d5e929c26f25f0d3,"78.0""",7,0,0,2.0,47.0,1.67,65.0,0.0,0.0,100.0,0.0,
Gregory,http://ufcstats.com/fighter-details/59851163aaf1aed8,--,5,4,0,0.27,21.0,1.53,36.0,0.0,0.0,50.0,0.0,
Roy,http://ufcstats.com/fighter-details/2aaf0181432adf0b,--,14,8,0,0.0,0.0,0.0,0.0,0.0,0.0,0.0,0.0,
Rich,http://ufcstats.com/fighter-details/611b9c068c9e2c44,--,1,4,0,0.0,0.0,0.0,0.0,0.0,0.0,0.0,0.0,
Mike,http://ufcstats.com/fighter-details/dfdd0c5dd0d4bc23,--,10,16,1,0.0,0.0,0.0,0.0,0.0,0.0,0.0,0.0,
Jess,http://ufcstats.com/fighter-details/38b1417ec17072da,--,3,2,0,0.0,0.0,0.0,0.0,0.0,0.0,0.0,0.0,
Tai,http://ufcstats.com/fighter-details/2efbc83a6b9b7f86,--,1,1,0,0.0,0.0,0.0,0.0,0.0,0.0,0.0,0.0,
Melton,http://ufcstats.com/fighter-details/81ca2c245b19b3c5,--,0,1,0,0.0,0.0,0.0,0.0,0.0,0.0,0.0,0.0,
Kyron,http://ufcstats.com/fighter-details/5488b3c67600333a,"73.0""",9,5,0,2.73,57.0,2.05,40.0,0.0,0.0,0.0,0.0,
Brian,http://ufcstats.com/fighter-details/b26d3e3746fb4024,"70.0""",10,3,0,2.36,26.0,2.98,64.0,1.39,70.0,54.0,1.4,
Roger,http://ufcstats.com/fighter-details/3b9f723e2720a238,"68.0""",12,6,0,3.9,47.0,3.86,51.0,3.09,43.0,27.0,0.9,
Blake,http://ufcstats.com/fighter-details/a95a0504fd73bd3e,--,2,6,0,0.0,0.0,0.0,0.0,0.0,0.0,0.0,0.0,
Ashe,http://ufcstats.com/fighter-details/8a0a35e7c74bebcc,--,9,11,0,2.43,42.0,4.86,57.0,0.0,0.0,0.0,0.0,
Anvar,http://ufcstats.com/fighter-details/4a191f4ea2fce7fc,--,3,1,0,0.0,0.0,7.83,29.0,0.0,0.0,0.0,0.0,
Colley,http://ufcstats.com/fighter-details/1433786ac76cf777,--,0,1,0,0.43,25.0,1.73,50.0,19.42,50.0,100.0,0.0,
Kyle,http://ufcstats.com/fighter-details/a6959da32f0e6b5d,"71.0""",19,12,0,1.99,40.0,3.45,58.0,0.65,50.0,40.0,0.0,
Paul,http://ufcstats.com/fighter-details/c7011de4765d2497,--,23,8,0,2.26,32.0,4.13,56.0,1.12,16.0,100.0,0.0,
Sean,http://ufcstats.com/fighter-details/45f7cb591c3ab00b,"72.0""",18,2,0,3.96,55.0,3.05,59.0,3.53,53.0,86.0,0.9,
Ebenezer Fontes,http://ufcstats.com/fighter-details/dc950d59dc590aca,--,13,7,2,2.42,50.0,0.42,71.0,0.0,0.0,90.0,0.6,
Ramiz,http://ufcstats.com/fighter-details/3d074044a33825e7,"72.0""",13,6,0,2.29,48.0,3.27,47.0,1.99,34.0,44.0,1.6,
Adam,http://ufcstats.com/fighter-details/3c99bd6cb5d835ef,"70.0""",13,3,0,7.65,45.0,8.05,33.0,0.0,0.0,100.0,0.0,
Joe,http://ufcstats.com/fighter-details/013da757877044a2,--,7,3,1,2.15,31.0,2.8,56.0,0.81,50.0,50.0,0.0,
David,http://ufcstats.com/fighter-details/d2c55d1d2e67773b,"78.0""",22,6,0,1.66,39.0,1.91,56.0,2.55,32.0,43.0,0.0,
Billy,http://ufcstats.com/fighter-details/edae6db2b3453632,"65.0""",5,2,0,2.86,25.0,8.57,40.0,0.0,0.0,75.0,0.0,
Diego,http://ufcstats.com/fighter-details/c2e3e67b5911bfb7,"64.0""",22,11,0,2.94,47.0,3.38,62.0,3.21,68.0,80.0,0.6,
Bruna,http://ufcstats.com/fighter-details/7138a15258dabf20,"65.0""",11,7,1,2.56,57.0,3.75,52.0,1.23,52.0,57.0,0.1,
Michael,http://ufcstats.com/fighter-details/dc63542668295c23,--,7,4,0,0.0,0.0,0.0,0.0,0.0,0.0,0.0,0.0,
Martin,http://ufcstats.com/fighter-details/9c44f290f5726d95,"71.0""",11,3,0,7.66,39.0,5.72,51.0,2.6,35.0,85.0,0.0,
Roman,http://ufcstats.com/fighter-details/37ce890a4670b287,--,0,1,0,0.0,0.0,0.0,0.0,0.0,0.0,0.0,0.0,
Mike,http://ufcstats.com/fighter-details/d80ee110748171ac,"70.0""",11,6,0,5.75,45.0,7.28,42.0,0.98,30.0,67.0,0.0,
Tom,http://ufcstats.com/fighter-details/1588b787bda7b540,"73.0""",12,3,0,3.34,50.0,2.81,60.0,0.0,0.0,70.0,1.1,
Elves,http://ufcstats.com/fighter-details/48a9a128784d53d1,"72.0""",16,6,0,4.76,47.0,5.86,50.0,0.99,16.0,76.0,0.0,
Chris,http://ufcstats.com/fighter-details/b19fc66613dc75b9,--,21,13,1,0.6,40.0,0.97,50.0,0.0,0.0,25.0,2.1,
Lucas,http://ufcstats.com/fighter-details/33a8708747b7f943,"72.0""",11,3,0,0.6,25.0,2.2,52.0,0.0,0.0,33.0,1.0,
Charlie,http://ufcstats.com/fighter-details/98f6da59d765ec94,"70.0""",19,8,0,1.52,56.0,1.55,46.0,4.23,42.0,72.0,0.0,
Robert,http://ufcstats.com/fighter-details/e319d6697d41f3cf,--,3,9,0,2.21,46.0,3.5,66.0,1.38,100.0,50.0,0.0,
Mack,http://ufcstats.com/fighter-details/106a925d947a0de9,--,0,1,0,0.0,0.0,6.67,36.0,0.0,0.0,0.0,0.0,
Marcos,http://ufcstats.com/fighter-details/11547e29f253fb89,"76.0""",11,1,0,3.07,43.0,3.27,25.0,0.0,0.0,36.0,0.0,
Jason,http://ufcstats.com/fighter-details/497ba5b12a4bfc47,"71.0""",22,6,1,2.66,40.0,1.78,65.0,2.37,25.0,25.0,1.3,
Marcus,http://ufcstats.com/fighter-details/81801f57bd0a7c41,"71.0""",7,7,0,3.97,35.0,3.64,56.0,0.56,100.0,80.0,0.0,
Aaron,http://ufcstats.com/fighter-details/cf1a88371c8cb690,--,26,26,0,3.49,42.0,5.71,57.0,0.0,0.0,0.0,0.0,
Henry,http://ufcstats.com/fighter-details/01fcef7e3d051722,"69.0""",16,8,1,3.47,42.0,4.68,53.0,0.0,0.0,52.0,0.6,
Marcelo,http://ufcstats.com/fighter-details/3a97fda0de6f1fa4,--,13,8,0,0.6,20.0,3.53,55.0,0.0,0.0,50.0,0.0,
Joanderson,http://ufcstats.com/fighter-details/791c8437b341fba5,"72.0""",18,5,1,2.43,51.0,2.32,44.0,3.38,67.0,47.0,1.1,
Kaik,http://ufcstats.com/fighter-details/b07f14fc0e53f8bd,"72.0""",16,5,0,2.8,38.0,3.87,55.0,0.0,0.0,55.0,2.0,
Icaro,http://ufcstats.com/fighter-details/06dd61c8d545c63f,--,7,1,0,0.0,0.0,0.0,0.0,0.0,0.0,0.0,0.0,
Antwain,http://ufcstats.com/fighter-details/2833f50b20e96e52,"77.0""",11,6,0,1.46,39.0,2.81,44.0,1.56,40.0,50.0,0.0,
Drew,http://ufcstats.com/fighter-details/aa571d75f80fde7d,--,16,6,0,0.0,0.0,0.0,0.0,0.0,0.0,0.0,0.0,
Mike,http://ufcstats.com/fighter-details/df3c39573d01f55b,--,18,9,1,1.13,34.0,2.54,37.0,0.0,0.0,33.0,0.0,
Jonathan,http://ufcstats.com/fighter-details/b0a6124751a56bc4,"74.0""",16,10,0,2.69,39.0,3.63,56.0,1.94,17.0,80.0,0.3,
Will,http://ufcstats.com/fighter-details/b6e6c3b1dcaae0a1,"72.0""",18,4,0,4.26,59.0,2.54,56.0,2.08,51.0,82.0,0.3,
Jarred,http://ufcstats.com/fighter-details/81d9df19e255b8b6,"62.0""",13,2,0,2.12,46.0,1.66,62.0,4.54,57.0,69.0,0.6,
Rob,http://ufcstats.com/fighter-details/a7d687e6ecb30981,"74.0""",16,7,1,2.83,60.0,2.54,51.0,0.0,0.0,26.0,3.2,
Lee,http://ufcstats.com/fighter-details/0974d8d4053a7237,--,5,3,0,0.0,0.0,0.0,0.0,0.0,0.0,0.0,0.0,
Matt,http://ufcstats.com/fighter-details/31123249b0bbf52e,"75.0""",26,19,0,3.76,55.0,2.92,55.0,1.68,46.0,63.0,1.3,
Mike,http://ufcstats.com/fighter-details/e0b74df14f52cd15,"70.0""",26,9,0,2.98,44.0,2.45,60.0,3.23,40.0,66.0,0.6,
Dominic,http://ufcstats.com/fighter-details/52b3ec072ad497a4,--,16,23,0,0.0,0.0,0.0,0.0,0.0,0.0,0.0,0.0,
Todd,http://ufcstats.com/fighter-details/9b68bf67c5695185,--,16,4,0,2.15,45.0,3.85,48.0,0.0,0.0,50.0,0.0,
Terrell,http://ufcstats.com/fighter-details/85df85a4e276c90e,--,3,1,0,0.0,0.0,0.0,0.0,0.0,0.0,0.0,0.0,
Chris,http://ufcstats.com/fighter-details/9e2624ac992660c6,--,10,1,0,0.0,0.0,0.0,0.0,0.0,0.0,0.0,0.0,
Frederick,http://ufcstats.com/fighter-details/880c6b788266a3ef,--,3,2,0,0.0,0.0,0.0,0.0,0.0,0.0,0.0,0.0,
Randy,http://ufcstats.com/fighter-details/c6aee362c7a7d482,"78.0""",20,8,0,4.39,47.0,3.35,53.0,0.71,34.0,74.0,0.5,
Damien,http://ufcstats.com/fighter-details/d024ed963e8bf7ea,"68.0""",17,12,0,3.66,38.0,4.86,50.0,0.68,27.0,53.0,0.7,
TJ,http://ufcstats.com/fighter-details/d31cbcdd7d69536d,"72.0""",17,11,0,3.37,44.0,2.89,49.0,3.41,57.0,36.0,1.3,
Humberto,http://ufcstats.com/fighter-details/e9e7e1c8ff289e1b,--,4,6,0,1.71,50.0,2.19,62.0,1.43,25.0,0.0,0.0,
Travis,http://ufcstats.com/fighter-details/3236bf606fe9fa5b,"79.0""",18,7,1,2.93,41.0,4.31,42.0,1.21,68.0,75.0,0.2,
Junie,http://ufcstats.com/fighter-details/d74cba8566291bfa,--,5,6,0,3.76,48.0,1.76,66.0,3.53,66.0,0.0,3.5,
Jules,http://ufcstats.com/fighter-details/d1dcd4e96464a53d,--,1,2,0,0.69,50.0,5.52,46.0,0.0,0.0,0.0,0.0,
Justin,http://ufcstats.com/fighter-details/5f8e00c27b7e7410,--,7,3,0,0.59,66.0,5.91,16.0,0.0,0.0,33.0,0.0,
Cody,http://ufcstats.com/fighter-details/f14f644d41ade29f,"72.0""",11,9,1,2.26,48.0,3.02,50.0,1.88,41.0,68.0,0.5,
Steve,http://ufcstats.com/fighter-details/2f3f12002564bb55,--,15,6,0,0.96,52.0,3.38,36.0,1.94,25.0,46.0,0.4,
Fernando,http://ufcstats.com/fighter-details/b8c0f30ee9a98b69,--,15,4,0,1.75,39.0,1.78,48.0,2.02,22.0,56.0,0.5,
Derek,http://ufcstats.com/fighter-details/b1a3e0aca758b322,"77.0""",23,9,0,3.51,47.0,3.05,51.0,3.14,33.0,85.0,0.6,
Josh,http://ufcstats.com/fighter-details/01f022fa494188e2,--,15,4,0,1.1,20.0,6.1,43.0,0.0,0.0,0.0,0.0,
Dennis,http://ufcstats.com/fighter-details/3b17353b8002c7d0,--,5,2,0,10.56,59.0,10.56,13.0,0.0,0.0,0.0,0.0,
Robert,http://ufcstats.com/fighter-details/f96856f9d69fd7e4,"75.0""",18,7,0,2.8,37.0,4.51,55.0,0.36,100.0,71.0,0.4,
Lukasz,http://ufcstats.com/fighter-details/0c25d0a5e8cdbf19,"78.0""",9,7,1,4.9,50.0,3.65,54.0,0.41,33.0,35.0,0.4,
Marcus,http://ufcstats.com/fighter-details/095854a135e6db55,"77.0""",5,3,1,1.59,50.0,2.15,50.0,2.02,16.0,0.0,0.4,
Justin,http://ufcstats.com/fighter-details/231926533134ec1f,"73.0""",15,10,0,2.35,26.0,4.14,51.0,0.0,0.0,33.0,0.8,
Zak,http://ufcstats.com/fighter-details/6bbb8dc6e128779e,--,17,8,0,0.0,0.0,0.0,0.0,0.0,0.0,0.0,0.0,
Courtney,http://ufcstats.com/fighter-details/3feed7d02711d8b7,--,12,11,0,1.49,28.0,3.24,54.0,0.0,0.0,33.0,0.0,
Joaquin,http://ufcstats.com/fighter-details/b9437600497350f3,"76.0""",21,7,0,3.88,36.0,2.93,59.0,1.54,45.0,72.0,0.1,
Martin,http://ufcstats.com/fighter-details/8eb046f83e82bf26,"77.0""",16,2,0,4.39,53.0,4.49,55.0,0.15,20.0,93.0,0.1,
Julia,http://ufcstats.com/fighter-details/dcdc4503b9d49977,"67.0""",10,2,0,2.42,74.0,1.18,47.0,3.6,57.0,83.0,0.0,
Dylan,http://ufcstats.com/fighter-details/a817e238b2747404,"75.0""",7,5,0,1.06,38.0,1.8,42.0,1.93,38.0,76.0,0.4,
Mike,http://ufcstats.com/fighter-details/b98209144b63ae26,"68.0""",13,4,0,0.65,52.0,0.95,53.0,0.0,0.0,0.0,3.4,
Francisco,http://ufcstats.com/fighter-details/a72d260b436924c4,--,5,2,0,0.0,0.0,0.0,0.0,0.0,0.0,0.0,0.0,
Mayra,http://ufcstats.com/fighter-details/cc8c623cca88f54f,"66.0""",10,7,1,3.52,56.0,4.71,51.0,0.46,23.0,64.0,1.3,
Paul,http://ufcstats.com/fighter-details/f0abbb6f3444dae7,"77.0""",35,17,0,3.29,45.0,3.83,52.0,0.19,33.0,39.0,0.4,
Marek,http://ufcstats.com/fighter-details/ac0874309da489b9,"77.0""",6,1,0,2.07,38.0,3.27,37.0,0.0,0.0,0.0,0.0,
Modestas,http://ufcstats.com/fighter-details/476fe566d2df676e,"76.0""",19,7,0,3.24,42.0,4.05,50.0,0.26,66.0,79.0,0.1,
Lee Kwan,http://ufcstats.com/fighter-details/c0342805a1948cbb,--,0,1,0,0.71,14.0,0.0,100.0,0.0,0.0,0.0,0.0,
Josh,http://ufcstats.com/fighter-details/9900ab86a4c458bd,--,6,4,0,0.0,0.0,0.0,0.0,0.0,0.0,0.0,0.0,
Shawn,http://ufcstats.com/fighter-details/6e9af164ab91a229,--,7,3,0,0.0,0.0,1.55,55.0,0.0,0.0,50.0,0.0,
Felipe,http://ufcstats.com/fighter-details/53c10176e3bc7416,"69.0""",14,9,0,3.17,46.0,4.57,47.0,1.08,25.0,40.0,1.4,
Shane,http://ufcstats.com/fighter-details/98d961097baaf308,"75.0""",15,3,0,7.4,52.0,6.78,56.0,0.43,44.0,91.0,0.4,
Joshua,http://ufcstats.com/fighter-details/6da99156486ed6c2,"72.0""",28,16,0,2.69,43.0,3.13,51.0,2.53,36.0,72.0,0.3,
Justin,http://ufcstats.com/fighter-details/dadd80ef954e54ed,"74.0""",6,1,0,1.24,40.0,3.09,61.0,0.0,0.0,100.0,9.3,
Mads,http://ufcstats.com/fighter-details/69f01b25dfabaf6b,"69.0""",9,3,0,1.28,41.0,2.71,51.0,3.45,47.0,22.0,0.4,
Mikey,http://ufcstats.com/fighter-details/4c805f5f58a75df0,--,5,2,0,0.0,0.0,0.0,0.0,0.0,0.0,0.0,0.0,
Kevin,http://ufcstats.com/fighter-details/a6d8bfe9e0c8153b,"74.0""",12,7,0,2.74,38.0,4.3,52.0,0.28,50.0,47.0,0.8,
Gilbert,http://ufcstats.com/fighter-details/23024fdfc966410a,"71.0""",22,10,0,3.16,48.0,3.68,52.0,2.04,35.0,53.0,0.4,
Josh,http://ufcstats.com/fighter-details/1e092415a7eeaf65,--,8,10,0,2.4,48.0,5.73,32.0,0.0,0.0,100.0,0.0,
Herbert,http://ufcstats.com/fighter-details/4f140403000158b5,"73.0""",11,6,0,1.86,36.0,5.17,41.0,2.94,34.0,66.0,1.8,
Derrick,http://ufcstats.com/fighter-details/2213330f082f82d5,--,1,0,3,0.0,0.0,0.0,0.0,0.0,0.0,0.0,0.0,
Nah-Shon,http://ufcstats.com/fighter-details/2c64c035485906aa,--,15,7,0,4.83,47.0,3.45,56.0,0.0,0.0,52.0,0.3,
Martin,http://ufcstats.com/fighter-details/8fc30d8cebb17116,--,9,0,0,0.0,0.0,0.0,0.0,0.0,0.0,0.0,0.0,
George,http://ufcstats.com/fighter-details/f0c779dc2ca3816c,--,5,2,0,6.35,64.0,2.31,55.0,17.31,66.0,0.0,0.0,
Bubba,http://ufcstats.com/fighter-details/132505067f08c54d,--,8,3,0,0.63,55.0,7.01,25.0,2.82,50.0,60.0,0.0,
Dakota,http://ufcstats.com/fighter-details/3033c1c080672475,"73.0""",8,4,0,2.77,38.0,4.42,41.0,2.4,33.0,0.0,0.0,
Murilo,http://ufcstats.com/fighter-details/85d905f7c4f5a1af,--,15,8,1,1.33,32.0,1.9,60.0,2.46,33.0,54.0,1.2,
Nick,http://ufcstats.com/fighter-details/51b1ca2a4b064101,--,5,3,0,0.0,0.0,0.0,0.0,0.0,0.0,0.0,0.0,
Eduardo,http://ufcstats.com/fighter-details/f273f1b8df04c8a1,--,5,3,0,2.61,59.0,6.22,35.0,0.0,0.0,100.0,0.0,
Jason,http://ufcstats.com/fighter-details/30e39145fec48d25,--,10,2,0,1.82,40.0,2.73,25.0,13.64,50.0,0.0,0.0,
Todd,http://ufcstats.com/fighter-details/3fed746acfd026dd,--,1,4,0,0.0,0.0,0.0,0.0,0.0,0.0,0.0,0.0,
Goldman,http://ufcstats.com/fighter-details/e2d5072048b825b1,--,1,4,0,0.0,0.0,0.0,0.0,0.0,0.0,0.0,0.0,
Ian,http://ufcstats.com/fighter-details/6b8fd98eb52363d1,--,3,3,0,2.09,14.0,6.69,36.0,0.0,0.0,50.0,0.0,
Raphael,http://ufcstats.com/fighter-details/f941505e35fb1eae,--,9,2,1,4.69,45.0,0.94,91.0,0.0,0.0,100.0,14.1,
Jesse,http://ufcstats.com/fighter-details/a75a48bfe776b2c2,"73.0""",12,6,0,2.02,34.0,4.62,39.0,0.0,0.0,0.0,0.0,
JP,http://ufcstats.com/fighter-details/0b362247806341e5,"67.0""",9,6,0,1.88,39.0,3.02,40.0,1.55,25.0,25.0,2.3,
Dennis,http://ufcstats.com/fighter-details/c4d039123e62f6a9,"70.0""",12,6,0,4.21,43.0,4.79,48.0,0.62,27.0,75.0,0.2,
Charles,http://ufcstats.com/fighter-details/76ee3d666c648f6b,"73.0""",10,7,0,3.43,55.0,2.63,55.0,2.5,50.0,40.0,1.5,
Steve,http://ufcstats.com/fighter-details/43612456979e5d5e,--,6,1,0,1.2,51.0,2.67,27.0,3.0,60.0,0.0,4.0,
Michael,http://ufcstats.com/fighter-details/87f0b37f153cf497,--,5,3,0,0.0,0.0,0.0,0.0,0.0,0.0,0.0,0.0,
Yan,http://ufcstats.com/fighter-details/7cdd3e5d3aa9cb39,"73.0""",13,3,0,2.02,47.0,1.98,62.0,2.89,35.0,37.0,1.2,
Juan,http://ufcstats.com/fighter-details/601f8439a0277670,--,9,1,0,0.0,0.0,0.0,0.0,0.0,0.0,0.0,0.0,
Alvin,http://ufcstats.com/fighter-details/ce7871949b0ed2bf,--,18,13,0,1.21,66.0,0.61,0.0,0.0,0.0,0.0,0.0,
Alex,http://ufcstats.com/fighter-details/7aa3d6964eff4877,"73.0""",21,15,0,4.21,49.0,3.09,62.0,0.54,68.0,64.0,0.7,
Vince,http://ufcstats.com/fighter-details/ed2a8cc402173781,"68.0""",7,4,0,3.29,45.0,6.51,43.0,0.0,0.0,18.0,0.5,
Priscila,http://ufcstats.com/fighter-details/b1e5bcaad32a3cac,"65.0""",13,8,0,4.43,44.0,7.6,45.0,0.25,40.0,69.0,0.0,
Yudi,http://ufcstats.com/fighter-details/8c457cf7da551d4b,--,7,2,0,0.0,0.0,0.0,0.0,0.0,0.0,0.0,0.0,
Travis,http://ufcstats.com/fighter-details/90d28fee0af74f2d,--,5,1,0,0.0,0.0,0.0,0.0,0.0,0.0,0.0,0.0,
Ricky,http://ufcstats.com/fighter-details/800feaa25700a85f,--,16,2,0,0.0,0.0,0.0,0.0,0.0,0.0,0.0,0.0,
Lucas,http://ufcstats.com/fighter-details/8661578c8bb80f51,"70.0""",6,2,0,4.8,41.0,15.67,39.0,0.0,0.0,0.0,0.0,
Carlos,http://ufcstats.com/fighter-details/7d4d7583df7eebf9,"71.0""",6,3,0,4.85,42.0,4.98,33.0,3.93,33.0,0.0,0.0,
Darrion,http://ufcstats.com/fighter-details/b7dc25ee40ee8334,--,10,1,0,0.85,34.0,0.57,60.0,3.41,66.0,100.0,0.8,
Nicolle,http://ufcstats.com/fighter-details/fc0a4053eb8a3a59,"62.0""",8,4,0,3.46,38.0,7.01,53.0,2.88,24.0,0.0,1.0,
Taylor,http://ufcstats.com/fighter-details/53d471e9bf5f2fc8,--,6,0,0,0.0,0.0,0.0,0.0,0.0,0.0,0.0,0.0,
Cynthia,http://ufcstats.com/fighter-details/98215d037be5bcb7,"64.0""",9,6,1,4.41,38.0,4.12,64.0,1.8,44.0,77.0,0.8,
Joe,http://ufcstats.com/fighter-details/dfb965c9824425db,--,13,19,3,0.31,17.0,5.0,42.0,0.0,0.0,0.0,0.0,
Frank,http://ufcstats.com/fighter-details/764342d39cdaa54a,"73.0""",22,10,0,6.56,46.0,7.44,51.0,1.11,31.0,73.0,0.0,
Lucas,http://ufcstats.com/fighter-details/71d25689f70e4036,"80.0""",6,1,0,4.08,38.0,8.16,6.0,0.0,0.0,0.0,0.0,
Matheus,http://ufcstats.com/fighter-details/72f890c5d421e705,"69.0""",10,3,0,2.19,43.0,3.25,64.0,4.43,53.0,0.0,0.6,
Fabricio,http://ufcstats.com/fighter-details/7abe471b61725980,"71.0""",14,9,1,1.29,33.0,1.85,61.0,2.34,32.0,20.0,1.5,
Chris,http://ufcstats.com/fighter-details/6c2030e0a143a94b,"75.0""",24,13,0,3.57,44.0,2.96,56.0,0.27,19.0,57.0,0.5,
Brian,http://ufcstats.com/fighter-details/1999ffb5cebc314f,"78.0""",7,5,0,3.15,26.0,6.39,54.0,0.0,0.0,0.0,0.7,
Ricky,http://ufcstats.com/fighter-details/4a99978a0366bb29,--,11,4,0,0.0,0.0,0.0,0.0,0.0,0.0,0.0,0.0,
Mike,http://ufcstats.com/fighter-details/f5585e675af7afd4,--,13,4,0,1.4,26.0,1.4,63.0,5.26,100.0,0.0,0.0,
Thomas,http://ufcstats.com/fighter-details/d060014a5a039829,--,3,3,0,0.0,0.0,0.0,0.0,0.0,0.0,0.0,0.0,
Shane,http://ufcstats.com/fighter-details/784285b7ae7dd85f,"71.0""",14,6,0,3.99,59.0,3.19,55.0,1.36,28.0,82.0,0.0,
Charlie,http://ufcstats.com/fighter-details/b39f7a6c2be17ee8,"72.0""",9,3,0,5.23,51.0,4.17,55.0,2.45,36.0,62.0,0.0,
Kitt,http://ufcstats.com/fighter-details/903ef36a6adc09a3,"73.0""",16,7,0,5.4,53.0,2.51,60.0,0.94,10.0,50.0,0.0,
Kurtis,http://ufcstats.com/fighter-details/9d51798e61f2e0c7,"72.0""",8,1,0,3.5,48.0,2.63,51.0,8.76,40.0,50.0,0.0,
John,http://ufcstats.com/fighter-details/31bbd46d57dfbcb7,--,0,1,0,0.0,0.0,0.0,0.0,0.0,0.0,0.0,0.0,
Wagner,http://ufcstats.com/fighter-details/db6d5f691aea3fd3,--,12,10,0,1.54,41.0,2.53,51.0,2.71,100.0,0.0,0.0,
Derek,http://ufcstats.com/fighter-details/aa8dc72b3a1f761c,--,19,6,0,2.41,23.0,10.34,44.0,0.0,0.0,0.0,0.0,
Will,http://ufcstats.com/fighter-details/901cddcbfa079097,"70.0""",14,6,0,2.43,31.0,3.82,57.0,0.88,45.0,48.0,0.2,
Aleksa,http://ufcstats.com/fighter-details/c2a670b22d2e196f,"74.0""",6,3,0,4.73,57.0,4.26,54.0,0.46,22.0,50.0,0.0,
Chico,http://ufcstats.com/fighter-details/32be4b7f7de1c905,"66.0""",17,7,0,2.58,41.0,2.46,64.0,0.77,40.0,72.0,0.4,
Asbel,http://ufcstats.com/fighter-details/2a7afe14b3a0a058,--,0,1,0,0.0,0.0,0.0,0.0,0.0,0.0,0.0,0.0,
Carlos,http://ufcstats.com/fighter-details/760a55d5b6098cbe,"68.0""",8,3,0,3.97,46.0,5.17,44.0,2.28,36.0,53.0,0.3,
Ronaldo,http://ufcstats.com/fighter-details/23fbe02caabcd214,--,6,0,0,1.67,42.0,3.87,52.0,8.0,53.0,0.0,5.0,
Luiz,http://ufcstats.com/fighter-details/24b033b3daf1c9df,"77.0""",17,7,0,4.79,41.0,5.0,60.0,0.56,28.0,100.0,0.3,
Guido,http://ufcstats.com/fighter-details/d05412b513b19621,"68.0""",10,8,0,3.44,55.0,2.84,51.0,2.27,55.0,64.0,0.4,
Jared,http://ufcstats.com/fighter-details/13a0275fa13c4d26,"77.0""",18,9,0,4.42,49.0,4.35,56.0,0.54,40.0,64.0,0.0,
Jose,http://ufcstats.com/fighter-details/03da33a102d9a45f,--,0,1,0,0.78,10.0,4.68,62.0,0.0,0.0,0.0,0.0,
Cody,http://ufcstats.com/fighter-details/23100e8f71f25a4a,--,1,10,0,0.0,0.0,0.0,0.0,0.0,0.0,0.0,0.0,
Bo,http://ufcstats.com/fighter-details/6750e338922a099d,--,10,10,0,3.16,16.0,12.63,0.0,0.0,0.0,0.0,0.0,
Steve,http://ufcstats.com/fighter-details/f1f9e48a0d150757,"75.0""",7,6,0,3.63,34.0,5.76,55.0,0.65,30.0,80.0,0.7,
Paul,http://ufcstats.com/fighter-details/83b8fe74224dd642,--,6,0,0,0.0,0.0,0.0,0.0,0.0,0.0,0.0,0.0,
Phil,http://ufcstats.com/fighter-details/bd81a97864acf098,"70.0""",6,1,0,2.93,50.0,4.07,29.0,1.0,8.0,100.0,1.0,
Frank,http://ufcstats.com/fighter-details/44f9c777fed7ca03,--,2,3,0,0.0,0.0,0.0,0.0,0.0,0.0,0.0,0.0,
Gina,http://ufcstats.com/fighter-details/899eaba48fa864a6,--,7,1,0,4.5,47.0,2.66,64.0,1.24,66.0,85.0,1.6,
Dos,http://ufcstats.com/fighter-details/155a02a8b4311057,--,9,5,0,0.77,23.0,1.2,59.0,0.0,0.0,72.0,0.0,
Bryan,http://ufcstats.com/fighter-details/5ef0088c1b19beeb,"68.0""",21,9,0,2.53,34.0,3.61,54.0,2.57,25.0,80.0,0.8,
Remo,http://ufcstats.com/fighter-details/e5512a6aed150d8f,--,7,5,0,2.27,47.0,1.47,59.0,0.0,0.0,100.0,0.0,
Phil,http://ufcstats.com/fighter-details/f6a7b02c42e9fc5b,--,8,5,0,2.47,50.0,2.0,57.0,0.0,0.0,11.0,2.5,
Edgar,http://ufcstats.com/fighter-details/99a86b134dccc166,--,4,1,0,0.0,0.0,0.0,0.0,0.0,0.0,0.0,0.0,
Chris,http://ufcstats.com/fighter-details/b2e3aca4cd363477,"64.0""",17,8,0,3.35,43.0,2.23,61.0,1.11,39.0,57.0,0.8,
Ronald,http://ufcstats.com/fighter-details/cbd022eaf2ac546a,--,4,2,0,0.0,0.0,0.0,0.0,0.0,0.0,0.0,0.0,
Rafael,http://ufcstats.com/fighter-details/08a7080ff5904661,--,2,1,1,0.0,0.0,0.0,0.0,0.0,0.0,0.0,0.0,
Don,http://ufcstats.com/fighter-details/f59a6de8a5dfe297,--,10,7,0,1.44,30.0,7.68,43.0,0.0,0.0,66.0,0.0,
Antonio,http://ufcstats.com/fighter-details/52e76bb4b3e852f3,"79.0""",11,5,0,1.95,42.0,2.14,52.0,3.42,39.0,53.0,0.8,
Spike,http://ufcstats.com/fighter-details/be68b375707dcb85,"71.0""",9,3,0,2.55,54.0,3.85,30.0,3.34,36.0,57.0,0.5,
Francis,http://ufcstats.com/fighter-details/3591d0d5d382a381,"78.0""",25,12,0,2.22,42.0,1.64,59.0,1.79,36.0,73.0,0.6,
Liz,http://ufcstats.com/fighter-details/51a0c09cbe9b8472,"66.0""",13,7,0,2.78,54.0,2.51,61.0,2.57,51.0,65.0,0.3,
Roan,http://ufcstats.com/fighter-details/1c86754617d9813a,"76.0""",21,11,0,1.46,46.0,1.82,62.0,3.05,42.0,83.0,1.4,
Ariane,http://ufcstats.com/fighter-details/c0d5c0c95c59050b,"61.0""",15,4,0,2.63,38.0,4.61,44.0,1.08,50.0,22.0,0.2,
Luana,http://ufcstats.com/fighter-details/528b071cf3da7c56,"69.0""",11,5,0,4.65,51.0,3.46,51.0,0.3,37.0,68.0,0.6,
Tim,http://ufcstats.com/fighter-details/b80ea4880f25c187,--,7,1,0,0.59,50.0,6.9,12.0,0.0,0.0,0.0,0.0,
Clayton,http://ufcstats.com/fighter-details/b62d5280966b2460,"66.0""",8,2,0,3.66,53.0,2.57,55.0,1.99,46.0,37.0,1.3,
Gabriel,http://ufcstats.com/fighter-details/89ed44801968b8e3,--,7,0,0,4.15,37.0,1.53,80.0,0.0,0.0,100.0,0.0,
Cody,http://ufcstats.com/fighter-details/9346efb4bbaedd08,--,11,16,0,0.0,0.0,0.0,0.0,0.0,0.0,0.0,0.0,
Cain,http://ufcstats.com/fighter-details/064b7dc68d786254,--,10,3,0,2.72,42.0,5.8,51.0,0.0,0.0,14.0,0.0,
Roger,http://ufcstats.com/fighter-details/572a89dbe1f76761,--,16,14,0,7.62,61.0,10.48,43.0,0.0,0.0,100.0,0.0,
Jonny,http://ufcstats.com/fighter-details/0d49ddc07bd8c747,--,11,7,0,0.0,0.0,0.0,0.0,0.0,0.0,0.0,0.0,
Scott,http://ufcstats.com/fighter-details/1e3302f9ab6f549a,--,4,2,0,0.62,66.0,6.22,23.0,0.0,0.0,0.0,0.0,
Shonie,http://ufcstats.com/fighter-details/7b6e40a73b567072,--,51,31,7,1.62,36.0,2.32,47.0,0.75,66.0,75.0,0.0,
Jack,http://ufcstats.com/fighter-details/1f592bfefb0d62a3,"68.0""",10,1,0,0.8,38.0,3.33,29.0,6.0,66.0,0.0,2.0,
Bruno,http://ufcstats.com/fighter-details/456c02115efc4a01,--,10,5,0,0.6,45.0,0.93,53.0,0.0,0.0,66.0,4.0,
Antonio,http://ufcstats.com/fighter-details/fef3d17e27e916e7,"70.0""",15,6,0,3.03,29.0,3.62,64.0,0.0,0.0,100.0,0.0,
Rafael,http://ufcstats.com/fighter-details/620d8710e89cfeae,--,14,1,0,1.94,50.0,1.84,54.0,2.77,40.0,70.0,0.0,
Shane,http://ufcstats.com/fighter-details/68dd7b3783c19f9c,"80.0""",12,2,0,4.38,47.0,3.53,53.0,1.42,33.0,42.0,0.0,
Johnny,http://ufcstats.com/fighter-details/1f4b04a926ef1287,"72.0""",22,6,0,3.95,38.0,2.66,61.0,1.7,45.0,72.0,0.2,
Kevin,http://ufcstats.com/fighter-details/8d9586726252dbf7,"77.0""",9,5,2,2.27,53.0,3.76,46.0,0.79,22.0,27.0,0.4,
Cortney,http://ufcstats.com/fighter-details/5f179af5fffeb9f6,"67.0""",10,10,0,4.29,39.0,4.0,55.0,0.39,31.0,39.0,0.5,
Brandon,http://ufcstats.com/fighter-details/3993f7dcb7caf42a,--,10,4,0,5.42,72.0,0.68,33.0,10.17,66.0,0.0,0.0,
Bendy,http://ufcstats.com/fighter-details/ec7ac09293d26c05,--,20,14,2,0.74,27.0,3.42,54.0,0.0,0.0,100.0,0.0,
Dwayne,http://ufcstats.com/fighter-details/31c01fbc2586a5eb,--,1,1,0,0.0,0.0,0.0,0.0,0.0,0.0,0.0,0.0,
Joe,http://ufcstats.com/fighter-details/2b1c6f28039efe36,--,9,1,0,4.17,55.0,10.83,23.0,0.0,0.0,0.0,0.0,
John,http://ufcstats.com/fighter-details/5fa2974cbd18e05c,"71.0""",21,8,1,4.95,51.0,5.07,54.0,1.49,37.0,75.0,0.1,
Eric,http://ufcstats.com/fighter-details/a0a69dc9914ef6e1,--,3,2,0,0.0,0.0,0.0,0.0,0.0,0.0,0.0,0.0,
Gil,http://ufcstats.com/fighter-details/31ceaf0e670c1578,--,8,5,0,0.6,45.0,2.22,44.0,3.33,45.0,50.0,0.0,
Danny,http://ufcstats.com/fighter-details/d1e7fc58d4225cdf,"71.0""",17,10,0,2.57,42.0,1.96,62.0,2.95,38.0,63.0,0.2,
Raul,http://ufcstats.com/fighter-details/feeae92f951f49a9,--,7,1,0,1.47,48.0,3.27,60.0,0.0,0.0,0.0,0.0,
Jenna,http://ufcstats.com/fighter-details/e680418329c84ec4,--,1,0,0,3.24,56.0,2.01,57.0,1.68,100.0,100.0,0.0,
Tim,http://ufcstats.com/fighter-details/6ca68b636fbc1f18,--,4,2,0,0.39,100.0,0.77,33.0,0.0,0.0,0.0,0.0,
Nick,http://ufcstats.com/fighter-details/f8fe2053d73d7bcf,"72.0""",10,4,0,2.11,44.0,2.32,63.0,3.71,44.0,83.0,0.5,
Luke,http://ufcstats.com/fighter-details/68d76fd9ecf7431d,--,17,17,0,1.97,28.0,5.07,55.0,0.44,20.0,85.0,0.0,
Gesias,http://ufcstats.com/fighter-details/2a74bbba57058f12,"71.0""",21,10,1,1.98,35.0,3.11,51.0,1.25,36.0,66.0,1.1,
Rafael,http://ufcstats.com/fighter-details/5c1ca0c72b599a3c,"74.0""",12,7,0,2.71,53.0,3.62,49.0,0.6,40.0,63.0,0.1,
Jacqueline,http://ufcstats.com/fighter-details/e3964ece586e0635,"70.0""",10,1,0,5.65,46.0,3.17,68.0,0.0,0.0,88.0,0.0,
Igor,http://ufcstats.com/fighter-details/9c3de7f8966326de,"79.0""",9,1,0,3.33,42.0,3.6,48.0,1.0,50.0,66.0,0.0,
Magnus,http://ufcstats.com/fighter-details/0e21976afc92e4d1,"79.0""",14,5,0,2.38,51.0,3.02,40.0,2.87,64.0,66.0,1.0,
Yosdenis,http://ufcstats.com/fighter-details/3e61082025db8137,"69.0""",10,6,1,1.64,29.0,1.6,67.0,0.0,0.0,31.0,0.3,
Henry,http://ufcstats.com/fighter-details/056c493bbd76a918,"64.0""",16,6,0,3.83,47.0,3.84,57.0,1.78,29.0,72.0,0.1,
Adam,http://ufcstats.com/fighter-details/b27b8881d7444114,--,6,8,0,1.91,42.0,2.61,51.0,3.92,75.0,50.0,1.3,
Vinicius,http://ufcstats.com/fighter-details/f21a152aaa3e95c6,"74.0""",7,2,0,2.9,48.0,2.69,62.0,1.61,50.0,0.0,0.0,
Katlyn,http://ufcstats.com/fighter-details/e872e9a9a902c045,"68.0""",18,6,0,4.58,34.0,4.48,62.0,0.31,15.0,50.0,0.3,
Rafael,http://ufcstats.com/fighter-details/09a4447655fd4b7b,"76.0""",11,4,0,1.56,43.0,5.05,36.0,0.0,0.0,36.0,0.0,
Donald,http://ufcstats.com/fighter-details/1d00756835ca67c9,"73.0""",36,17,0,4.41,46.0,4.48,53.0,1.16,33.0,73.0,1.2,
Jared,http://ufcstats.com/fighter-details/fdf59144e535bc38,--,5,2,0,0.0,0.0,0.0,0.0,0.0,0.0,0.0,0.0,
Luan,http://ufcstats.com/fighter-details/9ccf8371fd80d45d,"75.0""",15,3,1,4.16,47.0,3.19,62.0,0.32,12.0,85.0,0.3,
Dagiisuren,http://ufcstats.com/fighter-details/70186298465de3f3,--,10,2,0,0.0,0.0,0.0,0.0,0.0,0.0,0.0,0.0,
Edgar,http://ufcstats.com/fighter-details/5ef94841c4bc3f86,"71.0""",13,6,0,3.65,45.0,4.75,46.0,0.0,0.0,38.0,1.3,
Ansar,http://ufcstats.com/fighter-details/7342fcc41a4817fa,--,14,5,0,0.68,66.0,1.69,54.0,0.0,0.0,0.0,7.6,
Alex,http://ufcstats.com/fighter-details/26b63bc5c0c1f65d,"63.0""",5,5,0,2.97,54.0,5.1,50.0,2.31,41.0,53.0,1.0,
Michael,http://ufcstats.com/fighter-details/4b93a88f3b1de35b,"71.0""",23,10,0,4.04,49.0,4.52,43.0,1.96,41.0,61.0,0.6,
Chelsea,http://ufcstats.com/fighter-details/af9efbfd63d39734,"68.0""",6,4,0,3.55,45.0,4.44,40.0,0.87,60.0,28.0,0.0,
Eduardo,http://ufcstats.com/fighter-details/62f3039da2f92a8c,"67.0""",15,2,0,2.47,40.0,1.6,64.0,5.0,83.0,75.0,0.0,
Donnie,http://ufcstats.com/fighter-details/8788beb528894f33,--,0,1,0,0.0,0.0,0.0,0.0,0.0,0.0,0.0,0.0,
Joe,http://ufcstats.com/fighter-details/19ffeb5e3fffd6d5,--,6,13,0,0.0,0.0,0.0,0.0,0.0,0.0,0.0,0.0,
Dan,http://ufcstats.com/fighter-details/32a4f1235f0dad73,--,10,6,1,2.82,45.0,3.51,44.0,0.0,0.0,31.0,0.0,
Morgan,http://ufcstats.com/fighter-details/5b03b61f9d90125e,"69.0""",21,12,1,4.02,50.0,4.51,53.0,2.06,46.0,83.0,0.3,
Jeisla,http://ufcstats.com/fighter-details/8061a3136026a673,"68.0""",7,0,0,5.67,51.0,4.27,60.0,0.0,0.0,75.0,0.0,
Ernest,http://ufcstats.com/fighter-details/b406da701c479076,"70.0""",10,2,0,2.79,40.0,3.89,59.0,0.89,33.0,50.0,0.0,
Emilio,http://ufcstats.com/fighter-details/84e8920e59ff14a7,--,12,9,0,2.73,48.0,1.53,54.0,3.0,50.0,0.0,0.0,
Danny,http://ufcstats.com/fighter-details/0de720c0f1d4ab9c,"67.0""",11,5,1,2.86,38.0,3.83,50.0,1.95,60.0,87.0,0.0,
Gabriel,http://ufcstats.com/fighter-details/9c5f7d5c6d084b35,--,10,2,0,0.0,0.0,0.0,0.0,0.0,0.0,0.0,0.0,
Albert,http://ufcstats.com/fighter-details/d8d7b24d276c8cb0,--,7,4,0,1.0,41.0,2.6,71.0,0.0,0.0,0.0,0.0,
Fabio,http://ufcstats.com/fighter-details/78a68f1dade6aaf7,"74.0""",7,4,0,1.35,40.0,4.89,38.0,0.0,0.0,0.0,0.0,
Ion,http://ufcstats.com/fighter-details/c713a845360d604b,--,1,1,0,0.0,0.0,0.0,0.0,0.0,0.0,0.0,0.0,
Mark,http://ufcstats.com/fighter-details/79a193111e3bc99b,"69.0""",11,1,0,3.69,34.0,7.37,56.0,5.03,50.0,0.0,0.0,
Macy,http://ufcstats.com/fighter-details/9cdd2da1a9104a0b,"72.0""",11,6,0,3.21,46.0,2.76,44.0,1.87,35.0,62.0,0.4,
Michael,http://ufcstats.com/fighter-details/c58f51dedb310998,"75.0""",20,7,0,2.02,40.0,1.73,57.0,3.11,47.0,65.0,1.0,
Giga,http://ufcstats.com/fighter-details/9560ff14eb3129f7,"74.0""",15,6,0,3.75,42.0,3.47,59.0,0.18,33.0,65.0,0.2,
Khamzat,http://ufcstats.com/fighter-details/767755fd74662dbf,"75.0""",15,0,0,4.04,60.0,2.32,43.0,5.29,55.0,85.0,1.8,
Sako,http://ufcstats.com/fighter-details/9f7787e56a6bc0f4,--,8,1,0,2.4,27.0,4.8,46.0,0.0,0.0,100.0,0.0,
Mu Bae,http://ufcstats.com/fighter-details/371a1c91b24dec2b,--,12,6,0,1.55,49.0,3.65,44.0,3.12,75.0,60.0,1.0,
Hong Man,http://ufcstats.com/fighter-details/2c104b7e59a72629,--,4,5,0,1.32,26.0,1.46,36.0,0.71,100.0,84.0,0.0,
Dooho,http://ufcstats.com/fighter-details/e93b04e308913c2e,"70.0""",16,4,1,4.67,56.0,4.02,56.0,1.43,53.0,47.0,0.6,
SeungWoo,http://ufcstats.com/fighter-details/a68575214ecad140,"74.0""",11,8,0,3.56,38.0,3.16,47.0,0.83,54.0,70.0,0.0,
SeungGuk,http://ufcstats.com/fighter-details/adccbc19b22e19af,"64.0""",7,3,0,2.69,42.0,2.69,65.0,1.02,27.0,74.0,0.0,
DongHun,http://ufcstats.com/fighter-details/3be16d817b36098b,"66.0""",9,0,0,4.54,66.0,3.13,58.0,0.46,14.0,81.0,0.0,
Mark,http://ufcstats.com/fighter-details/001eb2ab0f30e7ea,"69.0""",8,1,0,3.87,50.0,7.33,33.0,2.0,18.0,0.0,0.0,
John,http://ufcstats.com/fighter-details/03c9994c5b8958ec,"74.0""",8,3,0,2.65,49.0,2.29,73.0,1.82,31.0,78.0,0.4,
Ryo,http://ufcstats.com/fighter-details/55a7b2d4e54ffac9,"70.0""",22,13,0,2.57,43.0,2.25,60.0,0.61,41.0,39.0,0.3,
Will,http://ufcstats.com/fighter-details/db5dc7cb80d7d418,--,34,13,0,4.43,27.0,9.93,46.0,0.0,0.0,0.0,0.0,
Cody,http://ufcstats.com/fighter-details/3c4320a1b6106611,"67.0""",9,0,0,2.85,50.0,2.46,51.0,0.0,0.0,83.0,0.0,
Joachim,http://ufcstats.com/fighter-details/2d447cc91bdaa545,"76.0""",14,6,0,3.78,41.0,3.29,46.0,0.0,0.0,0.0,0.0,
Kevin,http://ufcstats.com/fighter-details/7e9b36a9847db116,"80.0""",9,4,0,2.19,58.0,3.54,40.0,0.0,0.0,50.0,1.9,
Dan,http://ufcstats.com/fighter-details/b369533a577fa97c,--,20,7,0,4.23,51.0,3.88,54.0,0.0,0.0,37.0,1.1,
Anthony,http://ufcstats.com/fighter-details/4f11e9ce318ffbcb,--,12,7,0,2.19,26.0,5.9,45.0,0.0,0.0,40.0,0.0,
Murad,http://ufcstats.com/fighter-details/d4a12dfa4067742f,--,8,4,0,0.85,16.0,3.41,66.0,8.53,100.0,0.0,0.0,
Cameron,http://ufcstats.com/fighter-details/f197ce0cbe69996d,"72.0""",4,1,0,4.0,40.0,4.93,50.0,0.0,0.0,60.0,1.0,
Steven,http://ufcstats.com/fighter-details/eaebaa6801338ea1,--,4,4,0,0.0,0.0,0.0,0.0,0.0,0.0,0.0,0.0,
Mike,http://ufcstats.com/fighter-details/51b0bb73a1da34bc,--,19,4,0,0.51,50.0,4.62,57.0,0.0,0.0,20.0,5.1,
Hannah,http://ufcstats.com/fighter-details/2244d9a2b64b8c3b,"62.0""",10,7,0,4.99,44.0,5.39,52.0,0.26,100.0,64.0,0.3,
Branko,http://ufcstats.com/fighter-details/4e5bbc4566049cbf,--,0,2,0,0.0,0.0,0.0,0.0,0.0,0.0,0.0,0.0,
Nikolajus,http://ufcstats.com/fighter-details/3f3550bf126a5721,--,2,6,0,0.0,0.0,5.88,16.0,0.0,0.0,0.0,0.0,
Misha,http://ufcstats.com/fighter-details/67f272324a030d00,"77.0""",15,9,0,3.86,51.0,3.06,57.0,4.15,39.0,76.0,1.7,
Johnny,http://ufcstats.com/fighter-details/42611508ba8c3298,--,9,6,0,0.0,0.0,0.0,0.0,0.0,0.0,0.0,0.0,
Laverne,http://ufcstats.com/fighter-details/1c2f2571b18791b6,--,27,21,1,0.0,0.0,0.0,0.0,0.0,0.0,0.0,0.0,
Logan,http://ufcstats.com/fighter-details/6776260cb0aef647,--,18,6,0,2.2,54.0,1.49,53.0,0.31,100.0,30.0,2.1,
Mychal,http://ufcstats.com/fighter-details/69108cb8b32efe04,--,10,14,0,5.8,56.0,2.9,59.0,0.0,0.0,0.0,0.0,
Dominic,http://ufcstats.com/fighter-details/8a64b3f87ad29d1e,--,10,7,0,0.0,0.0,0.0,0.0,0.0,0.0,0.0,0.0,
Heather,http://ufcstats.com/fighter-details/dd4c16777fb2ccf9,"64.0""",7,6,0,3.69,49.0,5.62,50.0,0.33,4.0,80.0,0.3,
Devin,http://ufcstats.com/fighter-details/cc7040fe76f0ef91,"75.0""",14,9,0,3.03,54.0,3.24,44.0,2.17,32.0,58.0,0.1,
Jessica-Rose,http://ufcstats.com/fighter-details/6c8072b61c276e67,"64.0""",11,9,0,3.73,51.0,3.51,58.0,1.66,42.0,62.0,0.3,
Shannon,http://ufcstats.com/fighter-details/7ae36b3791e0969a,"64.0""",5,1,0,11.51,58.0,20.55,35.0,0.0,0.0,0.0,0.0,
John,http://ufcstats.com/fighter-details/a77c71a574132188,--,1,1,0,0.0,0.0,0.0,0.0,0.0,0.0,0.0,0.0,
Mitch,http://ufcstats.com/fighter-details/c76ec2bc3a57666a,"73.0""",11,5,0,2.35,34.0,3.27,47.0,0.64,15.0,50.0,0.4,
Rich,http://ufcstats.com/fighter-details/7d21de9c6d7c98b2,"72.0""",45,23,1,1.43,37.0,2.29,60.0,1.72,42.0,25.0,1.1,
Chris,http://ufcstats.com/fighter-details/e5ecaf884b6da2bc,"70.0""",12,6,0,3.2,49.0,2.37,44.0,0.0,0.0,32.0,0.3,
RJ,http://ufcstats.com/fighter-details/8e32bfcff3ec1717,--,4,3,0,0.0,0.0,0.0,0.0,0.0,0.0,0.0,0.0,
Mark,http://ufcstats.com/fighter-details/60098849c703e389,"65.0""",9,2,0,4.13,59.0,2.9,57.0,3.5,36.0,46.0,0.0,
Josh,http://ufcstats.com/fighter-details/48e96d9cea6d4ab0,--,6,2,1,1.6,64.0,2.87,50.0,2.0,66.0,75.0,0.0,
Brian,http://ufcstats.com/fighter-details/3138fab619faf4d1,--,20,9,0,0.0,0.0,3.68,55.0,5.81,50.0,0.0,0.0,
Darryl,http://ufcstats.com/fighter-details/dc6d8256ee3dfba5,--,6,8,0,0.0,0.0,0.0,0.0,0.0,0.0,0.0,0.0,
Dave,http://ufcstats.com/fighter-details/6dbb1107de9a4a08,--,26,29,1,0.0,0.0,0.0,0.0,0.0,0.0,0.0,0.0,
Dakota,http://ufcstats.com/fighter-details/8fa7e0bc052185ce,--,29,12,0,2.66,75.0,2.66,30.0,4.43,33.0,0.0,0.0,
Marloes,http://ufcstats.com/fighter-details/0b77a05bcbd2de74,"67.0""",23,8,0,2.15,51.0,1.9,67.0,0.82,30.0,41.0,2.5,
Marc,http://ufcstats.com/fighter-details/e90d9d0681270953,--,7,5,0,0.0,0.0,0.0,0.0,0.0,0.0,0.0,0.0,
John,http://ufcstats.com/fighter-details/8b260672a21d1fd6,--,8,4,0,2.73,41.0,3.43,62.0,1.22,50.0,64.0,0.0,
Chris,http://ufcstats.com/fighter-details/a0c29b13f7a5df32,--,7,10,0,0.0,0.0,0.0,0.0,0.0,0.0,0.0,0.0,
Felipe,http://ufcstats.com/fighter-details/dbac0a413af64bbe,"69.0""",10,4,0,2.17,45.0,4.65,36.0,1.88,24.0,43.0,0.5,
Wayne,http://ufcstats.com/fighter-details/2eab7a6c8b0ed8cc,--,16,25,0,0.57,20.0,8.33,27.0,4.31,25.0,0.0,4.3,
Devin,http://ufcstats.com/fighter-details/1174782eacde9b0c,--,20,10,1,3.5,55.0,2.14,48.0,2.18,42.0,66.0,0.0,
Coltin,http://ufcstats.com/fighter-details/cecd72feb0d640e3,--,4,5,0,0.0,0.0,0.0,0.0,0.0,0.0,0.0,0.0,
Ivan,http://ufcstats.com/fighter-details/987b80f57190d6d0,--,2,3,0,2.68,36.0,4.69,46.0,0.0,0.0,0.0,0.0,
Chandler,http://ufcstats.com/fighter-details/5d8a9c95af50280a,"72.0""",10,4,0,2.45,60.0,3.59,26.0,0.0,0.0,0.0,0.0,
Mark,http://ufcstats.com/fighter-details/21b8a0f5c231096f,"75.0""",16,10,0,1.88,52.0,2.62,40.0,3.89,40.0,50.0,0.8,
Cortez,http://ufcstats.com/fighter-details/ffb20ae0db47ebe6,--,13,8,0,0.0,0.0,0.0,0.0,0.0,0.0,0.0,0.0,
Clay,http://ufcstats.com/fighter-details/cc900c6a71ed23f3,"73.0""",14,7,0,4.22,32.0,5.0,50.0,2.81,39.0,71.0,0.5,
Jamie,http://ufcstats.com/fighter-details/6b64db453edf4c50,"65.0""",4,1,0,3.11,61.0,5.66,33.0,0.52,33.0,50.0,1.6,
Jake,http://ufcstats.com/fighter-details/92fa1401b7927da3,"78.0""",13,10,0,5.8,44.0,5.08,50.0,0.71,33.0,67.0,0.6,
Christian,http://ufcstats.com/fighter-details/9123c54d0a2b72dd,--,8,3,1,2.76,44.0,4.02,42.0,0.0,0.0,33.0,0.0,
Willian,http://ufcstats.com/fighter-details/dfc7f0a2d91ad337,"72.0""",11,1,0,0.0,0.0,0.0,0.0,0.0,0.0,0.0,0.0,
Wes,http://ufcstats.com/fighter-details/a85998eb79650b2c,--,20,6,0,2.14,48.0,4.73,45.0,0.0,0.0,0.0,0.0,
Rose,http://ufcstats.com/fighter-details/a76c07e8e4c76e9a,"65.0""",7,1,0,3.07,28.0,6.73,60.0,0.0,0.0,0.0,0.0,
Roque,http://ufcstats.com/fighter-details/b4ebc1539a08054b,"67.0""",10,3,0,2.73,40.0,9.09,41.0,0.0,0.0,0.0,0.0,
Carlos,http://ufcstats.com/fighter-details/f9f07bb5a43535ed,"75.0""",32,14,0,3.66,39.0,2.67,55.0,0.59,46.0,38.0,1.0,
Chris,http://ufcstats.com/fighter-details/41e77dc504a192c6,--,0,1,0,0.0,0.0,0.0,0.0,0.0,0.0,0.0,0.0,
Jack,http://ufcstats.com/fighter-details/c44530d3969134a3,"75.0""",7,2,0,5.29,35.0,9.71,21.0,0.0,0.0,100.0,0.0,
Tristan,http://ufcstats.com/fighter-details/2ebfbe72ed703925,"68.0""",14,8,0,3.31,51.0,2.96,50.0,0.33,14.0,60.0,0.3,
Marcos,http://ufcstats.com/fighter-details/d450769115a193c2,--,5,1,0,1.6,34.0,9.69,35.0,1.84,14.0,0.0,0.0,
Jeremiah,http://ufcstats.com/fighter-details/18f5669a92e99d92,--,11,8,0,1.5,75.0,3.25,43.0,0.0,0.0,0.0,7.5,
Jonathan,http://ufcstats.com/fighter-details/06d4eb8123087123,--,6,0,0,0.0,0.0,0.0,0.0,0.0,0.0,0.0,0.0,
Bob,http://ufcstats.com/fighter-details/1c061eb6e29eaa0a,--,5,0,0,0.0,0.0,0.0,0.0,0.0,0.0,0.0,0.0,
Mike,http://ufcstats.com/fighter-details/3ab0df1ddd5f1dc2,--,13,13,0,1.72,49.0,2.4,46.0,1.03,33.0,55.0,2.1,
Chad,http://ufcstats.com/fighter-details/e6daf9cdbf0da889,--,10,12,0,0.0,0.0,0.0,0.0,0.0,0.0,0.0,0.0,
TJ,http://ufcstats.com/fighter-details/fa238ecfd048f7d8,--,13,5,0,2.3,47.0,3.18,54.0,1.01,50.0,0.0,0.0,
Dewey,http://ufcstats.com/fighter-details/5efaaf313b652dd7,--,2,1,0,0.0,0.0,0.0,0.0,0.0,0.0,0.0,0.0,
Brett,http://ufcstats.com/fighter-details/88ffe9745e218dd8,--,23,12,0,0.0,0.0,0.0,0.0,0.0,0.0,0.0,0.0,
Bill,http://ufcstats.com/fighter-details/78bd6940d093fd33,--,2,1,0,0.0,0.0,0.0,0.0,0.0,0.0,0.0,0.0,
Bobby,http://ufcstats.com/fighter-details/1b51895e5572cfda,--,12,7,0,2.87,25.0,3.4,59.0,0.0,0.0,40.0,1.0,
Amanda,http://ufcstats.com/fighter-details/d4a31850a7457f1b,"64.0""",3,5,0,3.55,44.0,3.2,51.0,1.53,38.0,28.0,1.8,
Kit,http://ufcstats.com/fighter-details/ce47f49e5c386a9c,--,6,7,0,1.18,52.0,2.12,35.0,0.0,0.0,50.0,3.5,
Chris,http://ufcstats.com/fighter-details/8c8c92a12621d7e0,"72.0""",8,4,0,3.96,26.0,4.82,50.0,0.0,0.0,80.0,0.0,
Josh,http://ufcstats.com/fighter-details/3aa794cbe1e3484b,--,12,4,0,1.03,31.0,3.01,55.0,0.0,0.0,57.0,0.0,
Michael,http://ufcstats.com/fighter-details/2b91eff985b532cd,"77.0""",4,1,0,0.8,28.0,0.13,66.0,0.0,0.0,25.0,0.0,
Akira,http://ufcstats.com/fighter-details/3f52ce18fb98008f,"68.0""",12,6,0,3.25,45.0,4.91,50.0,0.7,28.0,86.0,0.0,
Muhsin,http://ufcstats.com/fighter-details/1f9344211ca7fd60,--,17,9,0,2.02,34.0,5.41,53.0,0.0,0.0,80.0,0.4,
Alden,http://ufcstats.com/fighter-details/5e9ca8dd7d783a75,"67.0""",12,3,0,4.69,44.0,2.4,69.0,1.75,50.0,71.0,0.0,
Daniel,http://ufcstats.com/fighter-details/d967f0128c323de6,"72.0""",22,3,0,4.25,52.0,2.92,54.0,1.83,44.0,80.0,0.4,
Nora,http://ufcstats.com/fighter-details/f2b3f4ef3f780168,"67.0""",9,4,0,2.73,55.0,2.04,56.0,0.22,11.0,47.0,0.2,
Clint,http://ufcstats.com/fighter-details/fe67cd6423f7a8ad,--,2,5,0,4.93,32.0,5.6,66.0,0.0,0.0,66.0,0.0,
Henry,http://ufcstats.com/fighter-details/7cb0946d51b8cde7,--,13,3,0,4.12,41.0,5.84,55.0,0.0,0.0,69.0,0.0,
Bethe,http://ufcstats.com/fighter-details/673ea7dcc786b1b3,"64.0""",11,6,1,4.37,43.0,4.93,56.0,0.39,18.0,85.0,0.0,
Wesley,http://ufcstats.com/fighter-details/4e9fb05d7e5e61b8,--,20,16,0,2.6,36.0,8.8,40.0,0.0,0.0,90.0,0.0,
Waldo,http://ufcstats.com/fighter-details/fc08099550072fe4,"78.0""",17,2,0,5.54,49.0,3.38,56.0,0.44,57.0,72.0,0.1,
Tracy,http://ufcstats.com/fighter-details/68d4a891e5cf2029,"65.0""",12,3,0,3.86,48.0,3.01,57.0,2.15,46.0,59.0,0.3,
Reyes,http://ufcstats.com/fighter-details/1a7d44196949577c,"68.0""",7,3,0,4.1,45.0,7.43,52.0,1.5,11.0,100.0,0.0,
Chad,http://ufcstats.com/fighter-details/1267b631db78665a,--,5,0,0,0.0,0.0,0.0,0.0,0.0,0.0,0.0,0.0,
Louis,http://ufcstats.com/fighter-details/afe8d5b39ff7fca2,"71.0""",7,2,0,4.31,45.0,5.35,47.0,1.04,20.0,50.0,0.5,
Orion,http://ufcstats.com/fighter-details/2c010b26a3306969,"71.0""",8,2,0,2.77,53.0,4.02,44.0,1.92,40.0,61.0,0.0,
Miguel,http://ufcstats.com/fighter-details/d150c6fbdb7687f4,--,1,13,0,0.0,0.0,0.0,0.0,0.0,0.0,0.0,0.0,
Jadson,http://ufcstats.com/fighter-details/222d6b547de2e035,--,22,8,0,0.2,50.0,3.05,50.0,0.0,0.0,0.0,0.0,
Guilherme,http://ufcstats.com/fighter-details/28877eddb1c0b967,--,7,1,0,0.0,0.0,0.0,0.0,0.0,0.0,0.0,0.0,
Paulo,http://ufcstats.com/fighter-details/2e5c2aa8e4ab9d82,"72.0""",16,4,0,6.15,59.0,5.96,49.0,0.3,42.0,77.0,0.0,
Randy,http://ufcstats.com/fighter-details/325ad0dd9126d3df,"73.0""",6,4,0,6.53,46.0,7.58,58.0,0.0,0.0,50.0,0.0,
Alessandro,http://ufcstats.com/fighter-details/3fa97913cfd205d3,"67.0""",15,5,0,3.73,45.0,3.72,56.0,0.79,26.0,86.0,0.4,
Melquizael,http://ufcstats.com/fighter-details/20bccc9bb4ceb23e,"71.0""",26,7,0,4.38,49.0,2.97,54.0,2.0,40.0,58.0,1.1,
Vitor,http://ufcstats.com/fighter-details/c41cbb5bf944ca54,"75.0""",8,2,0,7.36,54.0,9.62,50.0,0.0,0.0,0.0,0.0,
Oscar,http://ufcstats.com/fighter-details/f584a6e0b5b74604,"72.0""",11,3,0,0.33,41.0,2.47,41.0,0.0,0.0,60.0,1.0,
Patrick,http://ufcstats.com/fighter-details/9fa3bd637edd9aa2,"75.0""",23,11,0,2.81,48.0,3.21,48.0,0.68,20.0,43.0,0.2,
JC,http://ufcstats.com/fighter-details/3ec1e4ba98c9c85a,--,17,5,0,0.79,25.0,2.75,45.0,0.79,100.0,50.0,0.0,
JR,http://ufcstats.com/fighter-details/8112c9a23dccc759,--,4,1,0,12.29,57.0,6.8,45.0,0.0,0.0,75.0,0.0,
Rashad,http://ufcstats.com/fighter-details/d1528ac5675558b1,"76.0""",9,4,0,4.82,56.0,6.68,50.0,0.0,0.0,62.0,0.0,
Dave,http://ufcstats.com/fighter-details/79ab17db3b40831a,--,20,7,0,0.0,0.0,0.0,0.0,0.0,0.0,0.0,0.0,
Randy,http://ufcstats.com/fighter-details/0aa92558424ced9e,"75.0""",19,11,0,2.85,57.0,1.53,59.0,2.78,46.0,58.0,0.5,
Kim,http://ufcstats.com/fighter-details/84c43f0d25f15b0b,--,3,8,0,12.12,80.0,2.31,69.0,0.0,0.0,0.0,0.0,
Ryan,http://ufcstats.com/fighter-details/46fd223e3ced39b3,"73.0""",11,5,0,3.54,45.0,2.87,54.0,1.55,29.0,46.0,1.3,
Nikk,http://ufcstats.com/fighter-details/400c7b43c86d27d3,--,3,4,0,0.0,0.0,0.0,0.0,0.0,0.0,0.0,0.0,
Colby,http://ufcstats.com/fighter-details/dc9572dd6ec74859,"72.0""",17,5,0,3.81,38.0,3.09,54.0,3.64,42.0,68.0,0.2,
Hailey,http://ufcstats.com/fighter-details/3c26c420584d912d,"67.0""",7,5,0,2.66,43.0,2.92,40.0,1.95,42.0,80.0,0.0,
Jeff,http://ufcstats.com/fighter-details/c9bbf1a0285a8076,--,10,7,0,0.56,25.0,1.69,33.0,4.23,50.0,80.0,0.0,
Nathan,http://ufcstats.com/fighter-details/15ec018d144710db,"69.0""",15,7,0,3.88,52.0,2.4,61.0,3.17,47.0,50.0,0.0,
Andrew,http://ufcstats.com/fighter-details/8a70ceb3edbe757b,"76.0""",9,4,0,2.39,40.0,3.01,50.0,0.53,37.0,72.0,0.0,
Paul,http://ufcstats.com/fighter-details/eabf206b162b3b83,"76.0""",17,10,1,2.5,45.0,3.04,43.0,1.43,18.0,35.0,1.3,
Dan,http://ufcstats.com/fighter-details/480b702debcb5433,--,11,4,0,0.97,30.0,2.1,31.0,0.0,0.0,66.0,0.5,
Alberto,http://ufcstats.com/fighter-details/25433871e4eee0f4,--,15,5,0,0.43,25.0,2.61,57.0,0.0,0.0,50.0,4.0,
Tim,http://ufcstats.com/fighter-details/89b8d1bf1ff09d1d,"75.0""",12,4,0,3.59,30.0,3.13,57.0,0.41,100.0,50.0,3.3,
Paul,http://ufcstats.com/fighter-details/ed73c85164a5f5a4,--,3,1,0,0.72,75.0,4.65,30.0,5.37,37.0,0.0,0.0,
Helena,http://ufcstats.com/fighter-details/a8c3ce469cb8b130,--,0,0,0,0.0,0.0,0.0,0.0,0.0,0.0,0.0,0.0,
Alexander,http://ufcstats.com/fighter-details/15dedd05f8bcb475,--,8,6,0,0.0,0.0,0.0,0.0,0.0,0.0,0.0,0.0,
Alex,http://ufcstats.com/fighter-details/8944a0f9b2f0ce6d,--,0,1,0,0.0,0.0,0.0,0.0,0.0,0.0,0.0,0.0,
Melissa,http://ufcstats.com/fighter-details/51e2f44a8dbf6984,"68.0""",8,3,0,4.27,47.0,2.13,59.0,2.02,50.0,66.0,0.3,
Kevin,http://ufcstats.com/fighter-details/35b3772629e27a49,"73.0""",21,15,0,2.65,34.0,3.1,41.0,0.48,5.0,30.0,0.5,
Kiefer,http://ufcstats.com/fighter-details/4729c93ba705a3bf,"70.0""",10,6,0,4.46,64.0,5.8,46.0,0.0,0.0,40.0,0.0,
Ken,http://ufcstats.com/fighter-details/923767209632e08a,"72.0""",11,3,0,2.2,57.0,1.4,55.0,1.0,12.0,66.0,0.0,
Jeff,http://ufcstats.com/fighter-details/98601a40e9d96047,--,1,1,0,0.93,35.0,3.33,54.0,5.0,38.0,0.0,1.0,
Allen,http://ufcstats.com/fighter-details/a9d6e047ce48ab63,"76.0""",10,4,0,2.95,51.0,2.95,56.0,1.85,33.0,100.0,1.2,
Daron,http://ufcstats.com/fighter-details/5f99b2bafb10305f,"72.0""",18,10,0,2.88,38.0,2.98,57.0,2.04,41.0,60.0,0.2,
Richard,http://ufcstats.com/fighter-details/22ee260735da0d58,--,19,4,0,1.72,41.0,1.45,58.0,4.08,61.0,65.0,1.3,
Jimmy,http://ufcstats.com/fighter-details/70e1f8a821b72c8b,"74.0""",14,4,2,4.15,52.0,3.65,42.0,4.39,52.0,58.0,2.0,
Marcio,http://ufcstats.com/fighter-details/6aa1cbc1466e9a0b,--,8,3,0,2.92,46.0,1.51,68.0,0.53,7.0,37.0,1.6,
Dominick,http://ufcstats.com/fighter-details/10f3ba6cd2f44a97,"68.0""",24,4,0,3.91,33.0,2.61,70.0,2.82,42.0,83.0,0.1,
Aalon,http://ufcstats.com/fighter-details/003d82fa384ca1d0,"78.0""",8,4,0,7.58,39.0,8.88,58.0,0.0,0.0,0.0,0.0,
Timmy,http://ufcstats.com/fighter-details/0e46690e55a8df75,"71.0""",10,3,0,2.77,44.0,3.58,57.0,1.31,31.0,72.0,0.0,
Jay,http://ufcstats.com/fighter-details/683ea28a198936fe,--,8,1,0,0.93,21.0,4.73,36.0,0.0,0.0,71.0,0.0,
Emilio,http://ufcstats.com/fighter-details/3aeb69b4a13ff0e8,--,6,1,0,0.0,0.0,0.0,0.0,0.0,0.0,0.0,0.0,
Josh,http://ufcstats.com/fighter-details/6751eacd16bd59bc,"73.0""",11,4,1,3.41,44.0,3.04,59.0,0.0,0.0,65.0,0.3,
Chris,http://ufcstats.com/fighter-details/e59b13321562eed3,--,20,15,0,0.0,0.0,0.0,0.0,0.0,0.0,0.0,0.0,
Abel,http://ufcstats.com/fighter-details/2f8f3c69522db931,--,20,6,0,1.82,40.0,1.23,46.0,4.01,52.0,0.0,2.8,
Zak,http://ufcstats.com/fighter-details/4ba8d454f762005d,"75.0""",25,7,0,2.96,35.0,2.91,55.0,0.62,28.0,66.0,0.6,
Everett,http://ufcstats.com/fighter-details/05e4be525cb3578c,--,12,0,0,0.43,60.0,4.34,45.0,0.0,0.0,0.0,2.2,
Patrick,http://ufcstats.com/fighter-details/e51e5cb722bd47a8,"76.0""",10,7,0,4.26,50.0,3.35,55.0,4.49,41.0,28.0,0.1,
Luke,http://ufcstats.com/fighter-details/93ce4ac89e3d7652,"74.0""",6,6,0,1.74,43.0,1.5,59.0,0.89,55.0,42.0,1.4,
Hugo,http://ufcstats.com/fighter-details/46a17755f80f63e8,"79.0""",8,2,0,0.6,30.0,3.01,34.0,0.0,0.0,0.0,0.0,
Alton,http://ufcstats.com/fighter-details/305bde44ff664788,"77.0""",4,2,0,3.33,75.0,4.94,20.0,1.67,10.0,100.0,0.0,
AJ,http://ufcstats.com/fighter-details/d1053e55f00e53fe,"71.0""",11,5,0,4.22,29.0,6.31,48.0,0.0,0.0,46.0,0.5,
Tommy,http://ufcstats.com/fighter-details/eb49fe2f85ae9526,"71.0""",8,1,0,2.43,17.0,14.22,34.0,0.0,0.0,0.0,0.0,
Santo,http://ufcstats.com/fighter-details/b8b765e320a8db39,"62.0""",6,2,0,1.4,39.0,6.07,34.0,2.0,33.0,100.0,0.0,
Larry,http://ufcstats.com/fighter-details/46f11d15c0134fe3,--,0,2,0,0.0,0.0,0.0,0.0,0.0,0.0,0.0,0.0,
Jeff,http://ufcstats.com/fighter-details/a8ea84cbe1655f0a,"69.0""",36,18,1,1.54,31.0,2.48,60.0,0.35,12.0,35.0,1.2,
Kailin,http://ufcstats.com/fighter-details/05b43e0ead3df345,"65.0""",4,5,0,3.89,43.0,4.75,53.0,2.0,57.0,61.0,0.6,
Pat,http://ufcstats.com/fighter-details/d8291d0dd63da29c,--,22,7,0,4.7,58.0,4.4,63.0,2.5,62.0,66.0,0.0,
Will,http://ufcstats.com/fighter-details/b8ff02d5703eca3a,"76.0""",12,4,0,2.73,47.0,5.67,44.0,2.0,13.0,50.0,0.0,
Chris,http://ufcstats.com/fighter-details/5442f1bc4b47eaf3,"75.0""",32,13,0,5.52,50.0,5.75,54.0,0.0,0.0,64.0,0.0,
Ion,http://ufcstats.com/fighter-details/cd13728ae1151f46,"75.0""",20,11,1,4.23,43.0,3.28,47.0,3.76,49.0,75.0,0.2,
Gleidson,http://ufcstats.com/fighter-details/44a94bbde42246e4,--,7,4,0,2.99,52.0,8.28,59.0,0.0,0.0,0.0,0.0,
Sarah,http://ufcstats.com/fighter-details/ac45450f75d14f16,--,11,7,0,2.4,33.0,0.0,100.0,0.0,0.0,100.0,0.0,
Marcos,http://ufcstats.com/fighter-details/3b6d84343579fd33,--,11,3,0,0.0,0.0,0.0,0.0,0.0,0.0,0.0,0.0,
Henrique,http://ufcstats.com/fighter-details/b0bd0c5425668b8f,"76.0""",14,5,0,3.89,60.0,5.28,40.0,0.25,14.0,22.0,0.2,
Ariane,http://ufcstats.com/fighter-details/6551c64fbcd1a467,"67.0""",17,11,0,4.05,41.0,4.4,50.0,0.47,38.0,68.0,0.3,
Alex,http://ufcstats.com/fighter-details/c3ded6f7155f9ea4,"73.0""",21,4,0,2.14,46.0,2.52,56.0,1.97,43.0,76.0,0.3,
Radley,http://ufcstats.com/fighter-details/0d68c7bfdff1dc34,"71.0""",8,1,0,0.27,22.0,0.93,48.0,6.0,100.0,100.0,0.0,
Henrique,http://ufcstats.com/fighter-details/1f8cd7634e8286ff,--,5,2,0,0.0,0.0,0.0,0.0,0.0,0.0,0.0,0.0,
Deni,http://ufcstats.com/fighter-details/d28bef63e7d8d536,"74.0""",6,2,0,3.47,38.0,6.45,38.0,0.0,0.0,0.0,0.0,
Nicolas,http://ufcstats.com/fighter-details/9d19d9e4aa2662e8,"74.0""",24,6,1,3.88,43.0,3.51,52.0,0.9,26.0,59.0,0.1,
Paul,http://ufcstats.com/fighter-details/23725c826c481e7f,"76.0""",39,15,2,3.14,47.0,2.37,60.0,0.91,40.0,64.0,0.0,
Dave,http://ufcstats.com/fighter-details/ddbd0d6259ce57cc,--,30,19,2,0.0,0.0,1.85,50.0,0.0,0.0,0.0,0.0,
Richard,http://ufcstats.com/fighter-details/6cd3dfc54f01287f,--,4,3,1,1.2,69.0,3.27,25.0,1.0,11.0,0.0,0.0,
Aisling,http://ufcstats.com/fighter-details/e50cd77732d39967,"64.0""",16,6,0,2.92,52.0,1.4,55.0,2.15,41.0,33.0,0.9,
Marko,http://ufcstats.com/fighter-details/6e9b5c74c0860deb,--,0,2,0,0.0,0.0,0.0,0.0,0.0,0.0,0.0,0.0,
Leonardo,http://ufcstats.com/fighter-details/acd870570949d8a2,"69.0""",10,3,1,1.67,23.0,4.17,37.0,0.0,0.0,50.0,0.0,
Rodrigo,http://ufcstats.com/fighter-details/a20d7dfaba74c067,"71.0""",13,9,0,3.5,36.0,5.61,57.0,0.44,16.0,80.0,0.3,
Carina,http://ufcstats.com/fighter-details/033343da4c0cff8a,--,2,13,0,0.0,0.0,0.0,0.0,0.0,0.0,0.0,0.0,
Batgerel,http://ufcstats.com/fighter-details/3b0a516d2921e0d6,"70.0""",12,5,0,5.38,36.0,4.21,47.0,0.52,50.0,62.0,0.0,
Cindy,http://ufcstats.com/fighter-details/9eef6584fab21fbb,--,8,3,0,3.13,32.0,3.4,58.0,5.0,55.0,0.0,0.0,
Peter,http://ufcstats.com/fighter-details/5f119b24c0f9679c,"68.0""",8,4,0,4.99,52.0,6.73,38.0,0.0,0.0,62.0,0.0,
Jarjis,http://ufcstats.com/fighter-details/8614b7134913f5d5,"74.0""",7,1,1,3.38,50.0,5.25,49.0,0.51,16.0,100.0,0.0,
Jose,http://ufcstats.com/fighter-details/baa9be02c3e3e038,"74.0""",11,7,0,2.13,36.0,5.34,46.0,0.39,33.0,27.0,0.0,
Raymond,http://ufcstats.com/fighter-details/fccb0fee256b7b4d,--,0,1,0,0.0,0.0,2.61,38.0,0.0,0.0,33.0,3.0,
Marques,http://ufcstats.com/fighter-details/55a80a9365bc107d,--,5,5,0,0.0,0.0,0.0,0.0,0.0,0.0,0.0,0.0,
Anvarbek,http://ufcstats.com/fighter-details/859e0dafd04fe1ca,--,8,0,0,0.0,0.0,0.0,0.0,0.0,0.0,0.0,0.0,
Alexandre,http://ufcstats.com/fighter-details/8dc46e9a7895ce1a,--,0,3,0,0.21,25.0,1.87,60.0,0.0,0.0,0.0,3.1,
Eduardo,http://ufcstats.com/fighter-details/676a2e5ec4d7338c,--,20,4,0,3.33,60.0,3.0,60.0,4.0,23.0,100.0,0.0,
Mac,http://ufcstats.com/fighter-details/86f582852a5b240a,"70.0""",21,12,1,3.39,48.0,3.44,57.0,1.2,37.0,46.0,0.6,
Karen,http://ufcstats.com/fighter-details/d2fa318f34d0aadc,"68.0""",13,6,0,3.43,51.0,2.62,67.0,2.14,75.0,0.0,0.0,
Beneil,http://ufcstats.com/fighter-details/08af939f41b5a57b,"72.0""",23,8,1,3.74,49.0,2.63,57.0,2.21,38.0,82.0,0.8,
Sean,http://ufcstats.com/fighter-details/a683f9ddb70aa4bd,--,0,2,0,0.0,0.0,0.0,0.0,0.0,0.0,0.0,0.0,
Kyle,http://ufcstats.com/fighter-details/d6c0cdd7e467c440,"76.0""",17,4,0,3.32,53.0,2.9,42.0,2.08,25.0,82.0,2.1,
Chris,http://ufcstats.com/fighter-details/d0aaedcf7ccd0b45,"76.0""",12,7,0,6.05,50.0,4.64,55.0,0.0,0.0,100.0,0.0,
Brian,http://ufcstats.com/fighter-details/42775dc893603154,--,13,4,0,0.0,0.0,0.0,0.0,0.0,0.0,0.0,0.0,
Rick,http://ufcstats.com/fighter-details/2549d63da9c456cb,--,3,1,1,3.09,50.0,6.19,64.0,0.0,0.0,0.0,0.0,
Marcus,http://ufcstats.com/fighter-details/b7d524c77c27389b,"70.0""",22,11,0,2.72,39.0,2.79,65.0,1.6,48.0,47.0,1.4,
LC,http://ufcstats.com/fighter-details/6dab8ce5e4bffe77,"69.0""",23,8,0,2.04,30.0,2.1,59.0,2.27,46.0,66.0,0.2,
Phil,http://ufcstats.com/fighter-details/902ab9197b83d0db,"79.0""",17,4,0,2.85,34.0,1.33,72.0,2.99,38.0,72.0,0.6,
Lemont,http://ufcstats.com/fighter-details/a993ef2dd36cea5f,--,2,6,0,0.87,54.0,1.27,55.0,1.0,50.0,0.0,1.0,
Mike,http://ufcstats.com/fighter-details/c8661e204c66f325,--,2,0,0,0.0,0.0,0.0,0.0,0.0,0.0,0.0,0.0,
Justin,http://ufcstats.com/fighter-details/20697b334f6c0a45,--,13,16,0,0.0,0.0,0.0,0.0,0.0,0.0,0.0,0.0,
Alexis,http://ufcstats.com/fighter-details/4c2d90e335e6df19,"68.0""",21,11,0,4.63,49.0,4.45,54.0,0.95,44.0,34.0,0.7,
Danny,http://ufcstats.com/fighter-details/570d40f993171b19,--,13,11,1,0.0,0.0,0.0,0.0,0.0,0.0,0.0,0.0,
Brandon,http://ufcstats.com/fighter-details/cc351e408bbb7d43,"72.0""",14,10,0,4.68,35.0,4.62,58.0,0.74,42.0,57.0,0.1,
Mike,http://ufcstats.com/fighter-details/fb3e61720be4690c,"72.0""",12,3,0,4.73,53.0,5.23,54.0,2.4,44.0,60.0,0.8,
Hakeem,http://ufcstats.com/fighter-details/2c9d00968f818270,"73.0""",13,4,1,5.45,50.0,3.37,56.0,0.0,0.0,65.0,0.0,
Grant,http://ufcstats.com/fighter-details/99bd51917728c25d,"72.0""",23,3,1,3.21,52.0,2.13,44.0,3.81,39.0,57.0,1.1,
Jason,http://ufcstats.com/fighter-details/a6fd2173d5e2d7f0,"72.0""",19,12,0,3.61,54.0,3.46,47.0,1.13,100.0,0.0,0.0,
Martin,http://ufcstats.com/fighter-details/ea3dcc417c322064,"73.0""",8,6,0,3.97,45.0,3.79,53.0,0.72,60.0,65.0,0.5,
Angel,http://ufcstats.com/fighter-details/4b450aa602611baa,--,18,6,0,5.68,46.0,6.32,47.0,0.0,0.0,0.0,0.0,
Yorgan,http://ufcstats.com/fighter-details/1eff7bc0f815b270,"74.0""",6,3,0,2.46,43.0,3.85,53.0,0.0,0.0,77.0,0.0,
Geraldo,http://ufcstats.com/fighter-details/9cfbfae5fa1fdd93,"72.0""",12,6,0,3.67,52.0,2.62,50.0,3.0,45.0,59.0,0.0,
Philip,http://ufcstats.com/fighter-details/6ef65b6a152e49d5,"79.0""",12,6,0,2.3,47.0,3.0,37.0,3.29,42.0,100.0,0.6,
Chris,http://ufcstats.com/fighter-details/e51ee8ded927fc51,"80.0""",5,3,0,4.08,45.0,6.37,43.0,2.02,30.0,33.0,1.0,
Montana,http://ufcstats.com/fighter-details/80d8aed0ca9b00f3,"68.0""",13,9,1,2.9,37.0,3.39,45.0,1.85,33.0,68.0,0.8,
Mark,http://ufcstats.com/fighter-details/f57dd0bfa8c17813,"65.0""",11,5,0,3.13,35.0,5.0,48.0,0.54,13.0,40.0,0.2,
Mike,http://ufcstats.com/fighter-details/1971869b7e054261,"71.0""",14,7,0,3.21,39.0,4.75,51.0,0.36,16.0,83.0,0.0,
Rodrigo,http://ufcstats.com/fighter-details/a4dc47001f202bcd,--,8,3,1,1.29,33.0,5.5,32.0,2.66,36.0,0.0,1.3,
Edilberto,http://ufcstats.com/fighter-details/afdb76fbd86f6d11,--,29,15,2,4.12,32.0,6.79,61.0,0.0,0.0,0.0,0.0,
Johil,http://ufcstats.com/fighter-details/f9aa6376ae16bfb4,--,17,15,1,0.51,34.0,0.73,58.0,1.1,50.0,44.0,0.6,
Jorge,http://ufcstats.com/fighter-details/ddf3e0ea10ea6d8c,--,9,2,0,1.26,31.0,4.84,48.0,0.0,0.0,22.0,0.0,
Jair,http://ufcstats.com/fighter-details/f14fbb2e55da044c,"69.0""",6,1,0,3.98,60.0,3.45,69.0,0.0,0.0,0.0,0.0,
Isabela,http://ufcstats.com/fighter-details/e0f959f65d0406b4,"64.0""",5,2,0,1.0,35.0,2.07,50.0,2.0,66.0,0.0,1.0,
Gloria,http://ufcstats.com/fighter-details/5dd180c8b3196786,"67.0""",6,5,0,4.89,53.0,3.77,66.0,0.74,37.0,65.0,0.5,
Germaine,http://ufcstats.com/fighter-details/1d239d571e342453,"71.0""",10,5,0,2.57,46.0,2.0,65.0,0.0,0.0,65.0,0.4,
Reinier,http://ufcstats.com/fighter-details/d549cefc7c54ab78,"78.0""",21,4,0,2.47,48.0,2.36,46.0,2.56,29.0,40.0,0.6,
Crezio,http://ufcstats.com/fighter-details/3746e21bb508391a,--,1,2,0,0.0,0.0,0.0,0.0,0.0,0.0,0.0,0.0,
Carl,http://ufcstats.com/fighter-details/914a897455693650,"69.0""",17,7,0,1.53,31.0,1.85,61.0,0.0,0.0,50.0,0.0,
Tom,http://ufcstats.com/fighter-details/0bcfe2513cb3bc39,--,9,2,0,1.5,35.0,4.43,37.0,1.0,50.0,28.0,0.5,
Issac,http://ufcstats.com/fighter-details/0e2c2daf11b5d8f2,--,12,7,1,0.0,0.0,0.0,0.0,0.0,0.0,0.0,0.0,
Rafael,http://ufcstats.com/fighter-details/e82b2adcaeff71ec,--,6,20,0,5.58,40.0,0.0,0.0,20.93,100.0,100.0,0.0,
Shane,http://ufcstats.com/fighter-details/85980f5da429c0a6,--,11,2,0,3.93,60.0,2.97,54.0,1.2,40.0,16.0,2.4,
Wallen,http://ufcstats.com/fighter-details/a62f85f6a6c19a4c,"67.0""",8,2,0,1.4,32.0,4.73,40.0,1.0,16.0,100.0,0.0,
Yadier,http://ufcstats.com/fighter-details/70380ccdc81915b8,"69.0""",10,1,0,4.05,60.0,2.16,55.0,1.23,42.0,58.0,2.0,
Jose,http://ufcstats.com/fighter-details/d7c4956d61ae76a9,"70.0""",17,3,0,8.43,64.0,3.5,68.0,0.0,0.0,75.0,0.0,
Humberto,http://ufcstats.com/fighter-details/bfaf4c87936b4fae,--,7,7,0,0.0,0.0,0.0,0.0,0.0,0.0,0.0,0.0,
Rolando,http://ufcstats.com/fighter-details/37b1696e6d115957,"77.0""",11,6,1,1.56,40.0,1.83,62.0,1.17,22.0,0.0,3.5,
Israel,http://ufcstats.com/fighter-details/01f4bcd26ac08ad5,--,0,2,0,0.0,0.0,0.0,0.0,0.0,0.0,0.0,0.0,
Jose,http://ufcstats.com/fighter-details/7d6ceff6747f2de2,"74.0""",11,2,0,7.48,54.0,4.95,50.0,1.51,40.0,50.0,0.0,
Ante,http://ufcstats.com/fighter-details/7d8435c56043b0ae,"78.0""",26,8,0,4.28,38.0,3.95,52.0,0.0,0.0,75.0,0.0,
Jack,http://ufcstats.com/fighter-details/6b453bc35a823c3f,"73.0""",18,4,0,5.32,51.0,4.24,61.0,0.34,20.0,64.0,0.1,
Roland,http://ufcstats.com/fighter-details/173acb3f920082b8,"71.0""",9,5,0,2.28,44.0,4.32,40.0,2.51,34.0,42.0,1.6,
Jon,http://ufcstats.com/fighter-details/0d0351c20169a499,"67.0""",8,5,0,2.99,38.0,4.14,51.0,3.2,83.0,55.0,1.9,
Jason,http://ufcstats.com/fighter-details/6ceff86fae4f6b3b,--,33,21,1,0.0,0.0,0.0,0.0,0.0,0.0,0.0,0.0,
Justin,http://ufcstats.com/fighter-details/985bca5a097fb3f4,--,15,7,1,0.0,0.0,0.0,0.0,0.0,0.0,0.0,0.0,
Vanessa,http://ufcstats.com/fighter-details/2c483cf443f38ece,"59.0""",11,8,0,3.37,39.0,5.39,41.0,0.32,9.0,26.0,0.4,
Chris,http://ufcstats.com/fighter-details/dfae5da5676e4194,"72.0""",11,5,0,2.25,32.0,2.82,65.0,2.64,23.0,16.0,0.0,
Nick,http://ufcstats.com/fighter-details/e4aaaa34535e32b6,--,11,3,0,6.54,53.0,5.42,36.0,2.8,100.0,80.0,0.0,
Thomas,http://ufcstats.com/fighter-details/a11a6ee8eeb03c18,--,27,21,1,2.36,45.0,4.69,40.0,1.48,17.0,42.0,1.5,
Robert,http://ufcstats.com/fighter-details/b72f3cafa6376e35,--,9,10,0,1.81,47.0,0.4,60.0,0.0,0.0,50.0,0.0,
Jason,http://ufcstats.com/fighter-details/fa8b9e6b0c2269f8,"71.0""",22,13,0,2.01,39.0,3.7,62.0,0.0,0.0,26.0,1.4,
Mackenzie,http://ufcstats.com/fighter-details/7447e9f28508106a,"63.0""",16,5,0,3.47,41.0,3.93,51.0,0.93,18.0,37.0,1.1,
Booker,http://ufcstats.com/fighter-details/f2c91b67f71bbeab,--,6,5,0,0.0,0.0,0.0,0.0,0.0,0.0,0.0,0.0,
Tony,http://ufcstats.com/fighter-details/6ad9058b7c7898b0,"70.0""",11,4,0,1.12,52.0,1.57,41.0,2.25,42.0,40.0,1.5,
Robelis,http://ufcstats.com/fighter-details/140567899d98978a,"84.0""",5,2,0,2.11,59.0,2.54,46.0,0.0,0.0,50.0,0.0,
Cory,http://ufcstats.com/fighter-details/48544433372ecfa6,--,16,7,0,4.07,41.0,4.0,47.0,1.07,12.0,62.0,0.0,
John,http://ufcstats.com/fighter-details/2bcc39af95d6f2e8,--,6,4,0,1.52,18.0,2.28,57.0,0.0,0.0,0.0,0.0,
Edwin,http://ufcstats.com/fighter-details/75bbd2206a15319f,--,38,17,0,1.53,33.0,6.19,39.0,2.18,66.0,0.0,3.3,
Rabindra,http://ufcstats.com/fighter-details/9f8bd85aaeec2f56,--,9,1,0,0.0,0.0,0.0,0.0,0.0,0.0,0.0,0.0,
Alessio,http://ufcstats.com/fighter-details/77d7295d1b22c694,"74.0""",13,7,0,3.32,39.0,3.44,61.0,1.46,39.0,83.0,0.0,
Micol,http://ufcstats.com/fighter-details/8126e4dff0cdf69e,"60.0""",7,3,0,7.47,40.0,5.87,33.0,0.0,0.0,37.0,0.0,
Cyrille,http://ufcstats.com/fighter-details/43563a32c3f10e95,"81.0""",19,10,1,4.06,71.0,1.78,60.0,1.17,83.0,53.0,0.2,
Thomas,http://ufcstats.com/fighter-details/8567466ae167216b,--,6,6,1,4.53,48.0,4.53,63.0,2.0,100.0,66.0,0.0,
Marc,http://ufcstats.com/fighter-details/32c355b04fc57f3a,"73.0""",17,7,0,2.54,40.0,2.64,52.0,3.29,43.0,66.0,0.0,
Tyler,http://ufcstats.com/fighter-details/f5f6419c5f00abad,"69.0""",9,1,0,3.4,47.0,2.53,44.0,3.0,75.0,70.0,0.0,
Blood,http://ufcstats.com/fighter-details/9edf2c9082cc2cd8,"76.0""",3,3,0,3.12,55.0,2.17,48.0,0.0,0.0,73.0,0.0,
Eldo Xavier,http://ufcstats.com/fighter-details/ee5df903f80c6816,--,0,1,0,0.0,0.0,0.0,0.0,0.0,0.0,0.0,0.0,
Rafael,http://ufcstats.com/fighter-details/b5abaa65f87938eb,--,17,12,2,1.13,27.0,2.19,60.0,3.17,47.0,100.0,1.2,
Hacran,http://ufcstats.com/fighter-details/ed209f6618c82e41,"69.0""",23,6,1,2.08,41.0,3.31,55.0,2.5,39.0,76.0,0.5,
Victor,http://ufcstats.com/fighter-details/f7202b3130421d27,"69.0""",11,3,0,2.87,44.0,5.8,55.0,5.0,41.0,0.0,0.0,
Luis Felipe,http://ufcstats.com/fighter-details/33a86e839ad202d8,"74.0""",17,5,0,1.77,38.0,2.7,52.0,6.24,57.0,66.0,1.6,
Magno,http://ufcstats.com/fighter-details/270e84d8174721d2,"67.0""",6,2,0,2.44,45.0,7.32,50.0,1.41,33.0,0.0,1.4,
Nick,http://ufcstats.com/fighter-details/f57a8a52ca401ed9,"76.0""",26,10,0,5.71,42.0,3.84,59.0,1.28,32.0,60.0,1.0,
Nate,http://ufcstats.com/fighter-details/8355922d564b152c,"76.0""",22,13,0,4.57,45.0,3.77,52.0,1.05,30.0,41.0,1.3,
Michael,http://ufcstats.com/fighter-details/5e7a48e469770615,--,1,2,0,0.0,0.0,0.0,0.0,0.0,0.0,0.0,0.0,
Ryan,http://ufcstats.com/fighter-details/ceee5dd37253199a,--,13,14,0,0.0,0.0,0.0,0.0,0.0,0.0,0.0,0.0,
Adrian,http://ufcstats.com/fighter-details/bfa8f263815cfa2e,--,11,4,1,0.48,42.0,3.84,51.0,2.4,50.0,0.0,0.0,
Ozzy,http://ufcstats.com/fighter-details/6967153c7edb4d87,"79.0""",10,3,0,6.44,50.0,7.23,59.0,0.0,0.0,50.0,0.0,
Juan,http://ufcstats.com/fighter-details/74939a16c7b56f33,"69.0""",15,1,1,5.82,39.0,5.02,60.0,3.01,33.0,0.0,0.0,
Mark,http://ufcstats.com/fighter-details/2482ef3331a82e75,--,11,3,0,0.0,0.0,0.0,0.0,0.0,0.0,0.0,0.0,
Josh,http://ufcstats.com/fighter-details/414bddf0c80c41e1,--,15,8,0,0.28,5.0,8.17,25.0,0.0,0.0,0.0,0.0,
Kyle,http://ufcstats.com/fighter-details/31da66df48c0c1a0,--,5,2,0,1.82,45.0,2.08,62.0,0.0,0.0,0.0,0.0,
Seth,http://ufcstats.com/fighter-details/eb42d4febfafefd1,"69.0""",9,8,0,1.45,26.0,2.18,55.0,0.0,0.0,45.0,0.9,
TJ,http://ufcstats.com/fighter-details/c849740a3ff51931,"67.0""",18,5,0,5.09,41.0,3.47,62.0,1.56,30.0,77.0,0.8,
Ralph,http://ufcstats.com/fighter-details/b4f7a2d8ecc5e0c3,--,0,2,1,0.34,14.0,0.69,60.0,0.0,0.0,0.0,0.0,
Drew,http://ufcstats.com/fighter-details/cc2ad11b1f9d818b,--,3,4,0,3.7,73.0,3.17,20.0,0.0,0.0,0.0,0.0,
Ding,http://ufcstats.com/fighter-details/e0664abaa023fd6f,"73.0""",34,9,0,3.4,50.0,3.87,48.0,1.0,50.0,0.0,0.0,
Rodolfo Marques,http://ufcstats.com/fighter-details/2d2239d0f6fa83dd,--,23,9,1,1.08,32.0,2.36,33.0,0.0,0.0,50.0,1.8,
Jhonata,http://ufcstats.com/fighter-details/25f9a5f3e8a52618,"79.0""",9,2,0,3.89,56.0,3.62,56.0,0.0,0.0,70.0,0.0,
Helio,http://ufcstats.com/fighter-details/73eb2a552c92a821,--,6,3,0,0.6,25.0,1.8,62.0,0.0,0.0,50.0,0.0,
Rico,http://ufcstats.com/fighter-details/ec7f7263bf36579b,--,9,2,0,1.71,33.0,4.41,56.0,0.0,0.0,0.0,0.0,
Matt,http://ufcstats.com/fighter-details/1db445a4468447d0,"75.0""",9,1,0,1.97,43.0,4.56,37.0,3.06,30.0,0.0,0.0,
John,http://ufcstats.com/fighter-details/ad4e9055bf8cd04d,--,15,22,0,0.0,0.0,0.0,0.0,0.0,0.0,0.0,0.0,
Anthony,http://ufcstats.com/fighter-details/7c9aeba0c4d4bd78,--,4,2,0,0.0,0.0,0.0,0.0,0.0,0.0,0.0,0.0,
Russell,http://ufcstats.com/fighter-details/f50d95223751e6ca,"70.0""",15,8,0,1.75,40.0,1.68,53.0,2.11,45.0,52.0,0.8,
Drew,http://ufcstats.com/fighter-details/519e4fe37ce9ff75,"70.0""",29,15,0,4.48,41.0,4.33,53.0,0.61,16.0,58.0,0.1,
Shana,http://ufcstats.com/fighter-details/122ac9b816d8b71c,"69.0""",4,5,0,3.34,37.0,5.2,50.0,0.84,50.0,14.0,0.0,
AJ,http://ufcstats.com/fighter-details/009c4420727149ea,"76.0""",7,3,0,4.29,46.0,5.31,46.0,1.67,75.0,65.0,0.3,
David,http://ufcstats.com/fighter-details/c2a7623f398d9bd7,--,4,7,0,0.0,0.0,0.0,0.0,0.0,0.0,0.0,0.0,
John,http://ufcstats.com/fighter-details/99506df1af6c8b3b,"66.0""",22,12,0,3.2,40.0,3.58,61.0,0.71,28.0,82.0,0.0,
Joe,http://ufcstats.com/fighter-details/dbaaf42313af90fa,"75.0""",51,16,0,1.43,42.0,2.79,50.0,2.02,33.0,33.0,2.3,
Mike,http://ufcstats.com/fighter-details/29b5791e51e7e832,--,5,10,0,0.0,0.0,0.0,0.0,0.0,0.0,0.0,0.0,
Roman,http://ufcstats.com/fighter-details/327d5f279895110d,"76.0""",15,5,0,3.19,41.0,3.71,48.0,1.16,43.0,32.0,0.7,
Cameron,http://ufcstats.com/fighter-details/3bbcd63a016d9715,--,11,5,0,5.04,38.0,2.94,61.0,0.0,0.0,0.0,0.0,
CB,http://ufcstats.com/fighter-details/5d7bdab5e03e3216,"76.0""",17,9,0,2.65,47.0,2.58,54.0,3.55,54.0,62.0,1.2,
Dennis,http://ufcstats.com/fighter-details/4145caa2c999fbac,--,7,5,0,0.0,0.0,0.0,0.0,0.0,0.0,0.0,0.0,
OJ,http://ufcstats.com/fighter-details/1a50e734bb54861a,--,0,1,0,0.0,0.0,0.0,0.0,0.0,0.0,0.0,0.0,
John,http://ufcstats.com/fighter-details/1c610f900f9884ab,--,2,2,0,1.21,23.0,4.22,51.0,0.0,0.0,0.0,0.0,
Daniil,http://ufcstats.com/fighter-details/70dd69b6a703257e,"71.0""",14,2,0,7.15,60.0,2.57,72.0,0.77,33.0,75.0,0.0,
Dong,http://ufcstats.com/fighter-details/bad82b681819b272,"61.0""",12,3,0,3.5,59.0,3.13,65.0,4.0,44.0,100.0,0.0,
Cody,http://ufcstats.com/fighter-details/7bc96507e4b38d3b,"74.0""",8,5,0,5.61,59.0,5.44,45.0,1.67,28.0,0.0,1.7,
Houston,http://ufcstats.com/fighter-details/312f47c3d2f83ffa,--,1,2,0,0.0,0.0,0.0,0.0,0.0,0.0,0.0,0.0,
Rafael,http://ufcstats.com/fighter-details/6a2f7c151031653d,"70.0""",32,17,0,3.48,47.0,3.23,60.0,1.95,35.0,54.0,0.6,
Junior,http://ufcstats.com/fighter-details/63def5a5662a6917,"77.0""",21,9,0,4.49,47.0,3.33,56.0,0.3,50.0,81.0,0.1,
Geronimo,http://ufcstats.com/fighter-details/b51f6791c794e289,--,39,19,0,1.09,33.0,8.73,41.0,0.0,0.0,33.0,0.0,
Antonio,http://ufcstats.com/fighter-details/81b8b3fb019dc69d,--,6,4,0,5.4,51.0,3.94,43.0,0.0,0.0,100.0,0.0,
Anderson,http://ufcstats.com/fighter-details/bbc9ab95fa766493,"70.0""",21,9,0,2.7,25.0,5.37,49.0,0.98,14.0,66.0,0.7,
Acacio,http://ufcstats.com/fighter-details/957562fdf68a725a,"79.0""",14,5,0,1.27,41.0,1.4,43.0,0.0,0.0,31.0,0.0,
Rayanne,http://ufcstats.com/fighter-details/02bb48869eb7ac8f,"62.0""",14,9,0,4.57,40.0,6.47,59.0,0.5,14.0,80.0,0.0,
Felipe,http://ufcstats.com/fighter-details/5cdf5339728f580d,"70.0""",8,3,0,3.75,39.0,3.8,41.0,0.0,0.0,20.0,0.5,
Tiago,http://ufcstats.com/fighter-details/8ce87f7e3a9baed2,"70.0""",20,7,2,3.69,35.0,4.23,59.0,0.63,11.0,33.0,0.3,
Oleksandr,http://ufcstats.com/fighter-details/86cb6f5b1ca98dc0,--,10,2,0,0.0,0.0,0.0,0.0,0.0,0.0,0.0,0.0,
David,http://ufcstats.com/fighter-details/7cf0944b88966118,--,9,7,0,0.0,0.0,0.0,0.0,0.0,0.0,0.0,0.0,
Damion,http://ufcstats.com/fighter-details/ce3b669e39418414,--,4,1,0,0.0,0.0,0.0,0.0,0.0,0.0,0.0,0.0,
Lerryan,http://ufcstats.com/fighter-details/640a0f838f057a81,"72.0""",14,5,0,8.67,64.0,4.82,63.0,0.0,0.0,0.0,0.0,
Cedric,http://ufcstats.com/fighter-details/5159e6ee100c717e,--,2,0,0,0.0,0.0,0.0,0.0,0.0,0.0,0.0,0.0,
John,http://ufcstats.com/fighter-details/e780ccc79a209985,--,0,1,0,0.0,0.0,0.0,0.0,0.0,0.0,0.0,0.0,
Jordan,http://ufcstats.com/fighter-details/0d9312337fdce39a,--,4,3,0,2.11,44.0,2.63,50.0,0.0,0.0,0.0,0.0,
Danny,http://ufcstats.com/fighter-details/a66395395b5f1394,"72.0""",8,3,0,1.66,34.0,3.53,37.0,0.0,0.0,37.0,0.5,
Derek,http://ufcstats.com/fighter-details/b05086131c6f5dc5,--,11,4,0,0.32,100.0,3.36,12.0,2.4,16.0,0.0,0.0,
John,http://ufcstats.com/fighter-details/0509b954421bb327,--,11,22,0,3.5,44.0,10.51,27.0,0.0,0.0,0.0,0.0,
Edson,http://ufcstats.com/fighter-details/f9c7fe2682af3802,--,11,7,0,1.16,40.0,2.39,36.0,0.0,0.0,55.0,0.0,
Jimmy,http://ufcstats.com/fighter-details/cb4bf812d9cb78b4,"71.0""",7,3,0,3.8,29.0,5.6,65.0,1.0,50.0,0.0,0.0,
Anthony,http://ufcstats.com/fighter-details/c2c4052f58f54988,"65.0""",8,2,0,5.8,31.0,5.07,40.0,0.0,0.0,55.0,0.0,
Kyle,http://ufcstats.com/fighter-details/e5e148d4363deff8,"74.0""",12,3,0,2.73,32.0,2.6,58.0,2.0,18.0,0.0,0.0,
Chris,http://ufcstats.com/fighter-details/5fd834edd92c9e50,--,0,1,0,0.0,0.0,0.0,0.0,0.0,0.0,0.0,0.0,
Tomasz,http://ufcstats.com/fighter-details/679a9054e2815943,"76.0""",21,5,1,3.29,38.0,2.26,57.0,3.55,60.0,82.0,0.4,
Robert,http://ufcstats.com/fighter-details/d2a9be6bf2de624c,--,7,0,0,0.0,0.0,0.0,0.0,7.32,100.0,0.0,21.9,
Dricus,http://ufcstats.com/fighter-details/0d7b51c9d2649a6e,"76.0""",23,3,0,5.18,48.0,4.33,52.0,2.22,51.0,34.0,0.7,
Hugo,http://ufcstats.com/fighter-details/706404da0775dcbc,--,6,3,0,0.0,0.0,0.0,0.0,0.0,0.0,0.0,0.0,
Antonio,http://ufcstats.com/fighter-details/29b5d32584e02d8d,--,19,7,0,4.55,40.0,4.18,57.0,0.0,0.0,60.0,0.0,
Joe,http://ufcstats.com/fighter-details/454c3e9d4cd4a1b3,--,10,4,0,2.27,38.0,4.0,53.0,3.0,50.0,69.0,1.0,
Yuneisy,http://ufcstats.com/fighter-details/c3d2b9bcb4cead6b,"65.0""",6,1,0,13.53,48.0,10.75,53.0,0.0,0.0,0.0,0.0,
Matthieu,http://ufcstats.com/fighter-details/ec322adbabbfa6e7,"77.0""",6,3,0,3.93,37.0,6.81,46.0,0.0,0.0,100.0,0.0,
Emily,http://ufcstats.com/fighter-details/02f8fedc18cbd26c,"63.0""",13,9,0,7.45,52.0,7.84,57.0,0.2,14.0,94.0,0.0,
Viktoriia,http://ufcstats.com/fighter-details/6c9b66b43663f2f7,"67.0""",8,2,0,2.87,47.0,3.4,50.0,2.73,35.0,33.0,0.0,
Milana,http://ufcstats.com/fighter-details/072a10e85f7d4bff,--,11,6,0,0.87,31.0,3.43,58.0,2.34,45.0,0.0,0.0,
Adin,http://ufcstats.com/fighter-details/cb6c45b26b0a877a,--,6,1,0,0.0,0.0,0.0,0.0,0.0,0.0,0.0,0.0,
Todd,http://ufcstats.com/fighter-details/bda04c573563cc2e,"78.0""",9,3,0,5.93,37.0,2.87,56.0,0.72,25.0,90.0,0.0,
Joe,http://ufcstats.com/fighter-details/654ae722109a0d31,"73.0""",16,5,0,2.68,34.0,3.78,54.0,0.96,66.0,64.0,0.7,
Jack,http://ufcstats.com/fighter-details/cea51876d8a514a0,"69.0""",7,1,0,5.07,69.0,2.13,52.0,0.0,0.0,62.0,0.0,
Alexis,http://ufcstats.com/fighter-details/4ae4049426e0161d,--,6,3,0,1.33,27.0,3.33,60.0,1.5,50.0,50.0,0.0,
Jessamyn,http://ufcstats.com/fighter-details/a7ddae0be8b78147,"73.0""",3,5,0,4.83,53.0,4.43,57.0,1.27,36.0,50.0,1.9,
Islam,http://ufcstats.com/fighter-details/e803242fb2e41112,"75.0""",12,1,0,8.78,54.0,4.24,50.0,2.2,100.0,100.0,0.0,
Isaac,http://ufcstats.com/fighter-details/a57cb948c4c70a47,"71.0""",7,2,0,2.99,63.0,1.65,40.0,4.57,50.0,0.0,1.8,
Kelly,http://ufcstats.com/fighter-details/1a225f04aa6e0739,--,4,2,0,0.0,0.0,0.67,75.0,0.0,0.0,66.0,0.0,
Sedriques,http://ufcstats.com/fighter-details/4e6738062d469256,"79.0""",10,5,0,1.97,44.0,2.64,53.0,1.3,31.0,33.0,0.2,
Norma,http://ufcstats.com/fighter-details/d3f5d33d61cd00c9,"67.0""",13,3,0,3.85,50.0,2.33,64.0,1.43,54.0,71.0,0.0,
Chris,http://ufcstats.com/fighter-details/fd406a32a6fb3a29,"71.0""",15,3,0,4.83,45.0,4.57,50.0,2.92,40.0,55.0,0.6,
Christian Leroy,http://ufcstats.com/fighter-details/a93f94c923c3a9cb,"79.0""",14,2,0,4.43,57.0,2.59,52.0,0.33,16.0,63.0,0.0,
Evan,http://ufcstats.com/fighter-details/e5c9de15bb58b1c6,"70.0""",18,9,1,5.33,39.0,3.54,61.0,1.82,33.0,79.0,1.0,
Alex,http://ufcstats.com/fighter-details/31732a614e7a3d1d,--,2,2,0,1.94,31.0,8.71,35.0,0.0,0.0,50.0,0.0,
Tom,http://ufcstats.com/fighter-details/e979c76341f19b22,"68.0""",16,2,0,3.83,45.0,5.3,62.0,0.42,25.0,46.0,0.0,
Albert,http://ufcstats.com/fighter-details/6b7c7460855dbbb9,"75.0""",16,5,0,2.99,40.0,3.01,59.0,1.97,29.0,66.0,0.6,
Reuben,http://ufcstats.com/fighter-details/4417980b3e798abf,"71.0""",11,7,1,3.19,49.0,2.61,50.0,0.98,23.0,25.0,0.7,
Cody,http://ufcstats.com/fighter-details/7f6ed67d3ed3c036,"67.0""",18,10,1,3.24,44.0,3.94,50.0,3.99,49.0,56.0,0.7,
Luiz,http://ufcstats.com/fighter-details/2153a7f8396a46cc,--,13,6,1,3.92,50.0,4.8,41.0,0.0,0.0,100.0,0.0,
Rilley,http://ufcstats.com/fighter-details/43db649da89fac4b,--,11,4,0,4.74,54.0,5.95,33.0,0.0,0.0,83.0,0.0,
Bill,http://ufcstats.com/fighter-details/7df4d3c38792b083,--,1,2,0,0.0,0.0,2.4,40.0,0.0,0.0,0.0,0.0,
Merab,http://ufcstats.com/fighter-details/c03520b5c88ed6b4,"68.0""",21,5,0,4.42,41.0,2.8,54.0,5.97,35.0,76.0,0.3,
David,http://ufcstats.com/fighter-details/9ada30894bf04e19,"68.0""",20,6,0,3.48,43.0,3.29,59.0,0.58,30.0,70.0,0.2,
Matt,http://ufcstats.com/fighter-details/8f0d576beba1cfcd,"76.0""",9,4,0,2.57,34.0,3.24,54.0,0.44,10.0,60.0,0.0,
Rolando,http://ufcstats.com/fighter-details/55ed59d541f8b90c,"69.0""",9,7,1,3.04,37.0,4.47,52.0,0.3,20.0,68.0,0.0,
Shanelle,http://ufcstats.com/fighter-details/cfbb3edab781dfd2,"65.0""",7,1,0,7.71,46.0,6.72,51.0,0.7,8.0,100.0,0.0,
Ben,http://ufcstats.com/fighter-details/ee457ef1e1c326c1,--,12,3,0,0.5,55.0,0.2,33.0,3.0,100.0,0.0,0.0,
Cody,http://ufcstats.com/fighter-details/5713c1d2fac539ac,--,12,3,0,4.15,43.0,7.32,40.0,3.97,100.0,16.0,0.0,
Marvin,http://ufcstats.com/fighter-details/05866d8c3a321856,"73.0""",18,15,1,2.21,35.0,3.92,42.0,1.38,33.0,81.0,0.0,
Mike,http://ufcstats.com/fighter-details/bc7230f231701d66,"70.0""",13,6,0,3.51,37.0,4.28,61.0,0.75,22.0,66.0,0.0,
Maurice,http://ufcstats.com/fighter-details/4acb99524a9a81ab,--,7,15,0,0.0,0.0,0.0,0.0,0.0,0.0,0.0,0.0,
Vincent,http://ufcstats.com/fighter-details/ec421d5de0aea624,--,9,2,0,0.0,0.0,0.0,0.0,0.0,0.0,0.0,0.0,
Ross,http://ufcstats.com/fighter-details/a5b0bd216d8ba84e,--,20,10,0,0.74,50.0,0.74,62.0,3.7,100.0,0.0,0.0,
Brian,http://ufcstats.com/fighter-details/32ba186f4b0e3267,"73.0""",51,18,1,2.32,49.0,2.14,56.0,1.7,23.0,61.0,0.1,
Roybert,http://ufcstats.com/fighter-details/20b13e96668caaa4,"67.0""",7,1,0,2.95,53.0,2.52,57.0,0.0,0.0,71.0,2.6,
Mark,http://ufcstats.com/fighter-details/40ff198adda94b9f,"68.0""",6,3,0,3.37,45.0,2.98,54.0,1.45,22.0,63.0,0.0,
Frankie,http://ufcstats.com/fighter-details/f2688492b9a525a3,"68.0""",23,11,1,3.77,40.0,2.82,65.0,2.29,31.0,65.0,0.3,
Abdul-Kerim,http://ufcstats.com/fighter-details/37e03538c960bac6,--,17,4,0,10.22,61.0,0.13,92.0,3.98,100.0,0.0,2.0,
Johnny,http://ufcstats.com/fighter-details/528c24b99fbaab79,"71.0""",28,13,0,2.95,39.0,3.22,63.0,0.22,20.0,58.0,0.4,
Yves,http://ufcstats.com/fighter-details/5f04e3d58d9ce982,"73.0""",42,22,1,2.91,42.0,2.34,66.0,0.76,53.0,69.0,0.7,
Justin,http://ufcstats.com/fighter-details/e56daf7725a0b5ab,"70.0""",9,5,0,2.68,42.0,3.32,51.0,2.14,26.0,27.0,1.0,
Leon,http://ufcstats.com/fighter-details/f1fac969a1d70b08,"74.0""",22,6,0,2.6,54.0,2.44,52.0,1.25,37.0,63.0,0.4,
Te,http://ufcstats.com/fighter-details/ef44e4ea9050f2ea,"72.0""",6,3,0,1.5,41.0,4.15,44.0,0.72,100.0,44.0,0.0,
Adli,http://ufcstats.com/fighter-details/e6904a03a66e711d,--,4,1,0,0.0,0.0,0.0,0.0,0.0,0.0,0.0,0.0,
Joselyne,http://ufcstats.com/fighter-details/f9ab66e67240db7b,"70.0""",18,6,0,4.61,53.0,3.26,50.0,1.29,36.0,62.0,0.6,
Tom,http://ufcstats.com/fighter-details/eae4aec1a5a8ff01,--,7,5,0,0.0,0.0,3.91,50.0,0.0,0.0,28.0,0.0,
Stephanie,http://ufcstats.com/fighter-details/5e6294b37bbef029,"68.0""",8,5,0,2.2,46.0,2.48,52.0,2.48,42.0,50.0,0.6,
Justin,http://ufcstats.com/fighter-details/27fc9218a3653e3c,--,19,7,1,2.86,43.0,5.66,49.0,0.82,25.0,50.0,0.0,
Jon Olav,http://ufcstats.com/fighter-details/0577808d22dfe79c,--,6,3,0,2.15,52.0,3.05,52.0,1.73,55.0,43.0,0.0,
Per,http://ufcstats.com/fighter-details/58bc81376286b3d3,"72.0""",14,5,1,2.07,61.0,2.38,67.0,2.07,11.0,50.0,3.6,
John,http://ufcstats.com/fighter-details/22d80fb67e50ab0b,--,2,0,0,0.0,0.0,0.0,0.0,0.0,0.0,0.0,0.0,
Evan,http://ufcstats.com/fighter-details/d9a56ecb6e94f02e,"72.0""",10,2,0,5.66,50.0,4.94,57.0,0.48,15.0,40.0,0.5,
Billy,http://ufcstats.com/fighter-details/07a74004d964c7f4,"77.0""",10,2,0,2.71,56.0,3.59,46.0,0.85,22.0,0.0,0.8,
John Paul,http://ufcstats.com/fighter-details/e873203fd50542f6,--,3,1,0,0.0,0.0,0.0,0.0,0.0,0.0,0.0,0.0,
Joao,http://ufcstats.com/fighter-details/1a064688481f66e1,"64.0""",17,4,1,0.4,50.0,6.47,20.0,0.0,0.0,50.0,0.0,
Saul,http://ufcstats.com/fighter-details/e295b96f135d758a,--,6,8,0,2.07,30.0,4.93,48.0,2.0,100.0,66.0,1.0,
Darren,http://ufcstats.com/fighter-details/92a9aa9c93192871,"71.0""",29,12,0,3.4,38.0,3.34,51.0,2.87,34.0,56.0,1.1,
Jake,http://ufcstats.com/fighter-details/d81ac739417d7f53,"71.0""",31,15,0,2.47,39.0,2.83,60.0,2.04,47.0,86.0,0.4,
Joe,http://ufcstats.com/fighter-details/8e8e4487c621aa1c,"72.0""",15,2,0,1.62,47.0,3.45,48.0,3.17,40.0,0.0,1.1,
Tim,http://ufcstats.com/fighter-details/c96d9178c9ed9e62,"66.0""",22,14,1,3.51,43.0,3.0,56.0,3.61,45.0,59.0,1.1,
Oban,http://ufcstats.com/fighter-details/6b56e94a59b7b134,"72.0""",12,4,0,3.62,48.0,2.24,61.0,1.52,40.0,52.0,0.0,
Eddy,http://ufcstats.com/fighter-details/e60d773a0a42048a,--,21,16,1,3.4,69.0,1.53,68.0,4.0,66.0,50.0,2.0,
Lisa,http://ufcstats.com/fighter-details/77350fd0e6d1dba8,--,15,11,0,1.68,48.0,2.32,57.0,4.19,63.0,50.0,0.6,
Elisha,http://ufcstats.com/fighter-details/87e4a3a5080ee7ce,"78.0""",5,2,0,1.57,33.0,15.13,40.0,0.0,0.0,0.0,0.0,
Anna,http://ufcstats.com/fighter-details/1536a25e16fc299b,--,3,2,0,3.68,49.0,4.64,56.0,0.0,0.0,33.0,0.0,
Cameron,http://ufcstats.com/fighter-details/5f3da9a9610d8969,"71.0""",10,6,0,1.99,40.0,8.09,51.0,0.0,0.0,0.0,0.0,
Aaron,http://ufcstats.com/fighter-details/1741343f0ca34dd5,--,5,2,0,0.82,15.0,0.66,69.0,2.47,100.0,50.0,4.9,
Sovannahry,http://ufcstats.com/fighter-details/45c8fed13a62fe92,--,3,1,0,0.0,0.0,0.0,0.0,0.0,0.0,0.0,0.0,
Ramazan,http://ufcstats.com/fighter-details/abd5fb12437eda21,"76.0""",20,6,0,2.53,45.0,2.14,65.0,2.37,29.0,66.0,0.7,
Aleksander,http://ufcstats.com/fighter-details/f54200f1dfb9b5d4,--,23,7,0,2.75,41.0,1.7,65.0,2.32,72.0,66.0,0.9,
Fedor,http://ufcstats.com/fighter-details/b8da6f5c80ae2d15,"74.0""",36,5,0,3.18,51.0,1.0,63.0,2.0,63.0,82.0,1.9,
Rob,http://ufcstats.com/fighter-details/dc0f07928009a127,"70.0""",18,12,0,2.5,30.0,2.83,64.0,2.02,52.0,65.0,0.4,
Jamall,http://ufcstats.com/fighter-details/e00a3dee329a51f7,"74.0""",22,8,0,5.1,49.0,3.92,57.0,2.59,53.0,81.0,0.3,
Josh,http://ufcstats.com/fighter-details/fba03cd6cc28dc41,"70.0""",19,7,0,3.67,35.0,4.52,59.0,1.07,36.0,43.0,0.1,
Marius,http://ufcstats.com/fighter-details/e3f443e4cbc3da8f,--,3,3,0,1.71,34.0,0.66,84.0,3.94,100.0,0.0,3.9,
Kevin,http://ufcstats.com/fighter-details/d2f310b5b072e986,--,5,1,0,0.0,0.0,0.0,0.0,0.0,0.0,0.0,0.0,
Kolton,http://ufcstats.com/fighter-details/4122da4f791b2f4f,"69.0""",9,4,0,2.31,25.0,11.54,40.0,0.0,0.0,0.0,0.0,
Oliver,http://ufcstats.com/fighter-details/330bafba312face4,"77.0""",7,2,0,2.38,36.0,3.55,37.0,0.87,16.0,0.0,0.0,
Alex,http://ufcstats.com/fighter-details/d238217e0f8ea8e1,--,14,2,0,0.0,0.0,0.0,0.0,0.0,0.0,0.0,0.0,
Kenny,http://ufcstats.com/fighter-details/daf9be103c1edbbd,--,14,15,0,8.41,79.0,0.0,100.0,5.49,100.0,0.0,11.0,
Ian,http://ufcstats.com/fighter-details/d7adfcfdf7c6c1f8,--,9,3,0,0.11,7.0,7.36,31.0,0.0,0.0,0.0,12.1,
Andy,http://ufcstats.com/fighter-details/993d385f5a475375,"78.0""",10,4,0,3.51,23.0,5.32,57.0,0.0,0.0,58.0,0.0,
Won Jin,http://ufcstats.com/fighter-details/bc7cf284c1c2f16e,--,5,5,1,3.74,44.0,3.58,46.0,0.0,0.0,50.0,0.0,
Yuji,http://ufcstats.com/fighter-details/919fc4bc3edf4de7,"75.0""",11,1,0,2.67,71.0,2.6,44.0,0.0,0.0,60.0,0.0,
Josh,http://ufcstats.com/fighter-details/984b0c4c6e773a1c,--,6,7,0,0.0,0.0,0.0,0.0,0.0,0.0,0.0,0.0,
Abdellah,http://ufcstats.com/fighter-details/b593cd58b0afffb0,"74.0""",7,2,0,0.0,0.0,8.4,0.0,0.0,0.0,0.0,0.0,
Steve,http://ufcstats.com/fighter-details/32ab52e5de93092d,"68.0""",14,4,0,4.64,47.0,4.07,55.0,1.13,28.0,67.0,0.4,
Tom,http://ufcstats.com/fighter-details/7b9a85e5ff31ef47,--,9,4,1,0.94,47.0,1.87,25.0,4.68,60.0,100.0,6.2,
Konstantin,http://ufcstats.com/fighter-details/22061ff217907c78,--,9,3,0,1.07,36.0,1.83,47.0,0.0,0.0,70.0,0.0,
Julian,http://ufcstats.com/fighter-details/902ec2cc48c8ae8a,"74.0""",31,14,0,6.18,48.0,6.31,48.0,1.73,43.0,61.0,0.7,
Jarno,http://ufcstats.com/fighter-details/082eba4cd80f736f,"73.0""",14,6,1,3.29,44.0,3.29,61.0,0.0,0.0,33.0,0.3,
Ivan,http://ufcstats.com/fighter-details/64ad3e3b0efa30bb,"72.0""",14,6,0,2.55,46.0,5.01,53.0,0.45,20.0,61.0,0.0,
Nick,http://ufcstats.com/fighter-details/74061adb224be3cc,--,8,6,0,1.34,69.0,1.59,41.0,1.88,50.0,0.0,0.0,
Chel,http://ufcstats.com/fighter-details/c26ea30823f37316,--,5,1,0,4.06,54.0,1.13,61.0,4.25,100.0,50.0,1.4,
Bobby,http://ufcstats.com/fighter-details/f7ede18b4ec4ec1f,--,5,6,0,0.0,0.0,0.0,0.0,0.0,0.0,0.0,0.0,
Eric,http://ufcstats.com/fighter-details/0e4daed84a8f39a6,--,15,10,1,3.07,71.0,1.74,43.0,0.0,0.0,0.0,2.0,
Pro,http://ufcstats.com/fighter-details/b36874652ed7715d,--,1,0,0,0.0,0.0,0.0,0.0,0.0,0.0,0.0,0.0,
Cole,http://ufcstats.com/fighter-details/5df17b3620145578,"72.0""",17,9,0,1.77,43.0,4.32,49.0,0.43,33.0,13.0,0.0,
Efrain,http://ufcstats.com/fighter-details/83fd97284f4bb4a4,"71.0""",28,12,0,2.92,44.0,2.3,63.0,1.31,40.0,66.0,0.8,
Evan,http://ufcstats.com/fighter-details/ed220e87bef0cc64,--,8,7,0,0.0,0.0,0.0,0.0,0.0,0.0,0.0,0.0,
Carla,http://ufcstats.com/fighter-details/d910665038efc639,"63.0""",20,8,0,2.19,39.0,2.87,54.0,3.28,36.0,47.0,0.3,
Juan,http://ufcstats.com/fighter-details/ccf5dc41417e9daf,"80.0""",11,2,0,2.38,70.0,1.95,40.0,8.93,78.0,50.0,2.4,
Jordan,http://ufcstats.com/fighter-details/215a70f073a7b726,"69.0""",15,9,0,4.22,52.0,2.94,57.0,0.75,28.0,70.0,0.2,
Jodie,http://ufcstats.com/fighter-details/411539901068522f,"64.0""",6,6,0,4.1,31.0,7.37,52.0,0.75,21.0,83.0,0.0,
Rafael,http://ufcstats.com/fighter-details/83455a9d17f57dae,"69.0""",14,1,0,2.4,39.0,3.9,45.0,4.91,33.0,66.0,0.2,
Achilles,http://ufcstats.com/fighter-details/41f3cfdab0b22236,"68.0""",7,1,0,3.2,43.0,3.27,70.0,0.0,0.0,0.0,0.0,
Shaun,http://ufcstats.com/fighter-details/ea9bfe9c25037bba,"68.0""",7,3,0,0.0,0.0,0.0,0.0,4.37,100.0,100.0,0.0,
Terry,http://ufcstats.com/fighter-details/33011768c3c4dc9a,"73.0""",16,5,0,2.16,35.0,2.53,67.0,0.43,30.0,39.0,1.4,
Fred,http://ufcstats.com/fighter-details/8d5daf67983b65ba,--,1,1,0,0.0,0.0,0.0,0.0,0.0,0.0,0.0,0.0,
Scott,http://ufcstats.com/fighter-details/74b5736f1df40be3,--,4,2,0,0.0,0.0,0.54,83.0,8.04,100.0,0.0,0.0,
Sijara,http://ufcstats.com/fighter-details/4234f0097c83fa62,"67.0""",8,7,0,4.3,43.0,3.43,57.0,1.9,44.0,66.0,0.3,
Billy,http://ufcstats.com/fighter-details/9766ed20b68c7c33,"68.0""",13,3,0,4.51,40.0,3.96,61.0,1.6,19.0,61.0,0.2,
Rashad,http://ufcstats.com/fighter-details/ee779c43a8926d52,"75.0""",19,8,1,2.14,37.0,2.42,63.0,2.98,44.0,73.0,0.0,
Doug,http://ufcstats.com/fighter-details/d3de4a24f7eefac8,--,13,10,0,1.79,35.0,2.55,55.0,3.19,83.0,69.0,0.6,
Ashlee,http://ufcstats.com/fighter-details/fc6e681bf6658faf,"67.0""",6,6,0,4.03,34.0,4.59,53.0,0.95,22.0,50.0,0.0,
Dan,http://ufcstats.com/fighter-details/dd8aec6de7035943,--,11,4,0,0.27,10.0,3.86,38.0,0.0,0.0,0.0,4.0,
Tonya,http://ufcstats.com/fighter-details/b12a1d19ee383b7c,"70.0""",19,8,0,1.16,42.0,4.02,38.0,0.93,30.0,33.0,0.9,
Movsar,http://ufcstats.com/fighter-details/76e2870ffafbe38f,"72.0""",20,0,0,3.91,47.0,2.8,61.0,4.78,52.0,61.0,0.2,
Andre,http://ufcstats.com/fighter-details/5f6f049d54728e88,"75.0""",17,9,0,4.28,40.0,4.87,51.0,0.36,75.0,72.0,0.1,
Chris,http://ufcstats.com/fighter-details/54c2576b7f2f1f57,"75.0""",7,1,0,3.4,37.0,4.33,50.0,0.0,0.0,42.0,0.0,
Neal,http://ufcstats.com/fighter-details/0798f558681d0eb5,--,6,0,0,2.27,60.0,1.93,48.0,5.0,62.0,0.0,0.0,
Ethyn,http://ufcstats.com/fighter-details/d776b5814f2400b4,"69.0""",10,2,0,7.44,55.0,4.53,63.0,1.68,60.0,100.0,0.0,
Manuel,http://ufcstats.com/fighter-details/a1cb266d7f44f35f,"68.0""",13,3,0,2.53,27.0,9.73,34.0,2.0,40.0,100.0,0.0,
Jessica,http://ufcstats.com/fighter-details/f72465a784c1b084,"66.0""",15,11,0,3.86,37.0,4.19,55.0,0.58,40.0,57.0,0.5,
Edward,http://ufcstats.com/fighter-details/6224e8d0a34264eb,"70.0""",2,5,0,2.28,32.0,6.25,44.0,1.01,25.0,33.0,0.0,
Urijah,http://ufcstats.com/fighter-details/78114b7199cef90c,"67.0""",35,11,0,2.65,40.0,2.59,64.0,1.54,30.0,58.0,0.8,
Melinda,http://ufcstats.com/fighter-details/8c020156779f7888,"66.0""",4,4,2,4.03,41.0,4.0,62.0,0.0,0.0,100.0,0.0,
Wagnney,http://ufcstats.com/fighter-details/40389d39a92f5bfa,"69.0""",16,4,0,1.19,38.0,0.66,70.0,3.44,64.0,100.0,0.4,
Bartosz,http://ufcstats.com/fighter-details/e17ac6410c8377f4,"75.0""",15,5,0,2.23,68.0,1.46,51.0,7.1,70.0,80.0,0.0,
Ron,http://ufcstats.com/fighter-details/453ee00c3e1ae9dd,--,33,20,0,0.39,40.0,8.9,42.0,0.0,0.0,0.0,0.0,
Jason,http://ufcstats.com/fighter-details/adea9f0090aa8e14,--,4,5,0,0.0,0.0,0.0,0.0,0.0,0.0,0.0,0.0,
Zarah,http://ufcstats.com/fighter-details/862b0b3375aa4b6e,"72.0""",6,6,0,4.55,31.0,7.4,45.0,0.0,0.0,60.0,0.0,
Rinat,http://ufcstats.com/fighter-details/8f765fd5775a8873,"74.0""",24,1,1,5.03,52.0,3.61,54.0,3.91,34.0,91.0,0.2,
Maiquel,http://ufcstats.com/fighter-details/d58478ded5534695,--,37,10,0,1.67,55.0,0.53,86.0,1.0,100.0,71.0,3.0,
Pedro,http://ufcstats.com/fighter-details/f7be1db194e03d7e,"66.0""",16,5,0,3.21,48.0,3.39,50.0,2.73,25.0,66.0,0.0,
Brodie,http://ufcstats.com/fighter-details/91d73ee59347ac16,--,16,7,0,1.69,45.0,2.17,53.0,0.9,50.0,20.0,0.9,
Joao Paulo,http://ufcstats.com/fighter-details/04e9955f33e0c267,--,1,1,0,6.69,64.0,2.09,85.0,1.25,50.0,0.0,1.2,
Kalindra,http://ufcstats.com/fighter-details/27b164b0d1833df0,--,18,8,1,2.23,56.0,1.44,45.0,1.31,66.0,20.0,0.7,
Jair,http://ufcstats.com/fighter-details/431262bbc69215dc,"76.0""",10,1,0,3.8,39.0,5.33,51.0,0.0,0.0,41.0,0.0,
Chance,http://ufcstats.com/fighter-details/49c7236c737d7e59,--,8,3,0,0.81,22.0,2.21,67.0,3.02,100.0,0.0,0.0,
Rico,http://ufcstats.com/fighter-details/f89e6e66b9b112de,"79.0""",7,3,0,6.33,41.0,7.2,51.0,0.0,0.0,20.0,0.0,
Kelly,http://ufcstats.com/fighter-details/9c42a0de8e012870,--,4,2,0,4.01,48.0,3.61,52.0,0.0,0.0,44.0,0.0,
Rodney,http://ufcstats.com/fighter-details/5af26b3201690d29,--,25,20,3,2.3,53.0,1.6,54.0,4.5,100.0,25.0,0.0,
Paul,http://ufcstats.com/fighter-details/e5010b1b94ca5755,"70.0""",17,6,0,3.7,44.0,3.44,48.0,0.29,28.0,64.0,0.2,
Carlos,http://ufcstats.com/fighter-details/a2ea77e974c5889f,"75.0""",11,2,0,4.88,45.0,5.6,50.0,0.0,0.0,72.0,0.0,
JP,http://ufcstats.com/fighter-details/954e3f4e2b0e6510,--,4,5,0,0.0,0.0,0.0,0.0,0.0,0.0,0.0,0.0,
Feng,http://ufcstats.com/fighter-details/86597694317e5e1b,--,15,9,1,0.0,0.0,0.0,0.0,0.0,0.0,0.0,0.0,
Feng,http://ufcstats.com/fighter-details/c940b42df95bbd28,"67.0""",10,4,0,4.18,49.0,1.49,68.0,0.7,100.0,63.0,0.0,
Kevin,http://ufcstats.com/fighter-details/27541033b97c076d,"77.0""",5,2,0,2.3,50.0,3.41,38.0,3.1,72.0,36.0,1.2,
Rhadi,http://ufcstats.com/fighter-details/15f4550e017f6c7d,--,3,0,0,0.0,0.0,0.0,0.0,0.0,0.0,0.0,0.0,
Tony,http://ufcstats.com/fighter-details/22a92d7f62195791,"76.0""",26,11,0,4.91,45.0,4.37,55.0,0.39,35.0,66.0,0.9,
Josh,http://ufcstats.com/fighter-details/b0f316c60f8d3b47,--,10,5,0,2.13,43.0,4.18,32.0,0.59,11.0,54.0,0.0,
CJ,http://ufcstats.com/fighter-details/979f7edbb6980b0d,--,14,8,3,0.0,0.0,0.0,0.0,0.0,0.0,0.0,0.0,
Bibiano,http://ufcstats.com/fighter-details/cbc071cb20ea59c7,--,20,3,0,2.91,40.0,2.02,72.0,3.97,53.0,77.0,0.6,
Gabriella,http://ufcstats.com/fighter-details/a6eb54ae17a551be,"66.0""",11,4,0,3.51,46.0,5.31,53.0,0.42,18.0,68.0,0.2,
Kaue,http://ufcstats.com/fighter-details/ec13c393d029297d,"73.0""",11,2,0,4.28,55.0,1.42,62.0,1.18,100.0,76.0,0.0,
Emily,http://ufcstats.com/fighter-details/7ee1babb99f30115,--,0,0,0,0.0,0.0,0.0,0.0,0.0,0.0,0.0,0.0,
Luke,http://ufcstats.com/fighter-details/d62e280d0f7b6d6f,"76.0""",6,1,0,8.14,58.0,10.17,36.0,0.0,0.0,0.0,0.0,
Lucas,http://ufcstats.com/fighter-details/3df223aeaacecf3f,"80.0""",9,2,0,1.87,51.0,4.73,38.0,3.0,30.0,0.0,1.0,
Alexandre,http://ufcstats.com/fighter-details/28ba5f27e473420c,--,18,6,0,2.57,60.0,8.14,42.0,0.0,0.0,0.0,0.0,
Cezar,http://ufcstats.com/fighter-details/dbc17725b887860a,"78.0""",13,8,0,1.9,42.0,2.44,53.0,2.69,53.0,84.0,0.5,
Diego,http://ufcstats.com/fighter-details/f53d4f21d1b5f2dc,"74.0""",19,7,0,4.7,39.0,3.46,55.0,0.82,30.0,57.0,0.6,
Erisson,http://ufcstats.com/fighter-details/1c2a8915f8431507,"70.0""",12,2,0,1.75,32.0,2.75,56.0,1.11,100.0,66.0,1.7,
Brunno,http://ufcstats.com/fighter-details/1e719d4b676dc19a,"72.0""",15,3,0,3.77,50.0,3.91,51.0,1.25,23.0,61.0,0.8,
Scott,http://ufcstats.com/fighter-details/977081bc01197656,--,4,2,0,0.0,0.0,0.0,0.0,0.0,0.0,0.0,0.0,
Timo,http://ufcstats.com/fighter-details/8c21eb9fd7c4c203,"79.0""",8,1,0,0.0,0.0,0.0,0.0,0.0,0.0,0.0,0.0,
Andre,http://ufcstats.com/fighter-details/33efaf2d0941cfcf,"74.0""",16,8,0,3.3,41.0,6.26,45.0,0.25,100.0,66.0,0.0,
Drew,http://ufcstats.com/fighter-details/d814f5192e58fb2f,"70.0""",42,21,0,2.33,41.0,2.29,57.0,1.3,35.0,30.0,2.2,
Scott,http://ufcstats.com/fighter-details/0ec821423baa26bd,--,0,1,0,0.0,0.0,0.0,0.0,0.0,0.0,0.0,0.0,
Ron,http://ufcstats.com/fighter-details/6e380a4d73ab4f0e,--,28,32,1,0.33,33.0,2.64,11.0,0.0,0.0,0.0,0.0,
Michal,http://ufcstats.com/fighter-details/b4c57a8c2b773e82,"70.0""",8,2,0,4.0,39.0,4.93,52.0,0.5,12.0,57.0,0.0,
Deiveson,http://ufcstats.com/fighter-details/aa72b0f831d0bfe5,"68.0""",25,6,1,2.63,53.0,3.47,49.0,1.61,35.0,57.0,1.2,
Francisco,http://ufcstats.com/fighter-details/cdadae5363b66eef,"68.0""",13,5,1,2.04,61.0,2.59,61.0,2.51,75.0,76.0,0.4,
Anthony,http://ufcstats.com/fighter-details/daff32bc96d1eabf,--,11,8,1,2.37,48.0,3.77,49.0,0.0,0.0,58.0,0.0,
Edwin,http://ufcstats.com/fighter-details/bbfca6d5c27d9cd8,"69.0""",9,5,0,2.57,39.0,3.06,51.0,0.2,100.0,37.0,0.6,
Jonathan,http://ufcstats.com/fighter-details/2226445c4a196dc8,--,16,1,0,0.0,0.0,0.0,0.0,0.0,0.0,0.0,0.0,
Paulo,http://ufcstats.com/fighter-details/2abdead94ce73552,--,23,6,3,1.86,48.0,1.67,66.0,2.4,32.0,42.0,1.6,
Jafel,http://ufcstats.com/fighter-details/65adf3856c4d9256,"68.0""",17,5,0,1.78,40.0,1.76,50.0,2.4,47.0,50.0,1.8,
Andre,http://ufcstats.com/fighter-details/8fd808923cffff82,"74.0""",25,13,0,3.88,37.0,4.34,50.0,2.32,46.0,71.0,0.2,
Mirko,http://ufcstats.com/fighter-details/c32fb8c0f6471a4d,"73.0""",35,11,2,2.11,50.0,1.89,63.0,0.19,40.0,78.0,0.3,
Brady,http://ufcstats.com/fighter-details/997b4f52f76a0b53,--,2,3,0,1.69,41.0,1.69,61.0,3.63,25.0,0.0,3.6,
Jesse,http://ufcstats.com/fighter-details/0496cdac0bc9edd8,--,5,1,0,0.0,0.0,0.0,0.0,0.0,0.0,0.0,0.0,
Jan,http://ufcstats.com/fighter-details/3317823959d32a05,--,11,12,0,2.16,28.0,8.75,42.0,0.77,11.0,25.0,0.0,
Torrez,http://ufcstats.com/fighter-details/fbb60f24af5d5a02,"75.0""",11,1,0,1.78,54.0,3.34,40.0,6.86,59.0,75.0,0.8,
Luigi,http://ufcstats.com/fighter-details/9583662df31d943f,"70.0""",26,15,0,2.23,42.0,2.21,69.0,3.76,63.0,67.0,0.9,
Nick,http://ufcstats.com/fighter-details/036e96c1c12b8a59,"72.0""",6,2,0,2.83,46.0,7.93,42.0,2.5,45.0,71.0,0.0,
Manon,http://ufcstats.com/fighter-details/34ff304266360297,"65.0""",13,2,0,5.66,42.0,3.58,66.0,1.05,29.0,87.0,0.0,
Luiz,http://ufcstats.com/fighter-details/16d09e800ad7ec79,--,19,8,0,1.23,50.0,1.22,51.0,3.86,45.0,20.0,0.9,
Spencer,http://ufcstats.com/fighter-details/f34312c2ccfa0e00,"68.0""",24,9,0,3.17,43.0,3.03,64.0,0.67,30.0,60.0,0.8,
Chris,http://ufcstats.com/fighter-details/bebb4ae55ac2bf6f,"68.0""",18,4,1,2.01,32.0,2.7,46.0,2.59,46.0,44.0,1.3,
Bryanna,http://ufcstats.com/fighter-details/5517bd590dbbe1f8,--,2,4,0,1.4,46.0,1.2,57.0,2.0,25.0,50.0,0.0,
Jon,http://ufcstats.com/fighter-details/6f018c039b4d5d80,"74.0""",30,7,1,2.61,50.0,1.65,54.0,3.6,51.0,56.0,0.8,
Isi,http://ufcstats.com/fighter-details/b8dc5fbf8338adc5,--,6,0,0,0.0,0.0,0.0,0.0,0.0,0.0,0.0,0.0,
Rafael,http://ufcstats.com/fighter-details/c814b4c899793af6,"71.0""",13,5,0,4.71,52.0,4.84,49.0,0.83,66.0,90.0,0.0,
Colin,http://ufcstats.com/fighter-details/7d09200f6a77b20e,--,14,8,0,3.1,34.0,2.97,62.0,0.0,0.0,27.0,0.0,
AJ,http://ufcstats.com/fighter-details/725b1abc9a39d873,"67.0""",10,3,0,3.36,49.0,4.61,46.0,1.54,35.0,33.0,0.9,
Nathan,http://ufcstats.com/fighter-details/a2d342ffc83913ed,"70.0""",9,3,0,3.41,59.0,2.16,57.0,3.37,38.0,50.0,0.7,
Jimmy,http://ufcstats.com/fighter-details/09e62c450e754913,"68.0""",17,9,0,1.67,50.0,4.7,43.0,2.36,33.0,0.0,3.5,
Luke,http://ufcstats.com/fighter-details/b5f44dcb863f595b,"73.0""",9,2,0,1.56,44.0,1.88,60.0,0.0,0.0,40.0,1.2,
Ty,http://ufcstats.com/fighter-details/4bb0f74d5e26f89a,"73.0""",7,3,0,2.0,37.0,7.8,25.0,1.0,9.0,0.0,0.0,
Alejandro,http://ufcstats.com/fighter-details/d23d5960ac5e117c,"73.0""",17,3,0,3.66,40.0,2.02,54.0,0.0,0.0,0.0,0.0,
Kenny,http://ufcstats.com/fighter-details/cb139171ed1b69fe,"74.0""",14,6,0,2.41,40.0,1.85,63.0,2.22,33.0,60.0,1.3,
Darrius,http://ufcstats.com/fighter-details/65db4065e2bc107d,"71.0""",13,8,1,3.13,50.0,5.35,42.0,1.65,44.0,66.0,0.4,
Cody,http://ufcstats.com/fighter-details/8164250600b7c91b,--,2,0,0,0.0,0.0,0.0,0.0,0.0,0.0,0.0,0.0,
Bobby,http://ufcstats.com/fighter-details/c97fc5fbf7d32b8a,--,6,4,0,0.38,25.0,0.77,0.0,0.0,0.0,0.0,0.0,
Caros,http://ufcstats.com/fighter-details/01d2ed8c502e3828,"74.0""",11,6,0,2.76,54.0,2.83,54.0,2.1,25.0,50.0,0.0,
Mal,http://ufcstats.com/fighter-details/fa534853eb195270,--,5,5,0,2.86,14.0,14.29,54.0,0.0,0.0,0.0,0.0,
Matt,http://ufcstats.com/fighter-details/5de61b03868035ff,--,5,4,0,0.0,0.0,3.37,56.0,0.0,0.0,0.0,0.0,
AJ,http://ufcstats.com/fighter-details/0adf1aacda5e26ac,--,5,4,0,0.0,0.0,0.0,0.0,0.0,0.0,0.0,0.0,
Rob,http://ufcstats.com/fighter-details/05339613bf8e9808,"71.0""",22,10,0,5.11,45.0,3.53,57.0,0.7,29.0,37.0,0.3,
Claudionor,http://ufcstats.com/fighter-details/7a82635ffa9b59fe,--,10,15,1,2.62,42.0,10.25,28.0,0.0,0.0,0.0,0.0,
Jesse,http://ufcstats.com/fighter-details/947eccadb72f4f6f,"75.0""",15,5,0,2.11,24.0,4.06,53.0,1.79,75.0,66.0,1.2,
Sterling,http://ufcstats.com/fighter-details/a71ce6ff0b4a9dbb,--,15,7,0,0.0,0.0,0.0,0.0,0.0,0.0,0.0,0.0,
Codale,http://ufcstats.com/fighter-details/5340123d826ceadb,--,11,9,0,0.0,0.0,0.0,0.0,0.0,0.0,0.0,0.0,
Raheam,http://ufcstats.com/fighter-details/90390dd1b0791e7f,"73.0""",7,2,0,5.32,38.0,12.15,42.0,0.0,0.0,0.0,0.0,
Jussier,http://ufcstats.com/fighter-details/b102c26727306ab6,"67.0""",23,8,0,1.42,39.0,2.34,64.0,1.82,35.0,87.0,0.6,
Carol,http://ufcstats.com/fighter-details/77ba5b2939c4018b,"61.0""",9,1,0,7.8,55.0,7.67,58.0,0.0,0.0,100.0,0.0,
Renee,http://ufcstats.com/fighter-details/44bc27bfa76dcd9e,"71.0""",8,4,0,2.08,32.0,2.12,63.0,2.32,58.0,66.0,0.0,
Brianna,http://ufcstats.com/fighter-details/b53c46f613f6f248,"62.0""",9,3,0,3.53,41.0,3.23,57.0,2.5,45.0,66.0,0.0,
Marcel,http://ufcstats.com/fighter-details/d761b3766e38c5db,"74.0""",9,3,0,3.83,46.0,4.52,64.0,0.45,8.0,75.0,0.5,
Tyrell,http://ufcstats.com/fighter-details/bc7f4b2d4c2724a2,"75.0""",18,3,0,2.0,50.0,3.13,57.0,3.0,60.0,100.0,0.0,
Brian,http://ufcstats.com/fighter-details/3dc3022232b79c7a,"71.0""",27,10,0,3.3,39.0,1.63,65.0,3.67,60.0,37.0,1.8,
Xavier,http://ufcstats.com/fighter-details/ec33146e43e58933,--,32,22,0,1.47,43.0,2.5,49.0,0.0,0.0,16.0,0.0,
Mason,http://ufcstats.com/fighter-details/d745d4146be48679,--,2,0,0,0.0,0.0,0.0,0.0,0.0,0.0,0.0,0.0,
Brandon,http://ufcstats.com/fighter-details/f65a0eb902f9476b,--,18,4,0,1.33,32.0,4.59,50.0,0.0,0.0,0.0,0.0,
Hermes,http://ufcstats.com/fighter-details/e0ec3c3b6b611f7e,"71.0""",24,17,0,1.78,39.0,2.85,55.0,1.53,36.0,37.0,2.4,
Glaico,http://ufcstats.com/fighter-details/00a3ff40c4b2cf21,"77.0""",15,5,0,2.35,42.0,3.46,47.0,2.68,42.0,76.0,0.3,
Francisco,http://ufcstats.com/fighter-details/ecfdbf38681a59ba,--,13,5,1,0.54,33.0,3.51,27.0,0.0,0.0,0.0,6.1,
John,http://ufcstats.com/fighter-details/b9532d815060de7f,"67.0""",6,2,0,1.83,48.0,2.59,48.0,2.68,80.0,40.0,0.3,
Felipe,http://ufcstats.com/fighter-details/e564146b9cf6dbef,"76.0""",10,2,0,1.81,50.0,2.55,38.0,3.02,37.0,87.0,0.0,
Rich,http://ufcstats.com/fighter-details/d897897060f10a3a,"76.0""",29,7,0,4.1,44.0,2.07,62.0,1.31,66.0,63.0,0.7,
Xavier,http://ufcstats.com/fighter-details/90957a918e26bf9c,"66.0""",5,1,0,3.07,33.0,5.27,50.0,0.0,0.0,100.0,0.0,
Zoila,http://ufcstats.com/fighter-details/040d3b4c735541aa,--,13,5,0,0.77,31.0,1.64,53.0,0.0,0.0,57.0,0.0,
Stephanie,http://ufcstats.com/fighter-details/fee02819a271c050,"61.0""",8,7,0,1.43,21.0,3.57,60.0,0.0,0.0,0.0,0.0,
Zane,http://ufcstats.com/fighter-details/d3711d3784b76255,--,4,11,0,0.0,0.0,0.0,0.0,0.0,0.0,0.0,0.0,
Gary,http://ufcstats.com/fighter-details/3beeeafcbc8b4cbc,--,3,3,0,1.5,39.0,2.77,46.0,0.0,0.0,100.0,0.0,
Justin,http://ufcstats.com/fighter-details/78863e4a28204a6b,"75.0""",10,3,0,1.11,66.0,6.11,4.0,0.0,0.0,0.0,0.0,
Ian,http://ufcstats.com/fighter-details/b4bc2e3353a770b5,--,20,7,1,2.54,48.0,3.11,44.0,1.44,40.0,80.0,0.7,
Jason,http://ufcstats.com/fighter-details/5870bd1eadf4f322,--,6,4,0,0.0,0.0,0.0,0.0,0.0,0.0,0.0,0.0,
Kennedy,http://ufcstats.com/fighter-details/63d071997c75e3fd,--,6,0,0,0.0,0.0,0.0,0.0,0.0,0.0,0.0,0.0,
Denzel,http://ufcstats.com/fighter-details/b5c19c34f12c917e,"77.0""",7,2,0,2.45,56.0,3.4,50.0,0.0,0.0,50.0,0.0,
Willamy,http://ufcstats.com/fighter-details/f1f37d667bcd0d27,--,26,6,0,1.53,37.0,0.93,62.0,0.5,100.0,73.0,0.0,
Patricky,http://ufcstats.com/fighter-details/90e6dde9113830bd,"71.0""",17,8,0,3.06,44.0,3.34,69.0,1.26,33.0,100.0,0.0,
Jeremy,http://ufcstats.com/fighter-details/a47e9ec288c91067,--,6,10,0,0.0,0.0,8.37,19.0,0.0,0.0,33.0,1.9,
Rafael,http://ufcstats.com/fighter-details/14b9e0f2679a2205,--,3,6,0,2.0,29.0,8.0,51.0,11.25,50.0,0.0,0.0,
Donavon,http://ufcstats.com/fighter-details/9aa56f004b2bca07,--,6,3,0,2.4,27.0,3.2,52.0,1.0,100.0,26.0,0.0,
Josh,http://ufcstats.com/fighter-details/ca43de99b07b6b40,"76.0""",11,6,0,2.52,44.0,2.23,47.0,0.66,25.0,30.0,1.1,
Clay,http://ufcstats.com/fighter-details/73321668ff977f1b,--,19,7,0,1.52,50.0,1.27,16.0,0.0,0.0,100.0,0.0,
Mike,http://ufcstats.com/fighter-details/756f45905fb20cb5,--,9,10,0,0.23,23.0,2.17,42.0,0.0,0.0,22.0,1.0,
Matt,http://ufcstats.com/fighter-details/dccb63727f2f5f74,"71.0""",11,6,1,3.3,39.0,3.76,56.0,2.34,41.0,40.0,0.8,
Jinh Yu,http://ufcstats.com/fighter-details/d05cb1e8d1b885d8,"65.0""",11,10,0,2.97,43.0,4.23,52.0,1.02,36.0,90.0,0.3,
Artem,http://ufcstats.com/fighter-details/ee704df0afd74558,--,11,0,0,0.0,0.0,0.0,0.0,0.0,0.0,0.0,0.0,
Sarah,http://ufcstats.com/fighter-details/1641ef250e9de19b,"69.0""",9,2,0,4.52,52.0,2.57,55.0,0.0,0.0,53.0,0.0,
Daniel,http://ufcstats.com/fighter-details/7cec3c4a5e7b6d68,"73.0""",9,4,0,3.25,38.0,4.32,50.0,0.0,0.0,50.0,0.0,
Don,http://ufcstats.com/fighter-details/271fe91f4ba9d2c5,--,20,9,1,2.87,64.0,3.57,37.0,0.91,57.0,45.0,0.7,
Allen,http://ufcstats.com/fighter-details/73a78713bd899f4c,"80.0""",6,1,0,2.2,38.0,4.27,36.0,0.0,0.0,0.0,0.0,
Tony,http://ufcstats.com/fighter-details/253de74457bd6374,--,14,9,1,3.49,39.0,6.5,43.0,0.0,0.0,66.0,0.5,
Adam,http://ufcstats.com/fighter-details/a01a62132460a98d,"77.0""",10,6,0,4.88,46.0,5.33,51.0,1.63,22.0,50.0,0.0,
Jesse,http://ufcstats.com/fighter-details/c3c38c86f5ab9b5c,--,2,2,0,1.03,33.0,4.91,38.0,0.0,0.0,25.0,0.0,
Katsuhisa,http://ufcstats.com/fighter-details/d71d968dc6ecfdaf,--,9,18,1,4.0,50.0,4.43,64.0,2.14,25.0,50.0,2.1,
Megumi,http://ufcstats.com/fighter-details/fb6c531726447ff3,--,26,3,0,2.4,42.0,0.0,100.0,0.0,0.0,0.0,12.0,
Kazuyuki,http://ufcstats.com/fighter-details/b1605ea39fba6af6,--,15,12,0,1.05,49.0,1.99,52.0,2.78,36.0,85.0,0.6,
Keisuke,http://ufcstats.com/fighter-details/ccd58ff71e260ed5,--,17,12,5,0.73,44.0,1.2,47.0,0.0,0.0,23.0,2.5,
Riki,http://ufcstats.com/fighter-details/7c35f869033901ae,"73.0""",24,9,0,4.24,43.0,3.71,64.0,2.17,43.0,70.0,0.0,
Machi,http://ufcstats.com/fighter-details/42189c98d434a413,--,10,2,0,0.0,0.0,0.0,0.0,0.0,0.0,0.0,0.0,
Masio,http://ufcstats.com/fighter-details/4638cc6479cc0afe,"70.0""",11,7,0,2.46,32.0,3.5,54.0,0.47,33.0,69.0,0.0,
Travis,http://ufcstats.com/fighter-details/911fb265462f0d94,--,253,53,10,0.0,0.0,0.0,0.0,0.0,0.0,0.0,0.0,
Sam,http://ufcstats.com/fighter-details/1f5f75658551f2d3,--,0,2,0,0.0,0.0,0.0,0.0,0.0,0.0,0.0,0.0,
Masakatsu,http://ufcstats.com/fighter-details/aa3153a9941b4d44,--,39,13,2,1.82,68.0,2.92,35.0,0.0,0.0,0.0,5.5,
Ricardo,http://ufcstats.com/fighter-details/e9e1acc96536bb4f,"74.0""",9,6,0,2.61,65.0,3.57,40.0,1.24,18.0,60.0,0.0,
Katsuaki,http://ufcstats.com/fighter-details/c3e2eca94b2320bc,--,1,1,0,0.27,10.0,2.67,39.0,0.0,0.0,0.0,3.0,
James,http://ufcstats.com/fighter-details/fcd8b623892b9a10,--,6,4,0,0.0,0.0,0.0,0.0,0.0,0.0,0.0,0.0,
Gustavo,http://ufcstats.com/fighter-details/fe98f86284a6eeb3,--,13,1,0,4.06,65.0,4.26,46.0,0.0,0.0,50.0,0.0,
Claudia,http://ufcstats.com/fighter-details/ec34349e7dffcde7,"63.0""",18,5,0,3.31,41.0,4.57,57.0,3.03,42.0,58.0,0.7,
Alavutdin,http://ufcstats.com/fighter-details/a7a79b8efbceaaac,--,18,13,1,0.99,27.0,0.99,57.0,0.0,0.0,50.0,0.0,
Magomed,http://ufcstats.com/fighter-details/6e344b71421103da,"75.0""",9,1,0,2.89,49.0,1.64,62.0,3.67,73.0,61.0,0.0,
Justin,http://ufcstats.com/fighter-details/9e8f6c728eb01124,"70.0""",27,5,0,6.48,58.0,7.05,51.0,0.33,40.0,74.0,0.0,
Sheila,http://ufcstats.com/fighter-details/837d30395faca41e,--,9,7,0,1.6,50.0,2.89,28.0,0.0,0.0,20.0,0.0,
Muin,http://ufcstats.com/fighter-details/a54660deb6a8489c,"68.0""",20,7,0,3.36,47.0,2.51,55.0,1.57,28.0,70.0,0.0,
Mitch,http://ufcstats.com/fighter-details/b8592b4a383696cd,"65.0""",12,5,0,2.76,46.0,2.21,61.0,1.16,25.0,65.0,1.9,
Brandon,http://ufcstats.com/fighter-details/8e6cfbd455f0f9c2,--,5,21,0,0.0,0.0,0.0,0.0,0.0,0.0,0.0,0.0,
Travis,http://ufcstats.com/fighter-details/06dc1a58663579d2,--,18,7,0,2.21,40.0,3.45,48.0,1.33,25.0,0.0,1.3,
Dave,http://ufcstats.com/fighter-details/0876d21328cf4a45,--,5,1,0,1.67,69.0,0.53,33.0,0.0,0.0,14.0,2.0,
Zelg,http://ufcstats.com/fighter-details/8a1b4330c7957961,--,11,9,0,4.86,62.0,0.61,66.0,1.3,100.0,20.0,1.3,
Mickey,http://ufcstats.com/fighter-details/9e50097a89442158,"74.0""",7,7,0,3.5,49.0,4.72,49.0,1.15,32.0,37.0,1.6,
Daniel,http://ufcstats.com/fighter-details/96706c75a2b14164,--,7,3,0,3.1,41.0,6.0,52.0,0.0,0.0,0.0,0.0,
Tom,http://ufcstats.com/fighter-details/cc81c92fe2254935,--,19,10,0,3.53,26.0,7.07,43.0,1.0,11.0,0.0,0.0,
Turrell,http://ufcstats.com/fighter-details/7e654edcddd71550,--,8,6,0,0.0,0.0,0.0,0.0,0.0,0.0,0.0,0.0,
Eric,http://ufcstats.com/fighter-details/ad3fdba28a7540cf,--,0,0,0,0.0,0.0,0.0,0.0,0.0,0.0,0.0,0.0,
Andre,http://ufcstats.com/fighter-details/45fe6765c56d8018,--,5,2,0,2.34,52.0,1.56,58.0,2.02,27.0,0.0,2.8,
Marcos,http://ufcstats.com/fighter-details/e15d0a2519d6a0b5,--,18,8,1,1.97,32.0,3.86,61.0,2.27,28.0,88.0,1.1,
Lucas,http://ufcstats.com/fighter-details/289a3b69b85da7cd,--,8,4,0,7.57,31.0,6.99,45.0,0.0,0.0,0.0,0.0,
Joey,http://ufcstats.com/fighter-details/10559c53de0b950e,--,9,2,0,2.47,35.0,2.53,51.0,0.0,0.0,42.0,0.8,
Manvel,http://ufcstats.com/fighter-details/cc6f9d1e89f3449a,"67.0""",15,10,0,2.13,41.0,2.83,55.0,3.26,34.0,69.0,0.7,
Mateusz,http://ufcstats.com/fighter-details/72db2a14ffa73ece,"70.0""",26,4,0,3.21,51.0,2.81,60.0,5.22,38.0,83.0,0.2,
Shamil,http://ufcstats.com/fighter-details/0d980975001ae3d8,"76.0""",14,1,0,5.35,48.0,3.46,51.0,0.0,0.0,50.0,0.0,
Ryan,http://ufcstats.com/fighter-details/e463ce0a2ca474f4,"74.0""",9,1,0,13.02,50.0,1.7,81.0,0.0,0.0,100.0,0.0,
Ariel,http://ufcstats.com/fighter-details/41904fc4d3f5bffc,--,7,9,0,1.95,23.0,2.07,72.0,1.88,66.0,0.0,0.0,
Ciryl,http://ufcstats.com/fighter-details/787bb1f087ccff8a,"81.0""",13,2,0,5.29,61.0,2.33,60.0,0.68,25.0,47.0,0.6,
Sean,http://ufcstats.com/fighter-details/6d7886b094b471ac,--,2,1,0,0.0,0.0,6.38,28.0,0.0,0.0,50.0,0.0,
Tommy,http://ufcstats.com/fighter-details/de83f920fd302871,"76.0""",11,0,0,1.08,100.0,0.36,66.0,10.78,40.0,0.0,5.4,
Junye,http://ufcstats.com/fighter-details/8b27d25ce0221d60,--,19,12,0,0.0,0.0,0.0,0.0,0.0,0.0,0.0,0.0,
Eduardo,http://ufcstats.com/fighter-details/7bde387d50829adf,"70.0""",13,2,0,3.42,51.0,2.36,58.0,0.48,100.0,61.0,0.0,
Cody,http://ufcstats.com/fighter-details/d8c7c61b176e3994,"65.0""",15,7,0,2.79,40.0,3.66,58.0,0.85,22.0,81.0,0.0,
Leonard,http://ufcstats.com/fighter-details/917e53fa0adea0d3,"68.0""",18,13,1,2.77,24.0,4.79,52.0,0.3,26.0,42.0,0.5,
Edgar,http://ufcstats.com/fighter-details/8d49545dadf9b919,"71.0""",14,5,0,3.16,29.0,4.23,60.0,2.21,57.0,50.0,0.6,
Alejandro,http://ufcstats.com/fighter-details/e5dc36e0aba7e9da,--,14,10,0,1.22,62.0,1.14,65.0,8.55,87.0,66.0,0.0,
Alex,http://ufcstats.com/fighter-details/a2b12c3f3d60ff69,"72.0""",15,6,0,1.81,31.0,3.03,59.0,3.72,52.0,66.0,0.1,
Nick,http://ufcstats.com/fighter-details/8a04d94dfcfab159,--,8,3,0,0.67,25.0,3.03,50.0,0.0,0.0,83.0,5.1,
Steve,http://ufcstats.com/fighter-details/97cf1a2c7c5e7889,"75.0""",19,5,0,5.39,49.0,2.12,59.0,0.86,40.0,88.0,0.4,
Elias,http://ufcstats.com/fighter-details/ac5a7400da3a9a41,"67.0""",6,2,0,1.59,27.0,5.05,50.0,0.68,14.0,33.0,1.4,
Rafa,http://ufcstats.com/fighter-details/e132d47bd9efbbe0,"70.0""",19,4,0,4.28,44.0,4.42,61.0,3.22,45.0,77.0,0.4,
Fernie,http://ufcstats.com/fighter-details/9e92e1ca498d7244,"67.0""",10,5,0,2.04,34.0,3.79,48.0,0.28,50.0,50.0,0.6,
Rulon,http://ufcstats.com/fighter-details/4f7e290e71d60f87,--,1,0,0,2.05,25.0,1.45,60.0,0.75,100.0,100.0,0.0,
David,http://ufcstats.com/fighter-details/70167689d6a01793,--,18,21,0,0.17,100.0,0.34,0.0,0.0,0.0,66.0,0.0,
Pablo,http://ufcstats.com/fighter-details/8e5bfd4e82352340,"73.0""",12,4,0,3.37,44.0,2.7,50.0,0.94,25.0,15.0,1.3,
Azamat,http://ufcstats.com/fighter-details/a1b0715c4fd2dbd3,--,8,3,0,1.24,21.0,4.75,53.0,1.69,25.0,0.0,0.0,
Brian,http://ufcstats.com/fighter-details/e4770d5ed44a3970,--,29,20,2,0.34,26.0,3.65,44.0,0.0,0.0,42.0,0.0,
Kelvin,http://ufcstats.com/fighter-details/8c0580d4fff106c1,"71.0""",21,11,0,3.65,42.0,3.52,57.0,1.04,35.0,60.0,0.1,
Willie,http://ufcstats.com/fighter-details/6ded9184b2284645,"72.0""",12,7,0,1.8,38.0,4.28,38.0,0.0,0.0,67.0,0.4,
Melissa,http://ufcstats.com/fighter-details/a4a80dd7336ffd59,"69.0""",9,3,2,3.47,49.0,2.67,54.0,1.77,27.0,58.0,0.4,
Sean,http://ufcstats.com/fighter-details/d758f272d94f5866,"64.0""",10,1,0,5.07,59.0,5.8,68.0,4.0,44.0,100.0,0.0,
Louis,http://ufcstats.com/fighter-details/b72a60a0cadff408,"63.0""",8,4,0,2.34,37.0,6.42,48.0,0.57,40.0,31.0,1.1,
Ateba,http://ufcstats.com/fighter-details/2f815ed5f8278ba6,"81.0""",10,1,0,4.44,48.0,2.93,52.0,0.49,100.0,92.0,0.0,
Manuel,http://ufcstats.com/fighter-details/618643d0d5c0631d,--,7,0,0,0.0,0.0,0.0,0.0,0.0,0.0,0.0,0.0,
Shamil,http://ufcstats.com/fighter-details/6747ccd6d1acd266,"78.0""",14,3,0,2.94,46.0,4.92,45.0,1.06,33.0,83.0,0.3,
Charlene,http://ufcstats.com/fighter-details/effd0b70e6749ab2,--,0,4,0,2.01,42.0,3.24,43.0,0.0,0.0,0.0,1.7,
Chad,http://ufcstats.com/fighter-details/14e797332ea32cdb,"68.0""",16,8,0,1.26,50.0,1.11,65.0,3.08,46.0,0.0,1.3,
Paul,http://ufcstats.com/fighter-details/2f1700b3a4a09bc7,--,6,2,0,2.55,40.0,2.34,35.0,0.0,0.0,0.0,0.0,
Brian,http://ufcstats.com/fighter-details/15edcf67ccf5be84,--,26,18,1,0.47,25.0,9.77,36.0,0.0,0.0,50.0,0.0,
Derek,http://ufcstats.com/fighter-details/42883268854b78be,--,8,5,0,0.0,0.0,0.0,0.0,0.0,0.0,0.0,0.0,
Karine,http://ufcstats.com/fighter-details/2db0c114414d4f06,"63.0""",3,3,0,1.2,20.0,1.8,76.0,0.0,0.0,0.0,0.0,
Yanis,http://ufcstats.com/fighter-details/eb70e786bbdf1d16,"69.0""",12,3,0,2.29,38.0,5.14,35.0,0.0,0.0,0.0,0.0,
Darrel,http://ufcstats.com/fighter-details/a24e080000fa7a35,--,5,6,0,0.0,0.0,0.0,0.0,0.0,0.0,0.0,0.0,
Tiki,http://ufcstats.com/fighter-details/cb6783c39c01d896,--,10,7,1,2.78,46.0,2.94,58.0,0.41,50.0,61.0,0.0,
Christos,http://ufcstats.com/fighter-details/de45aaae23dfa392,"71.0""",20,12,0,3.03,41.0,3.21,50.0,2.84,36.0,52.0,0.4,
Joe,http://ufcstats.com/fighter-details/946db8a378903cc3,"74.0""",6,1,0,1.93,38.0,2.8,40.0,1.0,16.0,0.0,0.0,
Nick,http://ufcstats.com/fighter-details/96a221341035b701,--,2,1,0,0.0,0.0,0.0,0.0,0.0,0.0,0.0,0.0,
James,http://ufcstats.com/fighter-details/f74e037b97917027,--,13,5,0,1.2,27.0,7.08,39.0,0.0,0.0,0.0,0.0,
Lance,http://ufcstats.com/fighter-details/63eedfcc73071d41,--,4,5,0,1.21,75.0,6.44,20.0,0.0,0.0,0.0,0.0,
Lee,http://ufcstats.com/fighter-details/69db199087a1a792,--,12,4,0,0.0,0.0,0.0,0.0,0.0,0.0,0.0,0.0,
Cody,http://ufcstats.com/fighter-details/700a674c042b7a96,"71.0""",22,12,0,3.63,46.0,3.22,57.0,2.12,37.0,69.0,0.6,
Chase,http://ufcstats.com/fighter-details/09439946214993bc,"72.0""",9,5,0,3.13,54.0,6.4,52.0,0.0,0.0,0.0,0.0,
Lance,http://ufcstats.com/fighter-details/07bc580bdf3eb9c8,"72.0""",10,2,0,2.4,45.0,4.24,56.0,1.67,66.0,75.0,0.0,
Kenny,http://ufcstats.com/fighter-details/db8b800176d26f6e,--,12,7,0,0.0,0.0,0.0,0.0,0.0,0.0,0.0,0.0,
Thomas,http://ufcstats.com/fighter-details/e7f51d9f9e9259e7,"75.0""",14,9,0,3.97,37.0,6.45,37.0,0.5,33.0,33.0,0.0,
Joseph,http://ufcstats.com/fighter-details/83825fad27ab3581,--,7,2,0,1.04,39.0,2.92,45.0,1.56,100.0,50.0,0.8,
Joey,http://ufcstats.com/fighter-details/6bb1d2b714d4b3bc,--,2,3,0,0.61,42.0,4.44,31.0,0.0,0.0,0.0,0.0,
Trevin,http://ufcstats.com/fighter-details/b27a1fcb56a3035a,"74.0""",16,7,0,3.17,54.0,2.39,58.0,1.07,50.0,72.0,0.3,
Kultar,http://ufcstats.com/fighter-details/42c96a9c4802e2e1,--,12,8,0,1.14,50.0,0.4,41.0,1.71,66.0,38.0,0.0,
Jesse,http://ufcstats.com/fighter-details/160b931119c1bf91,--,3,2,0,0.0,0.0,0.0,0.0,0.0,0.0,0.0,0.0,
Gregor,http://ufcstats.com/fighter-details/84ff027394f7e470,"71.0""",14,1,0,3.74,52.0,2.3,57.0,6.86,48.0,100.0,0.8,
Jason,http://ufcstats.com/fighter-details/91720876db0ee468,--,14,9,0,0.79,33.0,3.14,42.0,0.0,0.0,0.0,0.0,
Micheal,http://ufcstats.com/fighter-details/ce175eaafe867d1f,"72.0""",6,5,0,2.04,57.0,3.02,43.0,0.0,0.0,50.0,0.0,
Krishaun,http://ufcstats.com/fighter-details/10ccdcd14c3dfcf1,--,0,1,0,0.0,0.0,0.0,0.0,0.0,0.0,0.0,0.0,
Alex,http://ufcstats.com/fighter-details/762c69860eef65d8,--,11,1,0,6.8,54.0,12.29,42.0,2.17,25.0,0.0,2.2,
Bob,http://ufcstats.com/fighter-details/c96518b7f6881004,--,5,7,0,0.0,0.0,0.0,0.0,0.0,0.0,0.0,0.0,
Max,http://ufcstats.com/fighter-details/6a311920edd73c85,"75.0""",6,2,0,3.21,42.0,9.64,47.0,0.0,0.0,0.0,0.0,
Eperaim,http://ufcstats.com/fighter-details/bad8ed7d714f1493,"64.0""",6,1,0,0.0,0.0,0.0,100.0,15.52,100.0,0.0,0.0,
Demetrius,http://ufcstats.com/fighter-details/a58114c6dd0add64,--,0,1,0,0.0,0.0,0.0,0.0,0.0,0.0,0.0,0.0,
Billy,http://ufcstats.com/fighter-details/c1ea31a904fe08a9,--,9,5,0,1.27,40.0,2.02,52.0,0.87,12.0,100.0,1.7,
He-Man,http://ufcstats.com/fighter-details/3e03cec9767d37e6,--,1,2,0,0.0,0.0,0.0,0.0,0.0,0.0,0.0,0.0,
Israel,http://ufcstats.com/fighter-details/4b4f6abdce986be6,--,19,5,0,0.0,0.0,0.0,0.0,0.0,0.0,0.0,0.0,
Brandon,http://ufcstats.com/fighter-details/81f1810f72df8f25,--,14,7,0,2.5,60.0,1.92,47.0,5.76,100.0,100.0,0.0,
Jason,http://ufcstats.com/fighter-details/fda067e842b07466,--,3,2,0,4.34,54.0,0.43,40.0,4.34,100.0,0.0,4.3,
Mike,http://ufcstats.com/fighter-details/ed133185689088b3,--,5,6,0,0.0,0.0,0.0,0.0,0.0,0.0,0.0,0.0,
Ricky,http://ufcstats.com/fighter-details/814ff3018127e8fc,"70.0""",22,9,2,3.79,42.0,4.3,51.0,0.72,13.0,69.0,0.4,
Ivan,http://ufcstats.com/fighter-details/057a241e4ba90c4d,--,5,0,0,0.0,0.0,0.0,0.0,0.0,0.0,0.0,0.0,
Mark,http://ufcstats.com/fighter-details/ad56b3f00ca38dfd,"77.0""",13,4,0,3.97,53.0,3.3,54.0,0.0,0.0,28.0,0.0,
Clint,http://ufcstats.com/fighter-details/bd85ca0bb4f26cfc,--,13,3,0,0.57,31.0,0.96,65.0,0.85,25.0,50.0,0.0,
Loopy,http://ufcstats.com/fighter-details/8e5d953bdb9ae5e7,"61.0""",14,6,0,4.43,49.0,3.94,62.0,2.99,42.0,76.0,0.8,
Jason,http://ufcstats.com/fighter-details/5ca158b1cc9cb242,--,16,16,0,0.0,0.0,0.0,0.0,0.0,0.0,0.0,0.0,
Allan,http://ufcstats.com/fighter-details/e62b36885ecdac27,--,10,5,2,0.64,52.0,1.35,41.0,1.75,40.0,0.0,2.6,
Billy Ray,http://ufcstats.com/fighter-details/fa07345cc9db5cc9,"72.0""",9,4,0,7.51,46.0,5.02,59.0,1.75,16.0,66.0,0.0,
Amiran,http://ufcstats.com/fighter-details/5d1636b6c1688502,"74.0""",14,3,0,1.64,66.0,0.82,0.0,0.0,0.0,0.0,0.0,
Jonny,http://ufcstats.com/fighter-details/e86af30738a5452a,--,3,4,0,0.0,0.0,0.0,0.0,0.0,0.0,0.0,0.0,
Hannah,http://ufcstats.com/fighter-details/26e3f3928b1891d9,"61.0""",6,4,0,5.19,47.0,4.67,50.0,0.66,12.0,54.0,0.2,
Marcelo,http://ufcstats.com/fighter-details/ac29d508d78384c9,"75.0""",6,3,0,4.27,58.0,4.3,45.0,0.45,50.0,87.0,0.5,
Denise,http://ufcstats.com/fighter-details/cffb87059e645bd1,"63.0""",12,3,0,4.43,49.0,3.16,51.0,1.45,34.0,66.0,0.7,
Sergio,http://ufcstats.com/fighter-details/af1e5c64b8663aa0,--,10,3,0,1.5,42.0,1.16,56.0,2.57,66.0,31.0,0.0,
Frank,http://ufcstats.com/fighter-details/a0a680fe2f6cc8e6,"67.0""",10,6,0,1.52,48.0,0.79,66.0,1.14,60.0,70.0,0.8,
Alan,http://ufcstats.com/fighter-details/0a66de3a797cf73a,--,2,0,0,0.0,0.0,0.0,0.0,0.0,0.0,0.0,0.0,
David,http://ufcstats.com/fighter-details/489413d3be819647,--,1,2,0,0.0,0.0,0.0,0.0,0.0,0.0,0.0,0.0,
Ulysses,http://ufcstats.com/fighter-details/1e35aa8955794580,--,9,5,0,2.72,25.0,3.57,68.0,0.0,0.0,0.0,0.0,
Joey,http://ufcstats.com/fighter-details/0778f94eb5d588a5,"73.0""",6,2,0,2.44,28.0,4.46,55.0,0.62,100.0,50.0,0.0,
Luis,http://ufcstats.com/fighter-details/513e84bfe65ff509,"68.0""",4,1,0,1.57,33.0,4.03,55.0,4.48,50.0,33.0,0.0,
Joey,http://ufcstats.com/fighter-details/3a28e1e641366308,"71.0""",7,1,0,3.73,49.0,3.33,50.0,2.0,28.0,0.0,0.0,
Edson,http://ufcstats.com/fighter-details/e90f4291f93708e6,"69.0""",6,2,0,2.66,32.0,8.78,45.0,0.0,0.0,0.0,0.0,
Silvana,http://ufcstats.com/fighter-details/b4880ef2f838d4e1,"65.0""",11,5,0,4.26,32.0,4.04,61.0,0.0,0.0,30.0,0.0,
Takanori,http://ufcstats.com/fighter-details/3be081c29bf734d9,"70.0""",35,14,0,3.81,41.0,3.52,60.0,1.23,65.0,63.0,0.8,
William,http://ufcstats.com/fighter-details/e1d40e8782d80bc2,"73.0""",15,3,0,3.48,49.0,2.76,61.0,0.86,38.0,72.0,0.3,
Akihiro,http://ufcstats.com/fighter-details/b2acebbef8da14ea,"68.0""",35,21,8,2.18,48.0,2.67,63.0,1.01,84.0,46.0,0.5,
Gabriel,http://ufcstats.com/fighter-details/270b89c00ef0c55c,"76.0""",17,11,0,2.12,45.0,2.94,57.0,2.8,39.0,66.0,1.1,
Justin,http://ufcstats.com/fighter-details/94535f76f43b466a,"72.0""",6,0,0,6.67,80.0,0.87,43.0,14.0,73.0,100.0,0.0,
Fernando,http://ufcstats.com/fighter-details/be5aab761c40ef35,"68.0""",26,14,0,4.47,47.0,4.03,65.0,0.86,33.0,43.0,1.4,
Nick,http://ufcstats.com/fighter-details/28d8638ea0a71908,--,17,12,0,0.59,20.0,2.35,33.0,0.0,0.0,50.0,0.0,
Fabian,http://ufcstats.com/fighter-details/69c071bc2621e8b0,--,2,1,0,3.9,48.0,4.39,51.0,0.0,0.0,66.0,0.0,
Lewis,http://ufcstats.com/fighter-details/2ff2e6e5abea3e53,--,11,3,0,1.4,37.0,1.87,41.0,2.0,33.0,62.0,0.0,
Jason,http://ufcstats.com/fighter-details/e45cfa47f504033a,"74.0""",11,5,0,3.06,39.0,3.13,58.0,0.0,0.0,30.0,1.0,
Pearl,http://ufcstats.com/fighter-details/1ebdcb7488d0ebee,--,6,3,0,2.23,37.0,4.07,57.0,1.04,11.0,0.0,0.5,
Jorge,http://ufcstats.com/fighter-details/ff175a137b395e2b,"76.0""",16,4,0,0.0,0.0,0.0,0.0,0.0,0.0,0.0,0.0,
Mikey,http://ufcstats.com/fighter-details/de47c33e48b0ce38,"74.0""",7,2,0,0.91,16.0,14.55,11.0,0.0,0.0,0.0,0.0,
Erick,http://ufcstats.com/fighter-details/a2ccf35a88346a91,"75.0""",14,8,0,2.4,36.0,8.08,40.0,6.0,55.0,50.0,0.0,
Jennifer,http://ufcstats.com/fighter-details/4f1a48f4e6ffb007,--,13,5,0,0.0,0.0,0.0,0.0,0.0,0.0,0.0,0.0,
Kier,http://ufcstats.com/fighter-details/1bda4867f1baceac,--,2,7,0,0.0,0.0,0.0,0.0,0.0,0.0,0.0,0.0,
Lyman,http://ufcstats.com/fighter-details/4e0692ad070976e4,"74.0""",21,6,0,5.34,48.0,4.01,63.0,0.27,100.0,75.0,0.0,
Jared,http://ufcstats.com/fighter-details/c730a0be691dc081,"77.0""",23,10,0,4.4,48.0,6.74,45.0,0.91,45.0,65.0,0.4,
Gary,http://ufcstats.com/fighter-details/fbbde91f7bc2d3c5,--,23,22,1,1.84,56.0,2.14,48.0,0.4,100.0,53.0,0.8,
Jordan,http://ufcstats.com/fighter-details/7f98d9d5a10fa25c,--,0,0,0,0.0,0.0,0.0,0.0,0.0,0.0,0.0,0.0,
Gerard,http://ufcstats.com/fighter-details/279093302a6f44b3,--,2,2,0,0.0,0.0,0.0,0.0,0.0,0.0,0.0,0.0,
Eddie,http://ufcstats.com/fighter-details/8cad40a75e5c97f5,"76.0""",8,4,0,2.03,32.0,2.57,60.0,1.93,83.0,63.0,0.0,
Jared,http://ufcstats.com/fighter-details/7026eca45f65377b,"68.0""",21,8,0,5.64,53.0,4.14,55.0,1.78,32.0,60.0,0.0,
Tebaris,http://ufcstats.com/fighter-details/68c4ca70067bf282,--,3,1,0,3.53,16.0,49.41,22.0,0.0,0.0,0.0,0.0,
Malcolm,http://ufcstats.com/fighter-details/dee294e9717012c2,"71.0""",14,8,0,2.5,45.0,2.0,43.0,1.72,35.0,26.0,1.0,
Tresean,http://ufcstats.com/fighter-details/147e70aa6cc48cfc,"75.0""",7,4,0,3.41,49.0,7.0,40.0,1.91,72.0,83.0,1.0,
Alex,http://ufcstats.com/fighter-details/803bebcfb6d6f506,"74.0""",6,1,0,0.67,32.0,2.27,38.0,0.0,0.0,54.0,0.0,
Themba,http://ufcstats.com/fighter-details/40f3cb27fc7305a1,"77.0""",14,7,0,2.7,56.0,1.75,51.0,4.52,62.0,73.0,0.4,
Tim,http://ufcstats.com/fighter-details/c10eb2f12c489f6d,--,9,4,0,2.73,31.0,5.57,46.0,1.0,9.0,33.0,0.0,
Chase,http://ufcstats.com/fighter-details/052ceb8976695342,--,14,6,0,3.6,42.0,6.03,44.0,3.12,42.0,0.0,1.0,
Jonathan,http://ufcstats.com/fighter-details/fb1538b46877a695,"73.0""",23,12,0,1.61,41.0,2.01,46.0,4.17,70.0,45.0,0.6,
Thibault,http://ufcstats.com/fighter-details/51e86de150ee8be6,"72.0""",12,5,0,3.68,34.0,5.64,50.0,1.23,80.0,83.0,0.3,
Wilson,http://ufcstats.com/fighter-details/af5b208e97f5d382,"76.0""",14,8,0,3.02,39.0,4.06,56.0,0.9,66.0,57.0,2.2,
Todd,http://ufcstats.com/fighter-details/c44acf87e376c62b,--,9,5,0,0.52,23.0,2.93,42.0,1.57,33.0,50.0,0.0,
Hugo,http://ufcstats.com/fighter-details/2391a73686200c5d,--,0,1,0,0.0,0.0,0.0,0.0,0.0,0.0,0.0,0.0,
Justin,http://ufcstats.com/fighter-details/ae954fd497025462,--,5,5,0,0.0,0.0,0.0,0.0,0.0,0.0,0.0,0.0,
Damian,http://ufcstats.com/fighter-details/3f11b5d4bd76a6d9,"75.0""",20,5,0,4.0,36.0,7.65,51.0,0.0,0.0,0.0,0.0,
Patryk,http://ufcstats.com/fighter-details/4e163b53d1de1fbc,--,5,1,0,0.0,0.0,0.0,0.0,0.0,0.0,0.0,0.0,
Royce,http://ufcstats.com/fighter-details/429e7d3725852ce9,--,15,2,3,0.88,41.0,1.13,37.0,0.0,0.0,66.0,0.8,
Crosley,http://ufcstats.com/fighter-details/52d92050a046bc17,--,2,2,0,1.69,37.0,1.54,60.0,3.46,85.0,50.0,0.6,
Daniel,http://ufcstats.com/fighter-details/82d6a9ae41aac3f7,--,5,4,1,1.9,38.0,1.33,59.0,0.36,100.0,80.0,2.1,
Ralph,http://ufcstats.com/fighter-details/a9c45a8b21eabadc,--,6,1,0,0.86,37.0,1.72,31.0,0.0,0.0,25.0,4.0,
Renzo,http://ufcstats.com/fighter-details/aae0897825336b1a,--,13,7,1,1.71,41.0,1.67,55.0,1.13,20.0,40.0,0.8,
Rickson,http://ufcstats.com/fighter-details/194fc025f9355db6,--,11,0,0,0.0,0.0,0.0,0.0,0.0,0.0,0.0,0.0,
Rodrigo,http://ufcstats.com/fighter-details/36877f0e62b25b96,--,6,2,1,1.34,51.0,0.86,46.0,1.49,50.0,75.0,0.4,
Royler,http://ufcstats.com/fighter-details/b807814d977682eb,--,5,5,1,0.0,0.0,0.0,0.0,0.0,0.0,0.0,0.0,
Ryan,http://ufcstats.com/fighter-details/0c3838c8f7c620c2,--,5,2,0,0.82,61.0,0.5,40.0,2.83,75.0,25.0,0.9,
Ralek,http://ufcstats.com/fighter-details/84283233ec42be5f,--,3,1,0,1.61,46.0,1.05,55.0,2.5,75.0,0.0,1.7,
Rolles,http://ufcstats.com/fighter-details/e4a9dbade7c7e1a7,--,8,4,0,2.3,32.0,3.38,55.0,2.3,10.0,0.0,0.0,
Cesar,http://ufcstats.com/fighter-details/079488710f012779,--,0,1,0,0.0,0.0,17.14,50.0,0.0,0.0,0.0,0.0,
Roger,http://ufcstats.com/fighter-details/a6bbd3df469c6bea,"79.0""",8,2,0,1.78,35.0,1.79,61.0,1.87,53.0,60.0,1.9,
Igor,http://ufcstats.com/fighter-details/722b870449243083,--,5,4,0,1.86,60.0,0.99,50.0,3.72,50.0,0.0,3.7,
Neiman,http://ufcstats.com/fighter-details/12d855d12a624da2,--,6,0,0,0.77,100.0,0.38,75.0,5.77,100.0,0.0,5.8,
Kron,http://ufcstats.com/fighter-details/242d36d241b43c12,"70.0""",5,3,0,2.95,42.0,5.73,51.0,0.35,25.0,0.0,0.7,
Bogdan,http://ufcstats.com/fighter-details/fb37795db81f93f3,"70.0""",15,4,0,4.06,51.0,5.06,49.0,4.22,40.0,75.0,0.0,
Steven,http://ufcstats.com/fighter-details/3e514f437c51ce0a,--,2,1,0,0.0,0.0,0.0,0.0,0.0,0.0,0.0,0.0,
Scott,http://ufcstats.com/fighter-details/6e4acc2c115215b5,--,3,1,0,0.91,42.0,2.27,28.0,0.0,0.0,0.0,0.0,
Miranda,http://ufcstats.com/fighter-details/7559395ad833c074,"68.0""",7,3,0,2.79,47.0,2.57,57.0,0.0,0.0,33.0,0.0,
TJ,http://ufcstats.com/fighter-details/a26198ba5093147e,"72.0""",21,5,0,3.95,54.0,3.21,56.0,1.63,43.0,36.0,0.6,
Davey,http://ufcstats.com/fighter-details/113df4fde64735c6,"69.0""",18,8,0,5.58,45.0,4.04,54.0,0.95,38.0,65.0,0.2,
Dwight,http://ufcstats.com/fighter-details/8be158ca1e5ea6a0,"76.0""",11,6,0,3.29,36.0,2.66,60.0,0.61,100.0,66.0,0.0,
Alexa,http://ufcstats.com/fighter-details/e8b731feff72294b,"66.0""",17,5,1,4.11,41.0,3.71,58.0,0.4,35.0,54.0,0.7,
Tony,http://ufcstats.com/fighter-details/601964f9654f911a,"69.0""",23,9,0,3.82,48.0,4.47,44.0,5.4,41.0,52.0,0.3,
Michael,http://ufcstats.com/fighter-details/3f1d23b01c552a13,"71.0""",6,0,1,1.25,54.0,1.47,58.0,4.8,52.0,66.0,0.4,
Shelton,http://ufcstats.com/fighter-details/642862d6d63605cd,"76.0""",7,3,0,2.19,69.0,0.81,33.0,4.86,57.0,0.0,0.0,
James,http://ufcstats.com/fighter-details/2db65fc038c0018e,--,4,1,0,2.61,50.0,18.26,44.0,0.0,0.0,0.0,0.0,
Kevin,http://ufcstats.com/fighter-details/bb0d290026d7681d,"67.0""",9,4,0,3.45,62.0,4.48,66.0,0.0,0.0,0.0,0.0,
Sam,http://ufcstats.com/fighter-details/6d12031661db8ac8,--,3,1,1,2.4,75.0,1.33,53.0,0.0,0.0,25.0,1.0,
King,http://ufcstats.com/fighter-details/887961364be5ceb3,"71.0""",34,17,1,6.38,53.0,3.58,62.0,1.31,42.0,72.0,0.3,
Desmond,http://ufcstats.com/fighter-details/f046d724d2a84ac5,"73.0""",23,8,0,3.7,46.0,2.51,69.0,1.62,50.0,75.0,0.0,
Gabe,http://ufcstats.com/fighter-details/5eb50529a8418b77,"73.0""",12,5,0,5.6,45.0,6.19,47.0,0.71,50.0,50.0,0.5,
Maurice,http://ufcstats.com/fighter-details/068f8a189a47fea6,"80.0""",9,7,0,3.28,45.0,3.61,45.0,0.0,0.0,27.0,0.4,
Matt,http://ufcstats.com/fighter-details/bfc2fc38a0e20211,"70.0""",15,5,0,4.09,53.0,2.69,56.0,2.19,37.0,82.0,0.5,
Forrest,http://ufcstats.com/fighter-details/fcffee71cff5530e,"77.0""",19,7,0,4.38,36.0,2.81,61.0,1.05,48.0,57.0,0.7,
Tyson,http://ufcstats.com/fighter-details/20205040232ed0f3,"68.0""",16,8,0,3.71,41.0,2.3,65.0,1.87,46.0,59.0,0.9,
Max,http://ufcstats.com/fighter-details/b0d6a1d8ac3d563d,"76.0""",20,13,0,3.7,47.0,3.69,58.0,1.44,41.0,69.0,0.2,
Jordan,http://ufcstats.com/fighter-details/ebef46976554f975,"73.0""",18,9,0,2.52,46.0,3.02,50.0,1.45,35.0,42.0,1.9,
Chad,http://ufcstats.com/fighter-details/fdf18227faa596dd,"73.0""",11,3,0,2.67,50.0,2.22,46.0,1.51,66.0,41.0,0.0,
Charalampos,http://ufcstats.com/fighter-details/68b8ebdfce9dbb61,"67.0""",8,5,0,2.62,48.0,3.97,46.0,2.62,80.0,90.0,0.0,
Chuck,http://ufcstats.com/fighter-details/7fb4234670271505,--,23,10,0,0.71,16.0,3.29,46.0,0.0,0.0,66.0,0.0,
Rodrigo,http://ufcstats.com/fighter-details/dde70a112e053a6c,--,7,9,0,0.48,23.0,4.81,52.0,0.0,0.0,0.0,9.6,
Maxim,http://ufcstats.com/fighter-details/950d0ef5c17157c5,"78.0""",32,10,2,3.26,52.0,2.27,58.0,0.21,16.0,66.0,0.0,
Josh,http://ufcstats.com/fighter-details/60ba33c3f555a7a3,"74.0""",14,5,0,1.44,41.0,3.71,50.0,1.97,36.0,16.0,2.2,
Garrett,http://ufcstats.com/fighter-details/6741218640534d8b,--,11,7,0,2.39,45.0,1.67,46.0,0.0,0.0,52.0,0.0,
Kendall,http://ufcstats.com/fighter-details/234f3767ff0e5701,"79.0""",23,17,0,2.31,41.0,2.4,54.0,0.49,45.0,56.0,1.7,
Neil,http://ufcstats.com/fighter-details/36a432f22144843e,--,12,8,1,0.0,0.0,0.0,0.0,0.0,0.0,100.0,14.3,
Chris,http://ufcstats.com/fighter-details/feaf00f3373435d6,"68.0""",15,5,0,6.18,57.0,4.96,52.0,0.21,50.0,65.0,0.0,
Vik,http://ufcstats.com/fighter-details/1e7483dbff40b84b,"73.0""",6,6,0,2.24,48.0,3.39,41.0,1.18,33.0,26.0,0.4,
Mike,http://ufcstats.com/fighter-details/56fcb2c4d99f9d1b,"72.0""",12,4,0,2.09,45.0,4.45,56.0,4.06,28.0,50.0,0.4,
Wang,http://ufcstats.com/fighter-details/dd12382f28296f7b,"71.0""",20,1,1,4.73,43.0,3.27,60.0,0.0,0.0,0.0,0.0,
Anthony,http://ufcstats.com/fighter-details/dc052ab64be66e1d,"72.0""",3,1,0,7.5,28.0,41.25,35.0,0.0,0.0,0.0,0.0,
Nandor,http://ufcstats.com/fighter-details/1abfb658cd4f8533,--,11,5,1,3.62,56.0,3.16,33.0,0.0,0.0,42.0,0.0,
Fabricio,http://ufcstats.com/fighter-details/2963369e327e1979,--,21,5,0,1.87,31.0,2.2,67.0,2.0,50.0,0.0,0.0,
Rainn,http://ufcstats.com/fighter-details/8300a47f6fd6fe4f,"65.0""",5,2,0,0.65,33.0,0.87,50.0,3.27,100.0,0.0,0.0,
Shannon,http://ufcstats.com/fighter-details/9f1641c08cf8fbe2,"71.0""",15,7,0,1.25,39.0,1.88,58.0,2.13,27.0,50.0,3.4,
Clay,http://ufcstats.com/fighter-details/c47df9303d318c67,"70.0""",38,22,0,2.63,33.0,3.0,61.0,3.1,35.0,66.0,0.6,
Jason,http://ufcstats.com/fighter-details/ce25b4ed82b1811b,--,19,28,0,1.87,40.0,3.33,52.0,1.0,14.0,50.0,1.0,
Melvin,http://ufcstats.com/fighter-details/ccd1299e0345e0ce,"71.0""",32,18,2,2.96,40.0,1.85,66.0,1.3,63.0,61.0,0.2,
Chris,http://ufcstats.com/fighter-details/da0f33e4255f99eb,--,13,16,0,0.82,27.0,1.91,36.0,0.0,0.0,0.0,0.0,
Marcelo,http://ufcstats.com/fighter-details/0c9c0a43d3f3f49d,"73.0""",9,2,1,4.67,51.0,4.41,62.0,1.99,13.0,0.0,0.0,
Leonardo,http://ufcstats.com/fighter-details/cc98d857b148e33a,--,11,5,0,2.35,56.0,2.99,44.0,0.0,0.0,52.0,1.0,
Brad,http://ufcstats.com/fighter-details/4d74641fac830182,--,10,6,1,0.0,0.0,0.0,0.0,0.0,0.0,0.0,0.0,
John,http://ufcstats.com/fighter-details/a0c139b34f11421a,"69.0""",35,16,2,1.04,27.0,1.71,58.0,1.67,33.0,11.0,2.0,
John,http://ufcstats.com/fighter-details/3956bdc8ab2e54b3,"72.0""",5,1,0,1.65,37.0,3.72,46.0,7.08,42.0,0.0,0.0,
Jorge,http://ufcstats.com/fighter-details/04d5718ed2661e8c,"69.0""",14,10,0,3.37,32.0,3.62,62.0,0.81,23.0,60.0,0.5,
Fabio,http://ufcstats.com/fighter-details/8377c5572cb356f3,--,3,2,0,0.0,0.0,0.0,0.0,0.0,0.0,0.0,0.0,
Luis,http://ufcstats.com/fighter-details/29162be25ebef5f0,"64.0""",10,3,0,4.47,40.0,4.74,59.0,0.58,14.0,58.0,0.0,
Bogdan,http://ufcstats.com/fighter-details/ef5dcb10d2bd4b0f,"76.0""",18,3,1,4.57,55.0,4.09,44.0,0.0,0.0,57.0,0.7,
Gugun,http://ufcstats.com/fighter-details/e34e3b1fffa13a6a,"68.0""",8,4,0,0.88,27.0,6.18,41.0,0.0,0.0,33.0,0.0,
Andre,http://ufcstats.com/fighter-details/cc300e9aa3063431,--,6,3,0,2.79,43.0,3.28,60.0,0.0,0.0,60.0,0.0,
Alexander,http://ufcstats.com/fighter-details/3c6976f8182d9527,"79.0""",18,8,0,4.03,40.0,3.53,51.0,1.53,39.0,83.0,0.4,
Andreas,http://ufcstats.com/fighter-details/2caf993f53541fa1,"73.0""",12,3,0,5.82,71.0,3.63,45.0,6.19,58.0,100.0,0.0,
Justin,http://ufcstats.com/fighter-details/a789defa9086da46,--,18,9,0,0.16,33.0,3.74,14.0,2.44,25.0,0.0,4.9,
Horacio,http://ufcstats.com/fighter-details/cd85b48dc880fabd,--,4,3,0,0.86,26.0,2.91,46.0,0.0,0.0,50.0,0.0,
Chris,http://ufcstats.com/fighter-details/45f0cc9d18f35137,"67.0""",22,7,2,4.4,57.0,2.65,63.0,0.3,30.0,67.0,0.1,
Mando,http://ufcstats.com/fighter-details/5f33ae0620e050c5,"70.0""",7,2,0,0.8,75.0,1.33,50.0,1.0,100.0,40.0,1.0,
Mike,http://ufcstats.com/fighter-details/eaea0fc7b76525a8,"74.0""",15,6,1,2.75,65.0,0.79,66.0,1.87,37.0,54.0,1.2,
Chelsea,http://ufcstats.com/fighter-details/184b7a36d50dcc5e,"66.0""",3,1,1,2.58,51.0,4.85,46.0,0.0,0.0,57.0,0.0,
Keith,http://ufcstats.com/fighter-details/bf12aca029bfcc47,--,2,2,0,0.0,0.0,0.0,0.0,0.0,0.0,0.0,0.0,
Cody,http://ufcstats.com/fighter-details/8e6654e9f0461b8f,"69.0""",8,1,0,9.2,51.0,3.47,64.0,2.48,37.0,83.0,0.8,
Jake,http://ufcstats.com/fighter-details/60a42bf82447c919,"70.0""",11,4,0,3.8,43.0,4.16,61.0,0.33,11.0,54.0,1.1,
Steve,http://ufcstats.com/fighter-details/99793cf88c5adeee,--,3,0,0,0.0,0.0,0.0,0.0,0.0,0.0,0.0,0.0,
Damir,http://ufcstats.com/fighter-details/38c626ca912c7bac,"70.0""",14,8,0,3.34,47.0,3.74,59.0,0.91,54.0,34.0,0.1,
Bassil,http://ufcstats.com/fighter-details/f4d92416da98804b,"72.0""",9,4,1,3.71,38.0,5.68,41.0,2.21,24.0,50.0,0.0,
Tim,http://ufcstats.com/fighter-details/219a254e15d60135,"76.0""",21,13,0,2.79,47.0,4.14,46.0,1.72,33.0,85.0,0.9,
Theo,http://ufcstats.com/fighter-details/8a213af406eb2dd4,"77.0""",6,1,0,0.0,0.0,28.33,0.0,0.0,0.0,0.0,0.0,
Yazan,http://ufcstats.com/fighter-details/4955c524c2a71469,--,6,1,0,1.54,25.0,17.44,44.0,0.0,0.0,100.0,0.0,
Stoney,http://ufcstats.com/fighter-details/206a7d47eb62170e,--,5,3,0,0.0,0.0,0.0,0.0,0.0,0.0,0.0,0.0,
Kevin,http://ufcstats.com/fighter-details/439d4bbefd4e6940,--,6,4,0,0.87,59.0,0.87,64.0,3.0,100.0,0.0,2.0,
Mark,http://ufcstats.com/fighter-details/18524b46c570730b,--,5,6,0,0.0,0.0,0.0,0.0,0.0,0.0,0.0,0.0,
Uriah,http://ufcstats.com/fighter-details/65578a75fa7900e3,"79.0""",18,11,0,3.23,48.0,3.85,54.0,0.54,38.0,64.0,0.1,
Ryan,http://ufcstats.com/fighter-details/8866c6f509c19089,"70.0""",9,2,0,2.38,50.0,1.33,65.0,0.22,9.0,0.0,2.2,
Dennis,http://ufcstats.com/fighter-details/8a8a84b743ae7699,"72.0""",53,20,2,1.12,44.0,1.96,43.0,1.79,30.0,25.0,2.1,
Piotr,http://ufcstats.com/fighter-details/a3be148af5c7b088,"71.0""",18,6,0,3.98,45.0,3.17,58.0,2.55,44.0,70.0,0.4,
Tony,http://ufcstats.com/fighter-details/bad28b7b34f334de,--,0,4,0,0.0,0.0,0.0,0.0,0.0,0.0,0.0,0.0,
Brandon,http://ufcstats.com/fighter-details/e763679f15326ae1,--,9,3,0,1.74,47.0,0.87,65.0,4.98,53.0,100.0,1.2,
John,http://ufcstats.com/fighter-details/88c8f47241d90040,--,16,8,0,2.94,43.0,5.29,47.0,0.0,0.0,66.0,2.0,
Seo Hee,http://ufcstats.com/fighter-details/165c244bcca3ed26,"62.0""",17,8,0,4.2,39.0,5.15,61.0,0.0,0.0,66.0,0.2,
Frank,http://ufcstats.com/fighter-details/c3c23c99477c041b,--,1,0,0,0.0,0.0,0.0,0.0,0.0,0.0,0.0,0.0,
Kazuhiro,http://ufcstats.com/fighter-details/1b4d6971bb18b82c,--,5,7,1,1.7,37.0,0.91,60.0,0.0,0.0,50.0,0.0,
Rami,http://ufcstats.com/fighter-details/a59017211b775b5d,"71.0""",13,3,0,3.87,51.0,3.4,50.0,0.0,0.0,50.0,0.0,
Matt,http://ufcstats.com/fighter-details/98b80a717b9bda17,"76.0""",12,8,0,3.69,42.0,3.8,61.0,3.0,34.0,91.0,0.0,
Jeremy,http://ufcstats.com/fighter-details/7ada6ea792a34424,--,9,2,0,0.0,0.0,0.0,0.0,0.0,0.0,0.0,0.0,
Anthony,http://ufcstats.com/fighter-details/c727c7d31c50c4cf,"76.0""",15,9,0,3.91,65.0,3.02,45.0,2.62,42.0,78.0,0.0,
CJ,http://ufcstats.com/fighter-details/7da5839b223f3728,"68.0""",11,4,0,2.47,31.0,3.93,58.0,0.0,0.0,62.0,0.0,
Jared,http://ufcstats.com/fighter-details/23459ee7e373b98f,"75.0""",14,6,0,5.15,42.0,3.93,55.0,1.57,46.0,30.0,0.0,
James,http://ufcstats.com/fighter-details/1f77fce698e80488,--,6,3,0,1.93,30.0,4.13,44.0,2.0,50.0,100.0,1.0,
Dean,http://ufcstats.com/fighter-details/24e9d6b0a24cff9d,--,2,1,0,7.97,63.0,1.94,67.0,1.71,33.0,75.0,1.7,
Chad,http://ufcstats.com/fighter-details/98533a2738124a0d,"74.0""",9,3,0,0.73,47.0,1.47,33.0,0.0,0.0,71.0,1.0,
Joachim,http://ufcstats.com/fighter-details/86e388ed20761ad9,--,23,14,1,2.01,43.0,2.04,58.0,2.21,58.0,34.0,1.9,
Kay,http://ufcstats.com/fighter-details/4100c7a09497ad41,"63.0""",7,6,0,3.01,50.0,3.19,51.0,1.83,22.0,37.0,0.8,
Nasrat,http://ufcstats.com/fighter-details/b7b84ccd221be298,"72.0""",18,6,0,6.36,45.0,6.0,63.0,0.34,20.0,86.0,0.0,
Shin,http://ufcstats.com/fighter-details/05b17ae24e6bba81,"68.0""",8,2,0,2.02,63.0,1.84,43.0,12.32,51.0,0.0,0.0,
Janay,http://ufcstats.com/fighter-details/b9c3ee342eb72100,--,2,3,0,0.0,0.0,0.0,0.0,0.0,0.0,0.0,0.0,
Antoni,http://ufcstats.com/fighter-details/69b69c0178c4004d,"78.0""",8,6,0,3.4,61.0,3.07,46.0,0.0,0.0,40.0,0.9,
George,http://ufcstats.com/fighter-details/f55a6807b6bb853d,"72.0""",12,2,0,3.6,38.0,4.6,71.0,0.0,0.0,83.0,0.0,
Harry,http://ufcstats.com/fighter-details/2dbc60c52de126d8,"71.0""",13,5,1,5.47,42.0,8.54,44.0,0.0,0.0,0.0,0.0,
Dan,http://ufcstats.com/fighter-details/473ce3aa581251a2,"74.0""",25,10,0,2.46,35.0,3.44,51.0,0.73,35.0,35.0,0.4,
Veronica,http://ufcstats.com/fighter-details/4798e823ada58fe9,"64.0""",10,5,1,3.06,45.0,3.24,50.0,0.82,41.0,51.0,0.3,
Greg,http://ufcstats.com/fighter-details/85073dbd1be65ed9,"80.0""",7,5,0,4.79,50.0,3.31,55.0,0.2,33.0,64.0,0.0,
Tobias,http://ufcstats.com/fighter-details/4d1e92b61bcef308,--,12,3,0,0.0,0.0,0.0,0.0,0.0,0.0,0.0,0.0,
Baru,http://ufcstats.com/fighter-details/848809f3986b4977,--,1,2,0,0.0,0.0,0.0,0.0,0.0,0.0,0.0,0.0,
Scott,http://ufcstats.com/fighter-details/14a433bccba87016,--,12,7,0,1.3,54.0,4.98,47.0,3.25,100.0,0.0,0.0,
Josiah,http://ufcstats.com/fighter-details/e5864a42c80294f6,"68.0""",11,1,0,2.32,50.0,10.94,29.0,0.0,0.0,0.0,0.0,
Gerry,http://ufcstats.com/fighter-details/30cd319d39ee689b,--,1,4,0,0.0,0.0,0.0,0.0,0.0,0.0,0.0,0.0,
Gerald,http://ufcstats.com/fighter-details/c4b81cdecd5d6abe,"77.0""",23,5,0,1.41,29.0,1.58,62.0,2.96,54.0,72.0,0.0,
Phil,http://ufcstats.com/fighter-details/ba043b03eb799063,"65.0""",22,12,0,2.34,26.0,3.16,68.0,1.76,21.0,60.0,0.0,
Walt,http://ufcstats.com/fighter-details/03f982ca3735070c,"77.0""",13,10,0,3.05,39.0,3.33,54.0,0.29,28.0,70.0,0.1,
Dhafir,http://ufcstats.com/fighter-details/0e96af5220d27ed4,--,2,0,0,0.0,0.0,0.0,0.0,0.0,0.0,0.0,0.0,
Trevor,http://ufcstats.com/fighter-details/0e98b05d3cf6d271,--,2,2,0,1.73,50.0,0.43,75.0,0.0,0.0,50.0,6.5,
Carlston,http://ufcstats.com/fighter-details/a53d30163304aa6e,"76.0""",19,7,0,3.79,43.0,3.46,54.0,1.46,22.0,55.0,0.6,
Kayla,http://ufcstats.com/fighter-details/1af1170ed937cba7,"66.0""",19,1,0,4.29,62.0,1.1,66.0,2.84,37.0,100.0,0.9,
Collin,http://ufcstats.com/fighter-details/16bf6a73bdd302cd,--,6,3,1,6.33,44.0,7.53,51.0,2.0,16.0,50.0,0.0,
Joey,http://ufcstats.com/fighter-details/6412da484125716b,"79.0""",6,2,0,4.53,34.0,4.53,45.0,0.0,0.0,40.0,0.0,
Dale,http://ufcstats.com/fighter-details/058e4e08a1ad8aba,"69.0""",6,3,0,1.14,35.0,1.55,66.0,1.22,100.0,25.0,2.5,
Luke,http://ufcstats.com/fighter-details/34f3869747bf8fa9,--,0,1,0,0.0,0.0,0.0,0.0,0.0,0.0,0.0,0.0,
Clay,http://ufcstats.com/fighter-details/83a477a7dba1ca58,"74.0""",13,6,0,3.29,48.0,3.91,58.0,0.66,100.0,68.0,1.3,
Hidehiko,http://ufcstats.com/fighter-details/2a2eeee20ef049cf,--,19,20,6,0.0,0.0,0.0,0.0,0.0,0.0,0.0,0.0,
Chris,http://ufcstats.com/fighter-details/5bd533d50c8e7b8a,--,20,17,0,0.93,70.0,4.67,28.0,0.0,0.0,40.0,2.0,
Takayo,http://ufcstats.com/fighter-details/ae4343d29c68e9d0,--,15,6,1,2.84,26.0,6.56,61.0,0.0,0.0,0.0,0.0,
Tomohiko,http://ufcstats.com/fighter-details/a890f9a791ed615d,--,1,4,0,0.0,0.0,11.67,30.0,0.0,0.0,0.0,0.0,
Justin,http://ufcstats.com/fighter-details/77940e45bc86208e,--,7,6,0,1.51,33.0,2.65,54.0,1.62,40.0,52.0,0.8,
Hayder,http://ufcstats.com/fighter-details/cf615eb4b7862c76,--,6,3,0,2.11,46.0,3.16,48.0,0.0,0.0,25.0,0.0,
Ahmad,http://ufcstats.com/fighter-details/bf7a64d9ae343e86,"75.0""",11,3,0,3.16,39.0,4.42,38.0,2.43,19.0,0.0,1.2,
Daiki,http://ufcstats.com/fighter-details/c76ceda100ac0fad,--,17,11,7,1.44,39.0,1.42,55.0,0.67,100.0,35.0,0.7,
John,http://ufcstats.com/fighter-details/28f3c2258a1d8874,"75.0""",17,2,0,3.4,40.0,1.8,62.0,2.61,43.0,60.0,0.9,
Phil,http://ufcstats.com/fighter-details/547afe1017e72dbe,"77.0""",12,6,0,5.33,59.0,3.72,55.0,2.11,34.0,90.0,0.2,
Justin,http://ufcstats.com/fighter-details/5c7fc58e782b6842,--,6,9,0,0.0,0.0,3.41,37.0,0.0,0.0,0.0,0.0,
Chris,http://ufcstats.com/fighter-details/9460c867aae1987e,--,5,10,0,0.0,0.0,0.0,0.0,0.0,0.0,0.0,0.0,
Del,http://ufcstats.com/fighter-details/885e7f70dcac0007,--,22,17,0,1.15,27.0,2.01,46.0,0.0,0.0,0.0,0.0,
Tommy,http://ufcstats.com/fighter-details/0871254cd790c250,--,11,3,0,1.48,27.0,2.05,55.0,3.42,33.0,66.0,0.0,
Mike,http://ufcstats.com/fighter-details/0cfbbfa0ba6d9855,--,20,12,2,4.87,55.0,1.47,77.0,0.0,0.0,75.0,4.0,
Ryan,http://ufcstats.com/fighter-details/a620638435de0628,--,7,6,0,0.0,0.0,0.0,0.0,0.0,0.0,0.0,0.0,
Gerric,http://ufcstats.com/fighter-details/7d6a3546c988cdc0,--,8,11,0,0.0,0.0,0.0,0.0,0.0,0.0,0.0,0.0,
Josh,http://ufcstats.com/fighter-details/6ef58dabef8beb15,--,14,11,0,1.25,22.0,4.03,52.0,0.94,18.0,42.0,0.0,
Dustin,http://ufcstats.com/fighter-details/a149d6bc670cdb60,"76.0""",12,7,0,2.24,40.0,3.51,46.0,0.55,50.0,25.0,4.1,
James,http://ufcstats.com/fighter-details/19a8cce18a1cef9e,"73.0""",9,4,0,2.75,48.0,3.11,49.0,0.41,100.0,66.0,0.8,
Pat,http://ufcstats.com/fighter-details/50d2f0018bcf9eef,"72.0""",34,23,0,2.57,36.0,2.57,50.0,3.08,37.0,55.0,1.1,
Ryan,http://ufcstats.com/fighter-details/f3eb664db7fb1df3,--,25,14,1,1.67,35.0,3.0,38.0,3.0,50.0,40.0,1.0,
Spencer,http://ufcstats.com/fighter-details/d85cf12439945941,--,1,0,0,0.0,0.0,0.0,0.0,0.0,0.0,0.0,0.0,
David,http://ufcstats.com/fighter-details/4f95f74620a6b7a4,"72.0""",18,7,0,1.48,30.0,5.16,49.0,0.33,50.0,57.0,1.0,
Chris,http://ufcstats.com/fighter-details/bad8be5827ea1bf1,--,9,4,0,1.08,45.0,2.67,52.0,3.39,50.0,100.0,0.7,
Jake,http://ufcstats.com/fighter-details/e57fdbea1b828202,"73.0""",11,4,0,3.26,47.0,2.76,56.0,2.04,37.0,40.0,0.0,
Donavon,http://ufcstats.com/fighter-details/1004099ab87faa8d,"76.0""",6,1,0,2.7,47.0,1.77,61.0,3.12,33.0,42.0,0.0,
Nick,http://ufcstats.com/fighter-details/2816ced060a21be3,"66.0""",14,5,0,2.65,35.0,3.61,59.0,0.86,33.0,83.0,0.0,
Ian,http://ufcstats.com/fighter-details/2e585c701f72fe55,"72.0""",14,5,0,3.25,50.0,2.98,59.0,1.02,17.0,59.0,0.7,
Marcin,http://ufcstats.com/fighter-details/bf43fed8f29e1671,"71.0""",23,7,0,1.41,34.0,2.02,47.0,2.46,46.0,37.0,1.3,
Delson,http://ufcstats.com/fighter-details/970beed85bc46b63,--,29,10,0,0.69,75.0,4.83,19.0,0.0,0.0,0.0,0.0,
Matt,http://ufcstats.com/fighter-details/cacfd51b8e97ace0,--,1,1,0,0.0,0.0,0.0,0.0,0.0,0.0,0.0,0.0,
Elisha,http://ufcstats.com/fighter-details/0971be7d94e109e1,--,0,4,0,0.0,0.0,0.0,0.0,0.0,0.0,0.0,0.0,
Dan,http://ufcstats.com/fighter-details/1ccf4e7caff270df,"74.0""",32,15,0,2.44,47.0,2.7,51.0,1.52,52.0,57.0,0.3,
Benson,http://ufcstats.com/fighter-details/2676b28836a5a836,"70.0""",24,7,0,2.93,45.0,1.79,63.0,2.4,45.0,63.0,0.8,
Ron,http://ufcstats.com/fighter-details/498f0d066396ec59,--,4,3,0,2.53,25.0,3.6,48.0,1.0,20.0,0.0,0.0,
Josh,http://ufcstats.com/fighter-details/7649c4c95b824488,--,19,11,0,0.98,20.0,11.8,29.0,0.0,0.0,0.0,0.0,
Johny,http://ufcstats.com/fighter-details/0941df56f6ac954b,"69.0""",18,8,0,3.49,45.0,3.99,53.0,3.83,46.0,63.0,0.3,
Cory,http://ufcstats.com/fighter-details/9ab9912e0f8fa6d6,--,3,1,0,3.13,39.0,4.07,42.0,0.0,0.0,100.0,0.0,
Luis,http://ufcstats.com/fighter-details/e5bda12faabfc850,"74.0""",10,5,0,1.81,43.0,2.22,47.0,3.09,36.0,50.0,1.0,
Jose,http://ufcstats.com/fighter-details/20a0e4cc5227c117,"79.0""",8,1,0,3.45,43.0,5.79,38.0,0.0,0.0,0.0,0.0,
Paulo,http://ufcstats.com/fighter-details/3fe8ad7e1594537a,"69.0""",12,2,0,0.93,32.0,1.87,61.0,0.0,0.0,50.0,0.0,
Diego,http://ufcstats.com/fighter-details/1649770c649db6a5,--,8,4,0,2.53,57.0,3.27,30.0,0.0,0.0,63.0,0.0,
Danny,http://ufcstats.com/fighter-details/f7d73e452b064bf2,"73.0""",12,4,0,5.2,51.0,4.16,45.0,0.74,33.0,50.0,2.2,
Victor,http://ufcstats.com/fighter-details/eb8d8c2a95cfccb8,"68.0""",25,7,0,7.17,53.0,5.19,48.0,1.04,42.0,81.0,0.3,
TJ,http://ufcstats.com/fighter-details/e1acbb6352ca3551,--,4,2,0,0.73,37.0,0.13,81.0,2.0,40.0,60.0,0.0,
Jai,http://ufcstats.com/fighter-details/4c88a1db5a46c6a4,"77.0""",14,6,1,3.19,41.0,3.34,52.0,0.42,21.0,66.0,0.0,
Ed,http://ufcstats.com/fighter-details/06f36cf4bd97ec77,"77.0""",27,16,0,3.31,48.0,3.71,42.0,1.96,47.0,59.0,1.0,
Dave,http://ufcstats.com/fighter-details/cbd6f1abf955e628,"77.0""",22,6,0,4.98,60.0,3.78,48.0,1.49,100.0,58.0,0.0,
Jack,http://ufcstats.com/fighter-details/0a1942069c9ad6b6,"77.0""",24,10,0,5.15,45.0,3.72,56.0,1.48,29.0,80.0,0.4,
Noe,http://ufcstats.com/fighter-details/df2cf66d8c0123db,--,5,5,0,0.0,0.0,0.0,0.0,0.0,0.0,0.0,0.0,
Joe,http://ufcstats.com/fighter-details/4a76daef28549957,--,0,1,0,0.0,0.0,0.0,0.0,0.0,0.0,0.0,0.0,
Ramiro,http://ufcstats.com/fighter-details/915c8d39d4a0e7d1,--,19,9,0,2.72,28.0,5.51,64.0,0.0,0.0,0.0,0.0,
Alexander,http://ufcstats.com/fighter-details/262a7d06203657e6,"72.0""",18,9,0,4.23,40.0,4.45,59.0,1.05,35.0,68.0,0.1,
Anthony,http://ufcstats.com/fighter-details/093e1f5bb73850be,"75.0""",15,3,0,4.57,60.0,3.1,51.0,5.88,48.0,68.0,1.6,
Nohelin,http://ufcstats.com/fighter-details/f97c5433c77522d3,"71.0""",9,4,0,1.32,34.0,2.63,52.0,0.71,50.0,37.0,0.0,
Carlos,http://ufcstats.com/fighter-details/798e48f9e7f6ba22,"67.0""",10,5,0,3.83,45.0,3.5,50.0,1.56,21.0,65.0,0.2,
Leslie,http://ufcstats.com/fighter-details/fc8610cc15674ae2,"64.0""",4,2,0,3.6,58.0,2.53,55.0,0.0,0.0,54.0,0.0,
Paul,http://ufcstats.com/fighter-details/440c9dbab63528fb,--,1,1,0,0.0,0.0,0.0,0.0,0.0,0.0,0.0,0.0,
Chris,http://ufcstats.com/fighter-details/f71028a6e5128856,--,3,2,1,2.04,37.0,3.35,48.0,1.8,100.0,100.0,0.0,
Geane,http://ufcstats.com/fighter-details/c169545ab0825f44,"66.0""",9,3,0,1.51,31.0,5.07,52.0,0.83,37.0,38.0,0.6,
Alvaro,http://ufcstats.com/fighter-details/74d35fbc9c6a61bd,"74.0""",9,6,0,1.89,38.0,3.4,55.0,0.0,0.0,33.0,1.1,
Felice,http://ufcstats.com/fighter-details/b6850671a008bf9a,"65.0""",14,10,0,3.84,37.0,5.19,48.0,1.08,28.0,75.0,0.8,
Heath,http://ufcstats.com/fighter-details/7450525c7ba032a0,"78.0""",28,16,0,2.37,50.0,1.77,54.0,1.22,50.0,32.0,0.7,
Jon,http://ufcstats.com/fighter-details/32a3025d5db456ae,--,1,1,0,0.0,0.0,0.0,0.0,0.0,0.0,0.0,0.0,
Clint,http://ufcstats.com/fighter-details/92b62174c175ce19,"77.0""",11,6,0,3.36,42.0,3.44,56.0,1.02,35.0,60.0,0.0,
Brandon,http://ufcstats.com/fighter-details/13150cf89a5b81e0,--,3,0,0,3.53,53.0,0.4,68.0,4.0,80.0,0.0,0.0,
Jimy,http://ufcstats.com/fighter-details/893d51aaf024eddd,"71.0""",11,3,0,3.47,57.0,3.5,57.0,5.2,44.0,61.0,1.4,
Conor,http://ufcstats.com/fighter-details/fdb02029556ff4ed,--,9,5,0,2.92,36.0,3.66,54.0,2.45,31.0,33.0,0.3,
Marcus,http://ufcstats.com/fighter-details/e69c5ce12f4e762b,"64.0""",10,4,0,1.42,43.0,3.06,61.0,2.7,53.0,25.0,4.0,
Jay,http://ufcstats.com/fighter-details/5bb0a618ad03ac64,"75.0""",23,7,0,1.66,32.0,1.89,61.0,4.05,60.0,66.0,1.0,
Brady,http://ufcstats.com/fighter-details/7af33fc4435017f1,"71.0""",9,2,0,2.7,50.0,3.75,51.0,4.8,46.0,42.0,1.1,
Lee,http://ufcstats.com/fighter-details/88432fe79d5091d9,--,2,1,0,1.02,26.0,3.68,40.0,0.0,0.0,0.0,0.0,
Jason,http://ufcstats.com/fighter-details/e5d03e4d966126bd,"73.0""",21,6,0,1.28,42.0,1.56,48.0,2.36,63.0,37.0,2.8,
Richie,http://ufcstats.com/fighter-details/318e629d1eb7aa49,--,8,4,0,4.62,35.0,6.92,21.0,3.46,100.0,100.0,0.0,
Alex,http://ufcstats.com/fighter-details/2af2d675f7d847e3,--,4,3,0,0.29,100.0,1.74,60.0,0.0,0.0,0.0,0.0,
Corey,http://ufcstats.com/fighter-details/abbc737317f66b81,"80.0""",6,9,0,3.57,46.0,1.61,70.0,3.02,80.0,100.0,0.0,
Isaiah,http://ufcstats.com/fighter-details/86b30a86664cb6e4,--,5,7,1,4.84,50.0,0.97,80.0,0.0,0.0,66.0,14.5,
Angela,http://ufcstats.com/fighter-details/f0feeb2192937424,"64.0""",18,16,0,5.37,50.0,5.02,60.0,0.75,30.0,72.0,0.1,
Tyler,http://ufcstats.com/fighter-details/006efbb0c1621fd7,--,8,2,0,3.64,39.0,5.33,47.0,0.0,0.0,0.0,0.0,
Jamahal,http://ufcstats.com/fighter-details/5444c5a201d3ee5a,"79.0""",12,4,0,6.19,51.0,4.03,44.0,0.0,0.0,73.0,0.0,
Kailan,http://ufcstats.com/fighter-details/bc7efc037c5f6550,"77.0""",4,1,0,2.6,53.0,4.8,37.0,3.0,42.0,0.0,0.0,
Alvin,http://ufcstats.com/fighter-details/ab2a4b5e04dc5fe9,"74.0""",7,1,0,5.47,31.0,7.47,38.0,1.0,10.0,0.0,0.0,
Branden Lee,http://ufcstats.com/fighter-details/06f0ffa6446c5b6d,--,17,11,0,2.61,69.0,3.91,26.0,4.34,57.0,66.0,4.3,
Hatsu,http://ufcstats.com/fighter-details/ef7fa30364cbe7f2,"73.0""",29,10,2,2.42,42.0,2.12,65.0,2.55,56.0,54.0,0.6,
Alan,http://ufcstats.com/fighter-details/483b3170b3c05cf0,--,14,5,4,0.0,0.0,0.0,0.0,0.0,0.0,0.0,0.0,
Kuniyoshi,http://ufcstats.com/fighter-details/9d4522df6fc49a47,"70.0""",23,9,0,1.98,40.0,3.01,54.0,1.91,30.0,25.0,0.6,
Mizuto,http://ufcstats.com/fighter-details/35faad160d346839,"67.0""",18,10,2,3.36,40.0,3.5,54.0,1.36,50.0,58.0,0.1,
Yuji,http://ufcstats.com/fighter-details/8332a607df696345,--,16,22,6,0.0,0.0,0.0,0.0,0.0,0.0,0.0,0.0,
An Tuan,http://ufcstats.com/fighter-details/6c9384138c82962f,"66.0""",6,2,0,1.95,35.0,2.81,55.0,1.72,25.0,16.0,0.0,
Kwan,http://ufcstats.com/fighter-details/c13042265355a290,--,9,2,0,3.29,41.0,3.45,47.0,0.78,100.0,26.0,0.0,
Matt,http://ufcstats.com/fighter-details/b57edace7b647f07,"70.0""",9,3,0,3.23,42.0,4.27,52.0,3.66,44.0,50.0,0.0,
Bobby,http://ufcstats.com/fighter-details/afaad7d6a581e307,--,36,10,1,2.02,70.0,1.32,19.0,1.17,50.0,0.0,1.2,
Chris,http://ufcstats.com/fighter-details/33fb306278dbb3e5,"72.0""",9,2,0,4.78,45.0,4.63,35.0,3.42,42.0,0.0,0.0,
Sam,http://ufcstats.com/fighter-details/84a067c46306a737,--,10,4,0,1.07,25.0,2.25,57.0,1.12,38.0,29.0,1.3,
Josh,http://ufcstats.com/fighter-details/955da1675ad58a50,"73.0""",9,0,0,9.25,62.0,6.81,44.0,3.89,43.0,75.0,0.0,
Andrew,http://ufcstats.com/fighter-details/66ab58d0b3783607,"70.0""",12,3,0,2.2,49.0,3.0,54.0,0.85,18.0,10.0,2.1,
Sean,http://ufcstats.com/fighter-details/acbb9c76f5894e36,--,5,2,0,2.4,59.0,0.6,59.0,5.0,83.0,0.0,2.0,
Chris,http://ufcstats.com/fighter-details/fc60ecf0671b9489,--,6,0,0,1.85,29.0,1.94,58.0,3.38,62.0,100.0,2.0,
Kevin,http://ufcstats.com/fighter-details/3a46b268013afede,"81.0""",29,15,0,4.24,49.0,3.21,50.0,0.79,36.0,57.0,0.6,
Roger,http://ufcstats.com/fighter-details/27d65e9d0fba61ea,--,13,5,0,1.83,47.0,6.47,34.0,1.0,28.0,30.0,0.0,
Max,http://ufcstats.com/fighter-details/150ff4cc642270b9,"69.0""",27,9,0,6.91,48.0,4.61,58.0,0.23,53.0,81.0,0.3,
Gabrielle,http://ufcstats.com/fighter-details/e30715382f42b772,--,6,5,0,0.7,42.0,3.07,34.0,3.0,35.0,16.0,1.0,
Jeremie,http://ufcstats.com/fighter-details/ee28aa7f1043756c,--,8,3,0,0.81,50.0,0.51,79.0,0.0,0.0,0.0,0.0,
Holly,http://ufcstats.com/fighter-details/634e2fb70bde3fd5,"69.0""",15,7,0,3.13,40.0,2.92,55.0,0.87,30.0,76.0,0.1,
Rex,http://ufcstats.com/fighter-details/b5ea750025697880,--,4,2,0,2.75,34.0,7.25,40.0,0.0,0.0,100.0,0.0,
Joseph,http://ufcstats.com/fighter-details/8d20d76af3f213ce,"80.0""",8,4,0,2.88,53.0,3.08,54.0,1.49,40.0,50.0,0.8,
Brandon,http://ufcstats.com/fighter-details/f295d50c56339ab6,"74.0""",5,1,0,4.72,45.0,8.76,50.0,0.0,0.0,50.0,0.0,
Kurt,http://ufcstats.com/fighter-details/a7151778b3381036,"70.0""",22,10,0,4.58,44.0,4.24,49.0,0.65,33.0,38.0,0.8,
Paddy,http://ufcstats.com/fighter-details/6e7c758f5cdec01a,"69.0""",12,2,1,2.13,46.0,2.81,46.0,2.88,47.0,71.0,1.3,
Ben,http://ufcstats.com/fighter-details/6070f16bcfd89fcf,--,4,0,0,0.0,0.0,0.0,0.0,0.0,0.0,0.0,0.0,
Mark,http://ufcstats.com/fighter-details/c11f50e9c1513ce9,--,12,6,0,0.25,19.0,1.67,47.0,0.76,100.0,60.0,2.3,
Scott,http://ufcstats.com/fighter-details/df1eb4354d18a906,"69.0""",14,6,0,4.32,47.0,3.66,55.0,1.88,56.0,67.0,0.2,
Sabah,http://ufcstats.com/fighter-details/71f048adbfed5b49,"72.0""",11,8,0,4.98,48.0,6.91,47.0,2.8,50.0,66.0,0.0,
Mark,http://ufcstats.com/fighter-details/0a97691039c4bbfb,"68.0""",20,12,0,4.08,42.0,4.18,69.0,0.25,66.0,71.0,0.9,
Barb,http://ufcstats.com/fighter-details/472f6f6e6d962f40,"65.0""",10,4,0,4.04,30.0,4.67,66.0,0.0,0.0,0.0,1.3,
Chris,http://ufcstats.com/fighter-details/4d2e3320d815f687,"73.0""",9,1,0,2.99,44.0,1.41,66.0,3.4,45.0,75.0,0.0,
JunYoung,http://ufcstats.com/fighter-details/b24666e26bd750a3,"69.0""",13,8,1,2.1,39.0,2.3,48.0,0.0,0.0,35.0,0.0,
SeongChan,http://ufcstats.com/fighter-details/10d4575f497face4,"69.0""",9,2,0,6.57,55.0,8.76,47.0,0.0,0.0,0.0,0.0,
Satoshi,http://ufcstats.com/fighter-details/d2b1c1317a39f6c6,--,4,6,3,0.0,0.0,0.0,0.0,0.0,0.0,0.0,0.0,
David,http://ufcstats.com/fighter-details/5af480a3b2e1726b,--,1,3,0,0.0,0.0,0.0,0.0,0.0,0.0,0.0,0.0,
Lorenzo,http://ufcstats.com/fighter-details/7f9abc4db2d05764,"80.0""",14,5,0,2.64,61.0,4.66,11.0,0.0,0.0,100.0,0.0,
Dan,http://ufcstats.com/fighter-details/193b9d1858bc4df3,"75.0""",24,14,0,4.82,48.0,4.94,49.0,0.68,33.0,77.0,0.6,
Chase,http://ufcstats.com/fighter-details/971246648e162f0d,"74.0""",16,5,1,4.5,49.0,3.02,39.0,2.43,32.0,55.0,2.1,
Dakota,http://ufcstats.com/fighter-details/6142edbd477d20c9,"68.0""",11,2,0,7.07,41.0,7.0,33.0,1.0,33.0,100.0,0.0,
Darrell,http://ufcstats.com/fighter-details/18e8b7070228e728,"70.0""",13,4,0,2.05,44.0,4.21,39.0,0.35,50.0,47.0,0.7,
Moti,http://ufcstats.com/fighter-details/baf942f4bcb09894,--,1,6,0,0.0,0.0,0.0,0.0,0.0,0.0,0.0,0.0,
Yoshinori,http://ufcstats.com/fighter-details/3fa7688bfe48a493,"70.0""",8,2,0,2.76,49.0,5.65,48.0,0.0,0.0,0.0,0.0,
Kyoji,http://ufcstats.com/fighter-details/98aa60cf58071fd6,"63.0""",36,5,0,3.77,47.0,2.13,63.0,1.61,40.0,61.0,0.1,
Yuma,http://ufcstats.com/fighter-details/f6c1ce7cfd600662,"67.0""",9,5,0,3.73,30.0,5.0,35.0,2.0,16.0,0.0,2.0,
Jeremy,http://ufcstats.com/fighter-details/8d26912cd2aeb366,"74.0""",91,22,5,1.19,39.0,1.99,55.0,1.83,38.0,29.0,1.1,
Matt,http://ufcstats.com/fighter-details/21632ba272c0785a,--,20,25,0,0.0,0.0,0.0,0.0,0.0,0.0,0.0,0.0,
Chris,http://ufcstats.com/fighter-details/e29cf523ebd155c5,"69.0""",21,7,1,4.59,41.0,3.16,65.0,1.52,55.0,37.0,0.9,
Jamey-Lyn,http://ufcstats.com/fighter-details/5c637af9472ae7cc,"66.0""",9,3,0,3.8,47.0,2.64,63.0,0.98,42.0,80.0,0.2,
Matt,http://ufcstats.com/fighter-details/049d698d773eb3e1,--,30,25,1,1.11,62.0,2.16,38.0,0.33,9.0,28.0,2.7,
John,http://ufcstats.com/fighter-details/57591bbf1623574e,--,18,8,1,1.11,38.0,1.52,45.0,0.0,0.0,46.0,0.0,
Saeed,http://ufcstats.com/fighter-details/21f2974fd08085e3,--,0,1,0,0.0,0.0,0.0,0.0,0.0,0.0,0.0,0.0,
Jeff,http://ufcstats.com/fighter-details/97a8f39186f489db,"68.0""",10,6,0,1.86,48.0,3.46,47.0,0.86,18.0,0.0,1.1,
Trey,http://ufcstats.com/fighter-details/c6668eeb261588d3,--,11,4,0,0.0,0.0,0.0,0.0,0.0,0.0,0.0,0.0,
Jamie,http://ufcstats.com/fighter-details/4b1896310a907656,--,3,0,0,0.0,0.0,0.0,0.0,0.0,0.0,0.0,0.0,
Brian,http://ufcstats.com/fighter-details/36fbaa49a09ff997,--,4,6,0,1.9,35.0,3.67,53.0,0.95,100.0,87.0,0.0,
Harold,http://ufcstats.com/fighter-details/a2b06ca02bca14c0,--,1,3,0,0.0,0.0,0.0,0.0,0.0,0.0,0.0,0.0,
John,http://ufcstats.com/fighter-details/fc31f896cde2bc2e,"72.0""",24,13,0,2.15,50.0,3.08,51.0,2.7,49.0,53.0,0.4,
Shane,http://ufcstats.com/fighter-details/a7de976620f2ed13,--,13,10,0,1.27,32.0,2.55,42.0,0.0,0.0,20.0,0.0,
Hu,http://ufcstats.com/fighter-details/f1175ea3aafbf351,"72.0""",3,3,0,3.35,48.0,5.09,35.0,0.0,0.0,33.0,0.4,
Carlos,http://ufcstats.com/fighter-details/225def29ecfe0fc1,"67.0""",10,5,1,2.1,21.0,4.8,50.0,0.0,0.0,66.0,0.0,
Brady,http://ufcstats.com/fighter-details/1ec1b6a7a29ffc71,"69.0""",11,2,0,4.62,37.0,10.77,30.0,0.0,0.0,0.0,0.0,
Yuele,http://ufcstats.com/fighter-details/1c8b9f4d89b92e1b,--,13,0,0,0.0,0.0,0.0,0.0,0.0,0.0,0.0,0.0,
Huang,http://ufcstats.com/fighter-details/e71c75f533a30daa,"65.0""",14,8,0,0.0,0.0,0.0,0.0,0.0,0.0,0.0,0.0,
Austin,http://ufcstats.com/fighter-details/d2cd7a69cc55e7ed,"71.0""",17,10,0,3.97,42.0,4.1,55.0,1.63,28.0,68.0,0.1,
Collin,http://ufcstats.com/fighter-details/f372a848d250e006,"76.0""",8,2,0,2.05,60.0,2.73,42.0,10.23,100.0,0.0,20.4,
Alex,http://ufcstats.com/fighter-details/8b9197746bd3e005,--,6,2,0,2.47,42.0,2.59,67.0,0.0,0.0,0.0,0.9,
Roger,http://ufcstats.com/fighter-details/daf1b84aebd6602b,"70.0""",23,9,1,3.64,36.0,2.33,56.0,2.13,46.0,52.0,0.5,
Casey,http://ufcstats.com/fighter-details/737d93a42b8c2e94,--,3,1,0,0.0,0.0,0.0,0.0,0.0,0.0,0.0,0.0,
Matt,http://ufcstats.com/fighter-details/621a6c59f88a44fe,"73.0""",45,9,0,2.14,53.0,1.36,53.0,2.95,50.0,35.0,1.2,
Mark,http://ufcstats.com/fighter-details/d62bb4d84a7267ba,--,6,2,0,0.9,47.0,0.4,42.0,3.0,50.0,0.0,4.5,
Jeff,http://ufcstats.com/fighter-details/6a11e325aa60ad02,"77.0""",10,4,0,3.95,51.0,3.67,60.0,0.71,50.0,45.0,0.0,
Sam,http://ufcstats.com/fighter-details/e94085e821bd81de,"64.0""",11,7,0,4.41,47.0,4.69,58.0,1.12,29.0,63.0,0.2,
Victor,http://ufcstats.com/fighter-details/f264ba50b007f39e,"71.0""",25,5,0,3.27,44.0,2.95,56.0,0.81,33.0,73.0,1.2,
David,http://ufcstats.com/fighter-details/b0718335e9868cfd,--,22,10,0,0.0,0.0,0.0,0.0,0.0,0.0,0.0,0.0,
Dominik,http://ufcstats.com/fighter-details/e4cbc82c36e47299,--,8,1,0,0.0,0.0,0.0,0.0,0.0,0.0,0.0,0.0,
Bryan,http://ufcstats.com/fighter-details/b9c75e7fc910f587,--,6,2,0,0.0,0.0,0.0,0.0,0.0,0.0,0.0,0.0,
Abongo,http://ufcstats.com/fighter-details/cb1b4d237b0079e6,--,7,3,0,1.45,40.0,3.83,46.0,1.41,37.0,33.0,3.8,
Harry,http://ufcstats.com/fighter-details/f703250471acaf96,"75.0""",7,6,0,3.54,52.0,6.53,42.0,0.0,0.0,0.0,2.0,
Mark,http://ufcstats.com/fighter-details/eef9b891edbd4604,"72.0""",13,14,1,2.81,43.0,2.9,51.0,0.51,55.0,64.0,0.2,
Alex,http://ufcstats.com/fighter-details/baa5358456803df8,--,2,0,0,0.0,0.0,0.0,0.0,0.0,0.0,0.0,0.0,
Adam,http://ufcstats.com/fighter-details/edc9eb3051f444fa,--,7,1,0,0.0,0.0,0.0,0.0,0.0,0.0,0.0,0.0,
Joe,http://ufcstats.com/fighter-details/21b54430c8eeb9cc,--,12,5,0,1.12,45.0,3.35,56.0,0.0,0.0,20.0,0.0,
Solomon,http://ufcstats.com/fighter-details/155bfc7ed36622df,--,11,7,0,2.59,39.0,2.59,64.0,3.53,100.0,0.0,0.0,
Young,http://ufcstats.com/fighter-details/8588d14c4952b9fa,--,8,5,0,0.0,0.0,0.0,0.0,0.0,0.0,0.0,0.0,
In Su,http://ufcstats.com/fighter-details/1c01d986283e6acb,"74.0""",8,2,0,2.47,46.0,6.2,44.0,0.0,0.0,50.0,0.0,
Matty,http://ufcstats.com/fighter-details/031c06c8210e357c,--,4,0,0,0.0,0.0,0.0,0.0,0.0,0.0,0.0,0.0,
Al,http://ufcstats.com/fighter-details/59279a7c978f7da0,"70.0""",14,7,1,4.06,40.0,4.53,61.0,0.63,18.0,74.0,0.2,
Khadis,http://ufcstats.com/fighter-details/c3218c810959d279,"78.0""",8,4,0,3.55,49.0,4.26,47.0,0.97,30.0,80.0,0.3,
Minoki,http://ufcstats.com/fighter-details/4565d435005319c0,--,0,1,0,0.0,0.0,0.0,0.0,0.0,0.0,0.0,0.0,
Alibi,http://ufcstats.com/fighter-details/30cad5a751adcb48,"68.0""",11,1,0,2.51,44.0,2.64,60.0,3.25,31.0,66.0,0.0,
Dan,http://ufcstats.com/fighter-details/82a5152216251682,"71.0""",19,11,0,3.6,45.0,3.56,56.0,0.93,26.0,56.0,0.2,
Valeri,http://ufcstats.com/fighter-details/7b6ce3a9460565b5,--,1,2,0,0.0,0.0,0.0,0.0,0.0,0.0,0.0,0.0,
Sergey,http://ufcstats.com/fighter-details/df9e9c1f65805d29,--,0,1,0,0.35,50.0,3.25,42.0,0.0,0.0,0.0,0.0,
Fabiano,http://ufcstats.com/fighter-details/263ebd4a669e1e98,--,9,5,0,1.73,47.0,2.49,42.0,2.88,40.0,50.0,2.9,
Seichi,http://ufcstats.com/fighter-details/81f38d1640c4e70d,--,21,19,5,2.59,32.0,3.74,57.0,1.23,26.0,60.0,0.0,
Mikhail,http://ufcstats.com/fighter-details/b71667c778b6d9e5,--,30,11,1,0.16,20.0,2.95,26.0,0.0,0.0,0.0,7.0,
Zelim,http://ufcstats.com/fighter-details/7f0f171414d0a287,"76.0""",8,3,0,2.91,36.0,4.35,43.0,0.38,50.0,60.0,0.0,
Kento,http://ufcstats.com/fighter-details/3abe2b6b2d9b7efc,--,12,4,0,0.0,0.0,0.0,0.0,0.0,0.0,0.0,0.0,
Yusuke,http://ufcstats.com/fighter-details/2ce6541127b0e232,--,2,6,0,0.18,50.0,1.83,52.0,2.75,50.0,0.0,0.0,
Masakazu,http://ufcstats.com/fighter-details/a4dd5c9a75763295,--,36,16,2,0.55,30.0,1.74,57.0,0.0,0.0,0.0,2.1,
Nassourdine,http://ufcstats.com/fighter-details/881bf86d4cba8578,"75.0""",17,4,0,4.28,54.0,3.17,58.0,0.74,32.0,81.0,1.0,
Brad,http://ufcstats.com/fighter-details/4908c5ee68a50ee5,--,13,7,0,2.73,31.0,4.24,49.0,1.72,71.0,0.0,1.0,
Michael,http://ufcstats.com/fighter-details/59e52d56bab2b1ee,"66.0""",12,7,0,1.93,48.0,2.67,60.0,1.0,12.0,0.0,1.0,
Rui,http://ufcstats.com/fighter-details/bb56173e2275e622,"69.0""",12,5,0,1.65,33.0,4.19,33.0,1.65,20.0,0.0,0.0,
Chris,http://ufcstats.com/fighter-details/d5b7fac960e58920,--,6,4,0,1.31,30.0,4.32,43.0,0.75,50.0,50.0,1.5,
Chris,http://ufcstats.com/fighter-details/f0a381ba65d2a933,--,1,0,0,0.0,0.0,0.0,0.0,0.0,0.0,0.0,0.0,
Guto,http://ufcstats.com/fighter-details/e7fe5315b1efeb92,--,7,4,0,4.13,66.0,2.92,54.0,0.67,33.0,66.0,0.7,
Enson,http://ufcstats.com/fighter-details/0cf935519d439ba6,--,12,8,0,1.7,63.0,1.88,30.0,0.0,0.0,33.0,0.0,
Egan,http://ufcstats.com/fighter-details/37a6c95201592fea,--,13,8,0,1.66,36.0,3.31,57.0,0.0,0.0,0.0,0.0,
Katsuya,http://ufcstats.com/fighter-details/b5882371e2a3900d,--,19,9,4,3.41,24.0,12.89,51.0,0.0,0.0,66.0,0.0,
Takeshi,http://ufcstats.com/fighter-details/a61a0cd2829e5d4e,--,23,10,0,2.54,44.0,3.32,61.0,0.0,0.0,47.0,0.0,
Naoki,http://ufcstats.com/fighter-details/199eb7cf6ae90294,"71.0""",11,1,0,3.67,35.0,3.37,60.0,0.0,0.0,60.0,2.5,
Jorge,http://ufcstats.com/fighter-details/1e75e6c9de99fa76,--,4,3,0,0.0,0.0,0.0,0.0,0.0,0.0,0.0,0.0,
Jason,http://ufcstats.com/fighter-details/05a0556072931f01,--,19,9,1,1.2,25.0,2.07,51.0,3.59,75.0,0.0,1.2,
James,http://ufcstats.com/fighter-details/a7f4d0902bb64092,"75.0""",17,10,0,2.03,48.0,3.86,35.0,0.0,0.0,36.0,0.5,
Eric,http://ufcstats.com/fighter-details/a47c2a6e24757932,--,11,4,0,3.27,42.0,4.47,36.0,4.0,30.0,33.0,0.0,
Issa,http://ufcstats.com/fighter-details/e9095aeb36f2aeb8,"70.0""",10,3,0,1.93,36.0,5.78,40.0,0.0,0.0,0.0,0.0,
Mitsuhiro,http://ufcstats.com/fighter-details/82f5c81f4e3c3eb5,--,20,8,1,1.46,41.0,1.13,61.0,4.76,53.0,33.0,0.7,
Teruto,http://ufcstats.com/fighter-details/88cd34d836b4ebcd,"69.0""",10,7,2,3.26,44.0,3.63,53.0,0.5,16.0,30.0,0.0,
Satoshi,http://ufcstats.com/fighter-details/c8a49ff2acb6f3c5,--,15,8,1,1.41,36.0,1.58,63.0,3.47,52.0,100.0,1.6,
Yuki,http://ufcstats.com/fighter-details/119ebea97e914dcf,--,0,2,0,1.07,28.0,8.57,11.0,0.0,0.0,50.0,0.0,
Eiji,http://ufcstats.com/fighter-details/eb89dc31949a1427,--,29,24,3,1.2,29.0,4.07,60.0,1.0,9.0,0.0,0.0,
Tokimitsu,http://ufcstats.com/fighter-details/f3155a94ca420126,--,1,5,1,1.34,30.0,2.99,59.0,2.74,18.0,0.0,0.0,
Damir,http://ufcstats.com/fighter-details/135d124172a0bea3,"74.0""",24,3,0,3.36,42.0,2.44,61.0,1.0,28.0,70.0,0.0,
Wallid,http://ufcstats.com/fighter-details/da6dfd09cca1d705,--,9,3,0,0.92,31.0,0.83,44.0,1.85,28.0,0.0,0.5,
Leandro,http://ufcstats.com/fighter-details/d1e1fdcea7c8a90a,"69.0""",13,6,0,2.08,37.0,3.17,58.0,2.38,22.0,50.0,1.2,
Kuya,http://ufcstats.com/fighter-details/f647247f0d9f3b50,"66.0""",17,9,1,3.4,39.0,3.13,55.0,0.0,0.0,62.0,1.0,
Blagoy,http://ufcstats.com/fighter-details/1788eee370f077b7,"73.0""",19,6,0,3.25,40.0,4.2,53.0,0.69,40.0,61.0,0.1,
Anthony,http://ufcstats.com/fighter-details/3c5005b66696d790,"74.0""",8,4,0,2.5,42.0,4.57,51.0,4.69,20.0,100.0,0.0,
Tomomi,http://ufcstats.com/fighter-details/ac5f67109accb482,--,9,6,2,1.0,20.0,3.0,70.0,0.0,0.0,0.0,0.0,
Tatsuya,http://ufcstats.com/fighter-details/243b07fc65ccbb16,--,0,1,0,0.79,100.0,8.68,38.0,0.0,0.0,0.0,0.0,
Taiga,http://ufcstats.com/fighter-details/5b08af4fbc987f9c,"73.0""",9,2,0,1.99,33.0,7.08,32.0,0.0,0.0,0.0,0.0,
Saygid,http://ufcstats.com/fighter-details/de26d906f2874dd4,"74.0""",22,3,0,1.33,58.0,1.73,58.0,4.0,40.0,100.0,0.0,
Yoislandy,http://ufcstats.com/fighter-details/afc2a7ce0c763bd5,--,10,4,0,2.93,52.0,1.4,26.0,0.0,0.0,50.0,0.0,
Hiroshi,http://ufcstats.com/fighter-details/53e4e21f4c688801,--,4,2,0,1.95,37.0,2.65,66.0,3.35,70.0,100.0,0.5,
Yves,http://ufcstats.com/fighter-details/b4eeac608fc82f88,"68.0""",20,11,0,3.06,41.0,2.93,62.0,1.94,60.0,82.0,0.1,
Kevin,http://ufcstats.com/fighter-details/13b2f59210dda9cc,--,4,2,0,0.0,0.0,0.0,0.0,0.0,0.0,0.0,0.0,
Eugene,http://ufcstats.com/fighter-details/ce783bf73b5131f9,--,15,9,1,2.19,33.0,3.44,32.0,1.91,71.0,16.0,2.3,
Quinton,http://ufcstats.com/fighter-details/ffc088e64fab57e9,"73.0""",37,12,0,3.25,54.0,2.51,55.0,1.52,56.0,73.0,0.1,
Jeremy,http://ufcstats.com/fighter-details/ad32471f01e7b1a5,--,9,5,0,0.71,27.0,2.03,25.0,1.52,40.0,58.0,0.0,
Damon,http://ufcstats.com/fighter-details/29af297d9f1de0f8,"71.0""",23,8,1,2.96,42.0,3.47,49.0,2.3,32.0,37.0,1.2,
Kenyon,http://ufcstats.com/fighter-details/56c5132870a526d5,--,4,3,0,0.0,0.0,0.0,0.0,0.0,0.0,0.0,0.0,
Mike,http://ufcstats.com/fighter-details/0641c21bec209472,"74.0""",1,2,0,4.49,57.0,3.73,62.0,0.71,33.0,88.0,0.0,
Jason,http://ufcstats.com/fighter-details/ca8da445dfa82d56,"78.0""",7,2,0,2.24,48.0,1.31,56.0,0.0,0.0,0.0,0.0,
Montel,http://ufcstats.com/fighter-details/cc1a8b4b38b92c6d,"75.0""",15,4,0,3.02,52.0,1.4,60.0,2.71,63.0,67.0,0.3,
Eric,http://ufcstats.com/fighter-details/ba17afef01ed78b6,--,1,9,0,0.0,0.0,0.0,0.0,0.0,0.0,0.0,0.0,
Richard,http://ufcstats.com/fighter-details/46f557bd44da630e,"75.0""",6,1,1,0.88,44.0,3.94,51.0,3.28,100.0,100.0,0.0,
Dustin,http://ufcstats.com/fighter-details/e4277e87a789d687,"76.0""",22,9,1,5.4,48.0,3.92,57.0,0.32,25.0,62.0,0.0,
Justin,http://ufcstats.com/fighter-details/1ea8df62b3f8fea6,--,13,7,0,1.34,36.0,2.68,50.0,0.0,0.0,50.0,1.6,
Nate,http://ufcstats.com/fighter-details/a34fecf2f4e5a317,--,14,8,1,1.33,42.0,2.67,28.0,0.0,0.0,44.0,0.0,
Virna,http://ufcstats.com/fighter-details/7dda2cf308f24a02,"64.0""",23,4,0,2.27,41.0,2.86,55.0,3.13,39.0,72.0,1.4,
Ryan,http://ufcstats.com/fighter-details/b59037262c8fe060,"76.0""",10,3,0,7.69,48.0,5.53,59.0,0.35,100.0,58.0,0.0,
YunSeong,http://ufcstats.com/fighter-details/c7b0081edfef4bc7,"72.0""",7,2,0,2.53,41.0,4.13,51.0,2.0,50.0,90.0,0.0,
Josh,http://ufcstats.com/fighter-details/8f7380fb0916dc77,--,8,1,0,0.0,0.0,0.0,0.0,0.0,0.0,0.0,0.0,
Dave,http://ufcstats.com/fighter-details/335ad945324c3a2e,"73.0""",20,4,0,2.94,33.0,3.67,58.0,2.79,28.0,38.0,0.9,
Jaime,http://ufcstats.com/fighter-details/805ad1801eb26abb,--,38,18,0,2.2,60.0,1.47,56.0,0.0,0.0,25.0,0.0,
Gigo,http://ufcstats.com/fighter-details/99d5cf1eda8b25c1,--,6,9,0,2.26,57.0,2.71,51.0,0.0,0.0,66.0,0.0,
Keith,http://ufcstats.com/fighter-details/b9d0fd83bb8a147a,"76.0""",17,11,2,3.25,36.0,2.98,59.0,1.18,45.0,62.0,0.7,
Brock,http://ufcstats.com/fighter-details/64959f90b6dd9759,--,12,6,0,1.06,30.0,3.34,56.0,0.0,0.0,14.0,0.8,
Josh,http://ufcstats.com/fighter-details/32e8e0e8498f03c2,--,1,4,0,0.0,0.0,0.0,0.0,0.0,0.0,0.0,0.0,
Rony,http://ufcstats.com/fighter-details/b71ce838b01f2cad,"73.0""",14,7,0,2.04,44.0,3.14,53.0,0.59,30.0,36.0,0.8,
Jasmine,http://ufcstats.com/fighter-details/a9e260472d321361,"68.0""",15,4,0,3.47,44.0,3.46,51.0,2.63,46.0,75.0,0.5,
Louis,http://ufcstats.com/fighter-details/0e8744ded08ee5fb,--,4,2,0,0.0,0.0,0.0,0.0,0.0,0.0,0.0,0.0,
Yazmin,http://ufcstats.com/fighter-details/40cb680ae1cd331f,"64.0""",11,2,0,6.64,39.0,5.25,54.0,0.0,0.0,100.0,0.0,
Justin,http://ufcstats.com/fighter-details/304a21d0595e1a08,"68.0""",16,8,0,3.34,44.0,5.33,62.0,0.75,40.0,20.0,1.1,
Joanna,http://ufcstats.com/fighter-details/3d6749c4267da18f,"65.0""",16,5,0,6.28,48.0,3.25,62.0,0.27,62.0,80.0,0.1,
Aaron,http://ufcstats.com/fighter-details/ccdcb20370be62a3,"73.0""",10,3,0,3.1,45.0,4.46,34.0,0.0,0.0,50.0,0.0,
Trent,http://ufcstats.com/fighter-details/02fc8f50f56eb307,--,0,4,0,0.0,0.0,0.0,0.0,0.0,0.0,0.0,0.0,
Bubba,http://ufcstats.com/fighter-details/5e841bb3752b6e86,--,11,4,0,2.41,37.0,1.58,67.0,7.23,68.0,100.0,0.0,
Adrienna,http://ufcstats.com/fighter-details/dae85a6a83f53215,--,19,6,0,0.0,0.0,0.0,0.0,0.0,0.0,0.0,0.0,
Brandon,http://ufcstats.com/fighter-details/6a8928652fc01bee,"71.0""",15,9,0,2.93,41.0,8.05,33.0,0.0,0.0,27.0,0.0,
Jack,http://ufcstats.com/fighter-details/a9da3158dd2c2b5a,"68.0""",14,4,0,4.48,61.0,2.95,59.0,1.98,60.0,71.0,0.2,
Steve,http://ufcstats.com/fighter-details/ad047e3073a775f3,--,2,3,0,0.0,0.0,0.0,0.0,0.0,0.0,0.0,0.0,
Ryan,http://ufcstats.com/fighter-details/aae99701b21554e4,"76.0""",21,8,0,2.84,39.0,2.99,59.0,1.55,50.0,31.0,1.9,
Kyle,http://ufcstats.com/fighter-details/aec273fcb765330d,--,4,11,2,0.0,0.0,0.92,60.0,6.92,100.0,0.0,6.9,
Chan-Mi,http://ufcstats.com/fighter-details/24174a3f44ce8e03,--,5,2,0,6.23,31.0,7.77,55.0,0.0,0.0,0.0,0.0,
Maciej,http://ufcstats.com/fighter-details/6b5b9be990774f0e,--,12,3,0,2.29,45.0,1.39,66.0,0.0,0.0,42.0,0.9,
Ronald,http://ufcstats.com/fighter-details/b9e871af730f826c,--,24,26,2,1.45,57.0,3.01,50.0,1.81,100.0,100.0,0.0,
Baergeng,http://ufcstats.com/fighter-details/8677e67a75d65b8e,"71.0""",18,7,0,1.61,35.0,2.62,52.0,1.73,38.0,78.0,0.2,
Gilbert,http://ufcstats.com/fighter-details/59d36ddfcb27b7dc,--,8,12,1,0.0,0.0,0.0,0.0,0.0,0.0,0.0,0.0,
Ramiro,http://ufcstats.com/fighter-details/1c02b964466c10e4,"73.0""",11,0,0,14.22,65.0,2.43,82.0,5.2,100.0,100.0,0.0,
Art,http://ufcstats.com/fighter-details/a5c53b3ddb31cc7d,--,0,1,0,0.0,0.0,0.0,0.0,0.0,0.0,0.0,0.0,
Ryan,http://ufcstats.com/fighter-details/bc3ec52ef70fc155,"73.0""",19,5,0,3.12,66.0,2.77,46.0,0.45,28.0,87.0,0.0,
Jinensibieke,http://ufcstats.com/fighter-details/4eccb78d628b2238,"69.0""",36,11,0,2.0,50.0,10.0,0.0,0.0,0.0,0.0,0.0,
,http://ufcstats.com/fighter-details/c14a683dac2ebc4c,"68.0""",13,4,0,3.0,41.0,2.71,50.0,0.79,28.0,75.0,0.0,
Sung Bin,http://ufcstats.com/fighter-details/6e0e977beb909837,"72.0""",9,1,0,1.4,33.0,2.67,51.0,1.0,33.0,83.0,1.0,
Carls,http://ufcstats.com/fighter-details/2a4200ead401a9ce,"71.0""",6,2,0,1.74,37.0,3.93,44.0,1.37,33.0,66.0,0.0,
Phil,http://ufcstats.com/fighter-details/a8fa0c4e95512806,--,30,14,1,1.2,66.0,1.8,50.0,0.0,0.0,50.0,0.0,
Brett,http://ufcstats.com/fighter-details/ec52462a1b41f714,"71.0""",17,2,0,2.86,49.0,3.84,53.0,4.92,49.0,58.0,1.0,
Miles,http://ufcstats.com/fighter-details/46e0d677f91bacc0,"68.0""",15,5,0,3.36,44.0,2.99,65.0,1.22,26.0,77.0,0.0,
Anthony,http://ufcstats.com/fighter-details/365fee2da473b177,"78.0""",22,6,0,3.25,47.0,1.83,60.0,2.43,57.0,77.0,0.6,
DaMarques,http://ufcstats.com/fighter-details/322a56923b396b4d,"75.0""",15,15,0,2.11,37.0,3.75,51.0,1.18,55.0,19.0,0.7,
Devin,http://ufcstats.com/fighter-details/22f4b6cb6b1bd7fd,--,1,1,1,0.0,0.0,0.0,0.0,0.0,0.0,0.0,0.0,
Travis,http://ufcstats.com/fighter-details/443835675e8fc6ca,--,0,1,0,0.0,0.0,0.0,0.0,0.0,0.0,0.0,0.0,
Ricky,http://ufcstats.com/fighter-details/fa2fca260beeb9c0,--,10,6,0,1.83,25.0,6.3,36.0,0.0,0.0,0.0,0.0,
Tony,http://ufcstats.com/fighter-details/3641a0d117e9bc6c,"76.0""",7,2,0,4.0,92.0,3.67,22.0,0.0,0.0,90.0,0.0,
Lavar,http://ufcstats.com/fighter-details/e6c5908910cc26e4,"82.0""",18,10,0,5.39,55.0,2.54,55.0,0.61,66.0,54.0,0.6,
Demetrious,http://ufcstats.com/fighter-details/8a304bfd6bf04a57,"66.0""",27,3,1,3.43,54.0,1.66,67.0,3.35,56.0,65.0,0.5,
Michael,http://ufcstats.com/fighter-details/511e82663651438d,"73.0""",25,20,0,4.27,39.0,3.78,58.0,0.57,38.0,81.0,0.0,
Deshaun,http://ufcstats.com/fighter-details/bf97ad31eae89429,--,6,9,0,2.27,41.0,6.67,43.0,0.0,0.0,0.0,0.0,
Kajan,http://ufcstats.com/fighter-details/633a45d131192ffe,"75.0""",23,13,1,2.47,42.0,1.59,64.0,1.54,37.0,62.0,0.2,
Dashon,http://ufcstats.com/fighter-details/36207c58e854cae5,--,9,2,0,1.01,69.0,3.83,35.0,0.85,33.0,63.0,0.8,
Timothy,http://ufcstats.com/fighter-details/cc900af167fbedfd,"77.0""",12,4,0,3.43,45.0,3.08,44.0,1.09,24.0,69.0,0.0,
Tony,http://ufcstats.com/fighter-details/a45bab49951a45cd,--,11,3,0,2.0,53.0,4.73,31.0,2.0,22.0,0.0,0.0,
Jordan,http://ufcstats.com/fighter-details/99bcdf5eac39898f,"79.0""",10,0,0,3.45,47.0,2.64,53.0,3.25,42.0,100.0,1.2,
Taylor,http://ufcstats.com/fighter-details/552b09cbf13b6328,"74.0""",5,1,0,5.09,60.0,1.13,33.0,8.49,100.0,100.0,0.0,
Chad,http://ufcstats.com/fighter-details/6ce9a012e4c6020c,"80.0""",6,2,0,5.92,68.0,7.8,40.0,0.0,0.0,0.0,0.0,
Jose,http://ufcstats.com/fighter-details/84f727cf0166d6f2,"71.0""",16,10,0,2.27,57.0,1.61,53.0,0.69,60.0,41.0,0.7,
Charles,http://ufcstats.com/fighter-details/814e5233e2acf2ee,"70.0""",19,8,0,4.77,49.0,4.02,55.0,0.51,16.0,69.0,0.3,
Donte,http://ufcstats.com/fighter-details/ad5cb64af10fc946,"74.0""",8,0,0,3.11,48.0,2.0,61.0,2.0,100.0,75.0,0.7,
Brian,http://ufcstats.com/fighter-details/1c3f5e85b59ec710,--,5,5,0,0.0,0.0,0.0,0.0,0.0,0.0,0.0,0.0,
Ben,http://ufcstats.com/fighter-details/3261aa79bf6caa64,"76.0""",5,2,0,1.01,75.0,1.01,29.0,2.54,100.0,100.0,0.0,
Liana,http://ufcstats.com/fighter-details/eebc23626e38f5dc,"62.0""",8,5,0,2.42,30.0,5.32,54.0,1.71,66.0,50.0,1.3,
Nikola,http://ufcstats.com/fighter-details/a6aa3157e1a1d104,--,16,0,0,0.0,0.0,0.0,0.0,0.0,0.0,0.0,0.0,
Daniel,http://ufcstats.com/fighter-details/eeabcd4dc6619129,"75.0""",5,3,0,1.32,46.0,3.39,44.0,2.83,33.0,50.0,0.0,
Paul,http://ufcstats.com/fighter-details/f341f9551ba744e2,--,11,1,1,0.0,0.0,0.0,0.0,0.0,0.0,0.0,0.0,
Jon,http://ufcstats.com/fighter-details/07f72a2a7591b409,"84.0""",28,1,0,4.38,58.0,2.24,64.0,1.89,45.0,95.0,0.5,
Nathan,http://ufcstats.com/fighter-details/f54fb3b9c4228142,--,0,1,0,0.0,0.0,0.0,0.0,0.0,0.0,0.0,0.0,
Marcus,http://ufcstats.com/fighter-details/8fa2b06572365321,--,4,2,0,1.94,52.0,2.71,58.0,8.71,75.0,0.0,2.9,
Carlton,http://ufcstats.com/fighter-details/f117c3e8c1aa7b9e,--,1,4,0,2.32,41.0,3.58,56.0,4.02,50.0,57.0,2.7,
Jesse,http://ufcstats.com/fighter-details/bc0f994de0521926,--,2,1,0,0.0,0.0,0.0,0.0,0.0,0.0,0.0,0.0,
Tito,http://ufcstats.com/fighter-details/7b223a22a6c26868,--,11,8,0,0.0,0.0,0.0,0.0,0.0,0.0,0.0,0.0,
Roy,http://ufcstats.com/fighter-details/be8dfcf0442812b1,--,7,5,0,0.0,0.0,0.0,0.0,0.0,0.0,0.0,0.0,
Justin,http://ufcstats.com/fighter-details/9b75954db8db2a08,--,9,2,0,1.7,36.0,3.17,45.0,1.0,15.0,46.0,0.5,
Ben,http://ufcstats.com/fighter-details/329aff8e958a2997,--,4,4,0,0.0,0.0,0.0,0.0,0.0,0.0,0.0,0.0,
Victor,http://ufcstats.com/fighter-details/04f0471f221db717,--,1,3,0,0.0,0.0,0.0,0.0,0.0,0.0,0.0,0.0,
Chris,http://ufcstats.com/fighter-details/509319d35664369e,--,10,5,0,0.0,0.0,0.0,0.0,0.0,0.0,0.0,0.0,
Roshaun,http://ufcstats.com/fighter-details/8a9f54b9056b07f5,--,2,6,0,0.0,0.0,0.0,0.0,0.0,0.0,0.0,0.0,
Jamelle,http://ufcstats.com/fighter-details/1dda22d0ac3d1271,"75.0""",7,5,0,1.78,80.0,3.11,65.0,0.0,0.0,0.0,0.0,
Antonio,http://ufcstats.com/fighter-details/f1fd494586ab8d5f,--,6,1,0,7.5,55.0,30.0,42.0,0.0,0.0,0.0,0.0,
Trevin,http://ufcstats.com/fighter-details/ec23c1be628d8057,"70.0""",13,10,0,2.13,37.0,4.29,39.0,0.62,15.0,60.0,0.2,
Mason,http://ufcstats.com/fighter-details/f6ad6a1e4d600e0d,"74.0""",18,2,0,5.98,42.0,4.45,50.0,3.48,55.0,73.0,0.2,
Craig,http://ufcstats.com/fighter-details/e947b563eb744a21,--,0,0,0,0.0,0.0,0.0,0.0,0.0,0.0,0.0,0.0,
Jacobi,http://ufcstats.com/fighter-details/08b01ed84044c6bc,"72.0""",6,2,0,5.87,46.0,7.6,48.0,0.0,0.0,33.0,0.0,
Jocelyn,http://ufcstats.com/fighter-details/1a98c9dbb7fc3959,"64.0""",6,4,0,2.96,31.0,4.83,56.0,0.34,25.0,81.0,0.0,
Kevin,http://ufcstats.com/fighter-details/02e52b3a595f0786,--,11,9,0,2.0,40.0,1.91,55.0,0.0,0.0,77.0,0.6,
Joe,http://ufcstats.com/fighter-details/712c4db78b9373d1,--,49,14,2,1.85,25.0,4.27,59.0,0.0,0.0,66.0,0.0,
Shawn,http://ufcstats.com/fighter-details/ca2efc9d7d523c43,"75.0""",19,8,0,2.87,50.0,3.3,47.0,1.97,38.0,76.0,0.1,
Ivan,http://ufcstats.com/fighter-details/19db7ac26308178f,"73.0""",27,7,0,3.41,49.0,2.91,59.0,1.56,16.0,75.0,0.6,
Scott,http://ufcstats.com/fighter-details/0b64d0fed453ef7f,"66.0""",15,12,0,3.37,40.0,3.41,65.0,2.61,45.0,59.0,0.7,
Gareth,http://ufcstats.com/fighter-details/8ecb9f42da5ef5ac,--,9,5,0,0.0,0.0,0.0,0.0,0.0,0.0,0.0,0.0,
Dwight,http://ufcstats.com/fighter-details/34ca93f1791a5c50,--,5,0,0,2.6,52.0,2.87,55.0,1.0,20.0,20.0,1.0,
Jeff,http://ufcstats.com/fighter-details/388abbf8832b5adf,--,5,3,0,2.17,39.0,1.57,65.0,0.5,33.0,64.0,0.5,
Krzysztof,http://ufcstats.com/fighter-details/4e06913c91da5200,"77.0""",24,6,0,2.98,42.0,2.23,57.0,1.33,39.0,82.0,0.1,
Alan,http://ufcstats.com/fighter-details/cf65d56b0755ed3b,"73.0""",17,7,0,5.67,50.0,3.77,60.0,0.51,44.0,58.0,0.3,
Charles,http://ufcstats.com/fighter-details/f1d64ae34e088832,"69.0""",18,8,1,5.36,49.0,4.11,56.0,0.38,21.0,46.0,0.6,
Louis,http://ufcstats.com/fighter-details/91cd52cb92dfdd52,"69.0""",9,3,0,7.32,49.0,2.44,54.0,0.0,0.0,66.0,1.4,
Kevin,http://ufcstats.com/fighter-details/dda15dbfafb792df,"75.0""",10,4,0,6.61,51.0,6.49,50.0,0.69,40.0,100.0,0.3,
Mike,http://ufcstats.com/fighter-details/35080a7f406f9ab3,--,11,8,0,0.57,33.0,1.71,47.0,0.78,33.0,0.0,2.3,
Dustin,http://ufcstats.com/fighter-details/791367e8c35cfb6a,"78.0""",5,0,0,3.28,53.0,5.63,47.0,0.0,0.0,0.0,0.0,
Tony,http://ufcstats.com/fighter-details/97f3692d5444a80a,--,1,12,0,0.89,25.0,10.34,38.0,4.43,100.0,66.0,0.0,
Jesse,http://ufcstats.com/fighter-details/cd039ff136d89ded,--,23,12,0,1.71,48.0,2.87,52.0,2.69,33.0,50.0,0.0,
Ernie,http://ufcstats.com/fighter-details/410898e8dd6ca9b6,"70.0""",8,1,0,4.21,51.0,6.23,55.0,0.0,0.0,25.0,0.0,
Anshul,http://ufcstats.com/fighter-details/a72a2a769fa5a2be,"69.0""",7,2,0,6.42,46.0,5.72,50.0,0.81,18.0,63.0,0.4,
Carli,http://ufcstats.com/fighter-details/f1ab6f37492c630a,"68.0""",6,2,0,9.32,50.0,6.62,57.0,0.52,25.0,80.0,0.0,
Steve,http://ufcstats.com/fighter-details/6ece1d2ab1bed31d,--,0,2,0,0.0,0.0,0.0,0.0,0.0,0.0,0.0,0.0,
Luke,http://ufcstats.com/fighter-details/4c288a2b250bb576,"72.0""",13,5,0,2.93,43.0,3.17,58.0,0.25,100.0,86.0,0.0,
Bu-Kyung,http://ufcstats.com/fighter-details/b35d1650c78c2948,--,0,4,0,0.63,36.0,1.85,56.0,1.1,75.0,0.0,1.5,
Chan Sung,http://ufcstats.com/fighter-details/c451d67c09c55418,"72.0""",17,8,0,3.93,41.0,4.52,52.0,0.7,44.0,72.0,0.6,
Young Sam,http://ufcstats.com/fighter-details/13104eaed3ae96c3,--,4,8,0,0.53,9.0,2.79,63.0,0.0,0.0,0.0,2.0,
Da Woon,http://ufcstats.com/fighter-details/74f9448b97bf8bec,"78.0""",15,6,1,3.24,40.0,4.23,49.0,1.59,47.0,75.0,0.2,
Scott,http://ufcstats.com/fighter-details/ac70a4f1db1b8c40,--,8,3,1,5.13,60.0,1.81,45.0,0.0,0.0,0.0,0.0,
Myles,http://ufcstats.com/fighter-details/08e908ed6d18d6a0,"73.0""",17,4,0,2.94,42.0,2.16,66.0,2.16,55.0,50.0,0.3,
Cristiane,http://ufcstats.com/fighter-details/634bb0de2eb043b4,"68.0""",21,2,0,7.28,52.0,2.25,64.0,0.66,55.0,94.0,0.4,
Patrick,http://ufcstats.com/fighter-details/b180f05acb24d430,--,1,2,0,4.4,67.0,0.53,50.0,0.0,0.0,50.0,0.0,
Emily,http://ufcstats.com/fighter-details/c1ea9d56cd953586,--,3,3,0,2.6,36.0,5.29,38.0,1.86,14.0,50.0,0.0,
Oron,http://ufcstats.com/fighter-details/00a35c92b03992b0,"70.0""",16,1,0,0.85,37.0,4.93,36.0,0.0,0.0,40.0,0.0,
,http://ufcstats.com/fighter-details/0565706b1e7f7e7c,"71.0""",15,7,0,3.73,42.0,4.72,54.0,1.41,26.0,92.0,0.0,
Sirwan,http://ufcstats.com/fighter-details/2525a853486ee670,--,12,5,0,3.57,41.0,4.63,62.0,4.0,42.0,83.0,0.0,
Saidyokub,http://ufcstats.com/fighter-details/50a28b9f8314e008,"69.0""",10,3,0,2.05,51.0,0.88,58.0,6.63,48.0,83.0,1.9,
Geza,http://ufcstats.com/fighter-details/304fcd812f12c589,--,4,9,0,0.0,0.0,0.0,0.0,0.0,0.0,0.0,0.0,
Bryson,http://ufcstats.com/fighter-details/9336e86cfd4ceaa1,--,12,20,1,9.47,60.0,12.63,0.0,0.0,0.0,100.0,0.0,
Kai,http://ufcstats.com/fighter-details/eee0ef3e2b14816b,"69.0""",18,7,1,5.4,59.0,5.67,56.0,1.51,53.0,55.0,0.2,
Shah,http://ufcstats.com/fighter-details/a46ab6c64d321c2d,--,4,0,0,0.0,0.0,0.0,0.0,0.0,0.0,0.0,0.0,
Shuya,http://ufcstats.com/fighter-details/a46fa1c7972548d0,"68.0""",13,2,1,3.83,54.0,4.9,47.0,1.5,15.0,0.0,0.5,
Daichi,http://ufcstats.com/fighter-details/a497e228cce8a64f,"68.0""",6,1,0,1.69,53.0,4.5,35.0,5.07,27.0,100.0,0.0,
Martin,http://ufcstats.com/fighter-details/8b69839f3555a67b,"72.0""",20,7,0,3.22,42.0,3.28,62.0,1.86,41.0,78.0,2.0,
Koya,http://ufcstats.com/fighter-details/b42d3a1469dab722,"75.0""",12,5,0,3.63,41.0,2.9,53.0,2.0,18.0,100.0,0.0,
Bharat,http://ufcstats.com/fighter-details/efd2b3e9bb7965a4,"72.0""",5,3,0,0.7,10.0,1.88,72.0,0.0,0.0,0.0,0.0,
Hiromitsu,http://ufcstats.com/fighter-details/eda579d906cf0ca2,--,19,27,5,0.76,22.0,4.39,40.0,0.0,0.0,40.0,0.4,
Masanori,http://ufcstats.com/fighter-details/f3a078277b3b8ff4,"67.0""",26,12,5,1.88,49.0,1.63,62.0,1.44,50.0,63.0,0.9,
Ken,http://ufcstats.com/fighter-details/5345f86680378fc1,--,0,3,0,0.0,0.0,0.94,42.0,0.0,0.0,0.0,3.5,
Denis,http://ufcstats.com/fighter-details/3c241737a6069b9f,"77.0""",35,16,2,2.27,35.0,1.65,67.0,2.51,65.0,38.0,1.2,
Kyung Ho,http://ufcstats.com/fighter-details/a7897d200692ab64,"73.0""",19,11,0,3.13,47.0,3.32,54.0,1.97,50.0,68.0,0.8,
Manel,http://ufcstats.com/fighter-details/5d1b7e3dd9e11074,"68.0""",22,7,0,5.04,56.0,4.08,57.0,0.4,30.0,81.0,0.3,
David,http://ufcstats.com/fighter-details/5669b828e7e11329,--,3,4,0,2.88,46.0,4.32,67.0,4.88,43.0,0.0,0.7,
Kai,http://ufcstats.com/fighter-details/853eb0dd5c0e2149,"69.0""",25,12,0,4.46,40.0,3.24,64.0,0.56,30.0,83.0,0.0,
Georgi,http://ufcstats.com/fighter-details/43292ecf0e72c143,--,26,7,1,4.49,39.0,5.0,54.0,1.41,50.0,33.0,1.9,
Alex,http://ufcstats.com/fighter-details/e361e5c858af6ff1,"66.0""",10,6,0,2.57,42.0,2.39,54.0,2.7,45.0,86.0,0.9,
Ernesta,http://ufcstats.com/fighter-details/e4faa79383c9f214,"71.0""",6,2,1,7.28,42.0,6.47,49.0,0.75,60.0,81.0,0.0,
Impa,http://ufcstats.com/fighter-details/257b0c8d6f199895,"75.0""",9,2,0,4.96,48.0,3.66,58.0,1.75,58.0,66.0,0.2,
Jinnosuke,http://ufcstats.com/fighter-details/4a9120fa47bafef0,"71.0""",4,2,0,0.21,50.0,7.37,25.0,3.16,100.0,0.0,6.3,
Nadia,http://ufcstats.com/fighter-details/6e7506127408aa9e,"66.0""",5,2,0,3.13,41.0,4.48,48.0,0.46,33.0,40.0,2.8,
Yusuke,http://ufcstats.com/fighter-details/3058888c33149a53,--,9,3,0,2.17,44.0,4.34,48.0,1.36,33.0,0.0,0.0,
Tetsuji,http://ufcstats.com/fighter-details/542db012217ecb83,--,20,10,0,1.2,29.0,2.1,70.0,2.0,57.0,80.0,0.5,
Hisaki,http://ufcstats.com/fighter-details/ebf1c247b2cba375,--,8,2,0,2.8,48.0,1.72,68.0,1.62,100.0,0.0,0.0,
Brad,http://ufcstats.com/fighter-details/7b433309b0fd12aa,"64.0""",16,5,0,4.81,52.0,4.75,50.0,1.86,34.0,61.0,0.0,
Calvin,http://ufcstats.com/fighter-details/751de04455cfaac0,"72.0""",23,10,0,4.41,37.0,6.55,54.0,0.34,29.0,77.0,0.1,
Sarah,http://ufcstats.com/fighter-details/36df8e119aec6175,"66.0""",18,4,0,6.65,46.0,4.0,62.0,0.38,57.0,81.0,0.0,
Lone'er,http://ufcstats.com/fighter-details/bb2c3c3a466224af,"67.0""",10,1,0,4.13,48.0,3.49,56.0,1.12,45.0,94.0,0.2,
Yusuke,http://ufcstats.com/fighter-details/fa2320781bfe4f49,--,18,12,0,2.87,47.0,3.93,50.0,0.0,0.0,72.0,0.0,
Canaan,http://ufcstats.com/fighter-details/58d42b9e920b25fc,"71.0""",6,2,0,2.83,51.0,4.59,36.0,0.0,0.0,100.0,0.0,
Tatsuya,http://ufcstats.com/fighter-details/80d918336163b80c,"69.0""",36,11,2,2.04,44.0,2.01,50.0,3.63,48.0,63.0,1.1,
Ryo,http://ufcstats.com/fighter-details/9e91d7fd2720e241,--,18,9,4,0.6,16.0,3.93,39.0,0.0,0.0,6.0,0.0,
Masuto,http://ufcstats.com/fighter-details/49f4171f14f54220,"69.0""",10,4,0,2.54,41.0,3.79,41.0,11.67,55.0,100.0,0.0,
Doug,http://ufcstats.com/fighter-details/547c5611bd366988,--,0,0,0,0.0,0.0,0.0,0.0,0.0,0.0,0.0,0.0,
Toshiomi,http://ufcstats.com/fighter-details/148bb103cfbf123e,"69.0""",11,5,0,1.49,53.0,4.56,38.0,1.94,16.0,66.0,1.0,
Julie,http://ufcstats.com/fighter-details/981ab7a0576f76a0,--,16,13,0,2.9,36.0,3.18,46.0,1.14,23.0,78.0,0.0,
Ryan,http://ufcstats.com/fighter-details/a72b20136239ba39,--,6,2,0,0.0,0.0,0.0,0.0,0.0,0.0,0.0,0.0,
Losene,http://ufcstats.com/fighter-details/5b43d68174b6e2ab,"72.0""",16,2,0,3.47,43.0,4.47,62.0,0.0,0.0,100.0,0.0,
CJ,http://ufcstats.com/fighter-details/c0eecd851dbf3146,--,8,4,0,0.86,50.0,1.82,50.0,0.0,0.0,62.0,0.0,
Chris,http://ufcstats.com/fighter-details/56c9acc4e86046a2,"68.0""",9,3,0,2.4,43.0,2.64,48.0,1.04,18.0,53.0,0.3,
Brian,http://ufcstats.com/fighter-details/7be14eaed4c74856,"66.0""",24,16,0,3.31,41.0,4.59,54.0,1.68,41.0,60.0,0.7,
Mayana,http://ufcstats.com/fighter-details/c788481ae19e798d,--,7,1,0,1.94,22.0,2.9,62.0,0.0,0.0,0.0,0.0,
Tony,http://ufcstats.com/fighter-details/1a08b01fdabb6ae2,"70.0""",8,3,0,5.55,47.0,4.85,45.0,0.0,0.0,52.0,1.4,
Paul,http://ufcstats.com/fighter-details/aac5ac38148f0528,"70.0""",14,5,0,3.22,37.0,2.61,59.0,1.34,60.0,30.0,1.5,
John,http://ufcstats.com/fighter-details/ace83095105dd205,--,5,4,0,0.0,0.0,0.0,0.0,0.0,0.0,0.0,0.0,
Daniel,http://ufcstats.com/fighter-details/bdcbb976816fd256,"70.0""",13,4,0,3.62,38.0,4.64,61.0,1.86,34.0,78.0,0.3,
Tim,http://ufcstats.com/fighter-details/3c660c90d48fc80d,"74.0""",18,6,0,2.78,47.0,1.84,62.0,2.58,35.0,70.0,0.7,
Steve,http://ufcstats.com/fighter-details/185fb0200a4605e6,--,24,8,0,2.28,35.0,5.52,45.0,2.51,33.0,0.0,0.0,
Jeremy,http://ufcstats.com/fighter-details/68f6e96c5fa6e044,"71.0""",11,1,0,2.22,46.0,2.58,47.0,5.73,52.0,66.0,0.0,
Waylon,http://ufcstats.com/fighter-details/9b8a73b59be8d786,--,6,2,0,0.0,0.0,0.0,0.0,0.0,0.0,0.0,0.0,
Casey,http://ufcstats.com/fighter-details/e7bba7ce4d6c7b07,"68.0""",16,4,1,4.85,42.0,4.67,58.0,1.09,35.0,61.0,0.4,
Maimaitituoheti,http://ufcstats.com/fighter-details/772022b989534f0d,"66.0""",26,11,0,1.47,52.0,1.67,37.0,1.0,33.0,84.0,0.0,
Aurelijus,http://ufcstats.com/fighter-details/c1e4ae143cce7398,--,11,22,0,1.26,16.0,8.21,31.0,0.0,0.0,0.0,0.0,
Mark,http://ufcstats.com/fighter-details/a7b48e18ca27795d,--,15,11,0,0.28,41.0,0.89,28.0,2.92,77.0,0.0,0.4,
Will,http://ufcstats.com/fighter-details/ef61d9f5176b3200,"69.0""",9,3,0,1.91,42.0,6.22,33.0,0.0,0.0,0.0,14.3,
Ron,http://ufcstats.com/fighter-details/b84f34b425dfd24b,--,11,9,0,0.0,0.0,2.05,60.0,0.0,0.0,100.0,7.7,
Rustam,http://ufcstats.com/fighter-details/9b7694d064a8a0ad,"73.0""",24,4,0,1.98,34.0,2.16,65.0,3.95,41.0,61.0,0.1,
Adam,http://ufcstats.com/fighter-details/1aba18b5f15d4956,--,6,0,0,0.0,0.0,0.0,0.0,0.0,0.0,0.0,0.0,
Sergey,http://ufcstats.com/fighter-details/90da09db03e41748,"74.0""",28,6,1,3.41,41.0,2.37,60.0,0.76,28.0,61.0,0.0,
Sergei,http://ufcstats.com/fighter-details/0693b2eab79198ea,--,26,6,0,3.9,44.0,3.03,54.0,1.16,53.0,70.0,1.0,
Alfred,http://ufcstats.com/fighter-details/3929efe0c0a83d07,"70.0""",8,3,0,6.14,42.0,6.38,40.0,3.54,25.0,0.0,0.0,
Aziz,http://ufcstats.com/fighter-details/a072b512b6f4fc42,"72.0""",21,7,0,2.6,61.0,2.8,61.0,0.0,0.0,85.0,0.0,
Mansher,http://ufcstats.com/fighter-details/4bbd1e5c77ef3c2f,"68.0""",10,0,0,2.8,38.0,2.6,38.0,2.0,14.0,100.0,0.0,
Aliaskhab,http://ufcstats.com/fighter-details/7ab478c397cd68ef,"74.0""",14,0,0,6.01,64.0,4.38,61.0,5.64,60.0,100.0,3.8,
WonBin,http://ufcstats.com/fighter-details/aaeb55084b198a39,"73.0""",18,9,0,6.73,50.0,4.21,55.0,0.73,20.0,50.0,0.0,
Pannie,http://ufcstats.com/fighter-details/91dac5e69e28d5b5,"66.0""",17,9,0,4.88,49.0,4.09,51.0,0.41,33.0,65.0,0.1,
Akira,http://ufcstats.com/fighter-details/9c37681096c6f3a9,--,16,4,0,3.67,56.0,0.4,14.0,2.0,40.0,100.0,0.0,
Katsunori,http://ufcstats.com/fighter-details/44470bfd9483c7ad,"66.0""",24,8,2,2.64,40.0,2.47,61.0,1.88,75.0,76.0,0.8,
Sanae,http://ufcstats.com/fighter-details/e4bde462b043d3e1,--,31,9,3,0.7,45.0,0.9,52.0,1.6,63.0,25.0,1.8,
Jacob,http://ufcstats.com/fighter-details/637bd06c32219f0b,"72.0""",8,4,0,2.56,33.0,6.78,35.0,0.51,5.0,20.0,0.5,
Dong Hyun,http://ufcstats.com/fighter-details/9bcf8603ceb25680,"76.0""",22,4,1,2.12,49.0,1.89,58.0,2.93,43.0,71.0,0.6,
Jin Oh,http://ufcstats.com/fighter-details/8d04923f2db59b7f,--,0,4,0,5.06,25.0,8.43,50.0,0.0,0.0,66.0,0.0,
Dae Won,http://ufcstats.com/fighter-details/354808cf38d9d73c,--,11,7,0,1.75,32.0,2.51,36.0,3.43,42.0,0.0,0.0,
Jong Wang,http://ufcstats.com/fighter-details/380e8b023290d091,--,13,23,0,0.0,0.0,0.0,0.0,0.0,0.0,0.0,0.0,
Jong Won,http://ufcstats.com/fighter-details/9e0f28d1f639ad73,--,0,1,0,0.84,15.0,3.28,63.0,2.81,100.0,0.0,0.0,
Min Soo,http://ufcstats.com/fighter-details/831b937811804dad,--,3,7,0,0.87,100.0,3.48,20.0,0.0,0.0,0.0,0.0,
Jong Man,http://ufcstats.com/fighter-details/dba230fe33011201,--,23,11,3,1.33,21.0,3.0,60.0,0.0,0.0,0.0,0.0,
Ji Yeon,http://ufcstats.com/fighter-details/a20f234df70f2182,"72.0""",9,7,2,5.37,36.0,5.41,56.0,0.0,0.0,50.0,0.1,
MinWoo,http://ufcstats.com/fighter-details/6343a95f1d9e6a33,"72.0""",10,2,0,0.0,0.0,0.0,0.0,0.0,0.0,0.0,0.0,
HanSeul,http://ufcstats.com/fighter-details/2bc47c7cc6c05bd7,"73.0""",13,6,0,5.79,42.0,5.68,52.0,0.0,0.0,50.0,1.7,
KyeungPyo,http://ufcstats.com/fighter-details/5a9f7b5ffebdd6e7,"71.0""",11,4,0,6.77,46.0,6.32,63.0,3.87,40.0,100.0,0.0,
Sangwook,http://ufcstats.com/fighter-details/a264d4e9a4d6bfe4,"71.0""",13,4,0,5.11,55.0,5.82,44.0,1.77,22.0,72.0,1.2,
SangWon,http://ufcstats.com/fighter-details/e9712cad24948ce1,"69.0""",10,6,1,3.18,57.0,3.73,58.0,0.69,25.0,72.0,0.0,
KyuSung,http://ufcstats.com/fighter-details/e7ecfab8fd86d3e1,"69.0""",12,6,0,1.53,53.0,0.87,69.0,0.0,0.0,33.0,0.0,
So Yul,http://ufcstats.com/fighter-details/864c07a7ff90caae,--,8,1,0,0.0,0.0,0.0,0.0,0.0,0.0,0.0,0.0,
Jeremy,http://ufcstats.com/fighter-details/917a5cb9821df261,"72.0""",15,8,0,2.81,46.0,3.84,49.0,1.41,20.0,50.0,0.0,
Rob,http://ufcstats.com/fighter-details/054defd5420a551f,"73.0""",25,9,0,1.86,48.0,4.79,38.0,2.08,46.0,25.0,2.4,
Dustin,http://ufcstats.com/fighter-details/fe91d254db77a7fc,"71.0""",11,3,0,1.33,21.0,3.82,51.0,0.93,37.0,50.0,2.2,
Taiei,http://ufcstats.com/fighter-details/c7ac79839e86ce33,--,6,3,0,2.71,60.0,1.33,52.0,0.0,0.0,55.0,0.0,
Mike,http://ufcstats.com/fighter-details/564c2f5f9eb45d67,--,5,1,0,4.44,58.0,1.29,72.0,1.75,25.0,40.0,3.5,
Kyle,http://ufcstats.com/fighter-details/b959e8c7fd8390d2,"79.0""",11,6,0,2.97,40.0,3.81,51.0,2.64,41.0,52.0,0.0,
Yusaku,http://ufcstats.com/fighter-details/21b5c82c1b89dab1,"71.0""",6,3,0,4.65,50.0,5.12,51.0,0.0,0.0,50.0,0.0,
Kamuela,http://ufcstats.com/fighter-details/c7d7fda69ec410d3,"75.0""",12,6,0,3.22,50.0,5.87,40.0,1.5,26.0,47.0,1.2,
Yurij,http://ufcstats.com/fighter-details/51d2aaaca56e5b40,--,5,4,0,4.88,87.0,0.0,0.0,0.0,0.0,50.0,0.0,
Justine,http://ufcstats.com/fighter-details/928ae2e5b5f7a9ec,"64.0""",7,4,0,4.51,48.0,4.59,57.0,0.87,33.0,50.0,0.1,
Koji,http://ufcstats.com/fighter-details/2a6f8136da1e52c0,--,1,2,0,0.0,0.0,0.0,0.0,0.0,0.0,0.0,0.0,
Satoru,http://ufcstats.com/fighter-details/e2ac5bb645f33088,--,40,14,9,0.68,33.0,2.15,45.0,0.62,10.0,27.0,2.1,
Top Noi,http://ufcstats.com/fighter-details/e065b4a42a6c2c79,"67.0""",9,5,0,4.47,59.0,3.23,66.0,2.72,85.0,74.0,0.0,
Ludovit,http://ufcstats.com/fighter-details/5b86d491d63890c5,"72.0""",24,5,1,3.76,53.0,3.48,53.0,1.37,51.0,76.0,0.0,
Nick,http://ufcstats.com/fighter-details/7eaa5e31c2dd86aa,"77.0""",6,3,0,2.51,56.0,3.41,39.0,5.79,35.0,66.0,1.9,
Seth,http://ufcstats.com/fighter-details/8ad022dd81224f61,--,8,4,0,2.55,33.0,2.42,40.0,0.98,25.0,90.0,0.0,
Stefan,http://ufcstats.com/fighter-details/bc3876891e155bb5,--,6,1,0,0.82,50.0,3.84,58.0,0.0,0.0,0.0,0.0,
Fatima,http://ufcstats.com/fighter-details/745fa7b605f8e2da,"67.0""",9,1,0,5.01,50.0,2.71,57.0,2.02,58.0,50.0,0.0,
Felix,http://ufcstats.com/fighter-details/8276f28f1ad087de,--,7,0,0,0.0,0.0,0.0,0.0,0.0,0.0,0.0,0.0,
Drakkar,http://ufcstats.com/fighter-details/7cbf7c78d3b34218,"70.0""",16,3,1,4.25,55.0,3.65,49.0,1.49,26.0,69.0,0.0,
Michael,http://ufcstats.com/fighter-details/02f0e04acf102ea9,--,18,22,3,0.0,0.0,0.0,0.0,0.0,0.0,0.0,0.0,
Kevin,http://ufcstats.com/fighter-details/1fac46d466abd5b8,--,12,7,1,0.0,0.0,15.56,22.0,0.0,0.0,100.0,0.0,
Jason,http://ufcstats.com/fighter-details/bb1a2cdad6ff34db,"71.0""",20,5,0,2.95,33.0,3.02,51.0,1.31,31.0,47.0,1.7,
William,http://ufcstats.com/fighter-details/5da33b8fbfa5ee95,"73.0""",11,5,0,2.62,56.0,3.3,35.0,1.78,40.0,48.0,0.4,
Josefine,http://ufcstats.com/fighter-details/971dba22c622af12,"60.0""",8,1,0,4.24,51.0,2.13,54.0,1.6,72.0,35.0,0.0,
Seokhyeon,http://ufcstats.com/fighter-details/4a07b1988477502c,"71.0""",13,2,0,2.73,59.0,1.42,58.0,4.0,63.0,75.0,0.3,
Isao,http://ufcstats.com/fighter-details/a02652d063ef5baa,--,21,4,4,1.01,33.0,1.66,45.0,2.17,100.0,100.0,0.0,
Kelly,http://ufcstats.com/fighter-details/c398235fcaf8d71d,--,19,3,1,2.33,21.0,4.11,59.0,1.67,11.0,0.0,0.0,
Erik,http://ufcstats.com/fighter-details/99bd87a300079ed9,"71.0""",16,6,0,2.33,42.0,2.82,47.0,1.02,42.0,81.0,1.0,
Sokun,http://ufcstats.com/fighter-details/6d8ef8706781c49e,--,4,1,0,0.0,0.0,0.0,0.0,0.0,0.0,0.0,0.0,
Shingo,http://ufcstats.com/fighter-details/44c233770075cea1,--,1,0,0,0.0,0.0,0.0,0.0,0.0,0.0,0.0,0.0,
Brad,http://ufcstats.com/fighter-details/13c4313ed0f744f3,--,12,15,0,0.0,0.0,0.0,0.0,0.0,0.0,0.0,0.0,
Charlie,http://ufcstats.com/fighter-details/5717efc6f271cd52,--,8,4,1,0.81,33.0,4.31,46.0,0.0,0.0,0.0,4.0,
Tsuyoshi,http://ufcstats.com/fighter-details/b76ed59283d3559c,--,27,19,2,1.88,38.0,4.41,54.0,1.32,20.0,33.0,0.4,
Kaloyan,http://ufcstats.com/fighter-details/33de378ce1734638,"73.0""",10,1,0,1.12,45.0,4.49,42.0,10.11,60.0,0.0,0.0,
John,http://ufcstats.com/fighter-details/5f6038bcdb95e3e4,--,15,9,0,0.21,20.0,0.85,50.0,0.0,0.0,0.0,0.0,
Yuki,http://ufcstats.com/fighter-details/1fe7adb23b3eedfb,--,60,33,9,1.14,42.0,2.57,51.0,0.76,41.0,37.0,0.5,
Syuri,http://ufcstats.com/fighter-details/a851c35f58199231,"66.0""",6,3,0,5.4,44.0,7.22,58.0,0.0,0.0,83.0,0.3,
Mantas,http://ufcstats.com/fighter-details/3cc506f115cbb9d5,"75.0""",9,1,0,4.97,65.0,1.3,57.0,2.8,60.0,91.0,0.9,
Cheick,http://ufcstats.com/fighter-details/1eacf73d6a0055dc,"82.0""",27,10,2,3.33,56.0,1.28,54.0,2.3,56.0,52.0,0.2,
Andrei,http://ufcstats.com/fighter-details/dd39f1ca787a3d9d,--,6,11,0,0.33,66.0,4.31,40.0,0.0,0.0,0.0,0.0,
Roman,http://ufcstats.com/fighter-details/9d83f6da776ff7d6,"75.0""",14,5,0,4.59,50.0,5.18,52.0,1.14,47.0,88.0,0.0,
Bruno,http://ufcstats.com/fighter-details/6c011be66326ad97,"65.0""",7,3,0,2.12,34.0,3.96,42.0,0.0,0.0,25.0,0.0,
Chungreng,http://ufcstats.com/fighter-details/000774e57404d8c7,--,7,1,0,0.0,0.0,0.0,0.0,0.0,0.0,0.0,0.0,
Andrey,http://ufcstats.com/fighter-details/aee885b8ca29ab4f,--,19,2,0,2.84,39.0,1.92,63.0,4.8,53.0,0.0,0.0,
Josh,http://ufcstats.com/fighter-details/dd37fd509af89f15,"73.0""",17,11,0,1.79,36.0,2.27,63.0,2.46,48.0,64.0,0.4,
Steven,http://ufcstats.com/fighter-details/84512339473dd300,"69.0""",6,1,0,0.77,37.0,3.73,40.0,5.28,55.0,0.0,1.1,
Naoyuki,http://ufcstats.com/fighter-details/bc8f6b42767e28df,"66.0""",34,14,7,1.02,31.0,2.89,50.0,0.83,16.0,46.0,0.8,
Ilya,http://ufcstats.com/fighter-details/a68d57ae177a5815,--,1,2,0,3.94,40.0,4.38,44.0,6.57,100.0,100.0,6.6,
Iouri,http://ufcstats.com/fighter-details/c6becb722706c7d8,--,7,4,1,0.67,38.0,4.92,15.0,0.0,0.0,25.0,0.0,
Matt,http://ufcstats.com/fighter-details/8fbcd82bf7f352bf,--,12,16,0,1.47,22.0,4.87,44.0,1.0,25.0,0.0,0.0,
Marcus,http://ufcstats.com/fighter-details/ad0e42800a0d8977,--,3,1,1,0.0,0.0,0.0,0.0,0.0,0.0,0.0,0.0,
Karolina,http://ufcstats.com/fighter-details/d7c3816669784109,"64.0""",16,10,0,5.54,42.0,5.77,56.0,0.36,23.0,74.0,0.2,
Steve,http://ufcstats.com/fighter-details/fc36e2352dccf2a4,--,8,0,0,3.9,39.0,4.36,50.0,2.34,100.0,100.0,0.0,
Derrick,http://ufcstats.com/fighter-details/714e1e0681ddb703,"72.0""",22,12,0,2.07,37.0,4.03,50.0,3.18,50.0,0.0,0.8,
James,http://ufcstats.com/fighter-details/8f6a18831a120817,"73.0""",28,9,0,4.79,49.0,4.11,61.0,0.96,18.0,59.0,0.9,
Pascal,http://ufcstats.com/fighter-details/a01e84abefd85ec0,--,11,2,0,5.45,47.0,3.88,59.0,1.53,50.0,60.0,0.9,
Rene,http://ufcstats.com/fighter-details/db05271715bb4874,--,5,1,0,0.82,100.0,2.47,60.0,0.0,0.0,66.0,4.1,
Kaynan,http://ufcstats.com/fighter-details/ca36633b80be4a78,"73.0""",15,3,0,5.67,50.0,5.71,46.0,2.74,100.0,75.0,2.1,
Jorgen,http://ufcstats.com/fighter-details/6071d786f6187810,--,5,0,0,0.0,0.0,0.0,0.0,0.0,0.0,0.0,0.0,
Nikita,http://ufcstats.com/fighter-details/1091d4d957141094,"77.0""",31,11,0,4.36,54.0,2.59,47.0,2.05,37.0,53.0,1.2,
Mariusz,http://ufcstats.com/fighter-details/ab16537dd1e5e81d,"75.0""",8,1,0,0.93,45.0,3.4,39.0,4.0,100.0,0.0,2.0,
Eliezer,http://ufcstats.com/fighter-details/66579081831db7b0,"74.0""",7,1,0,2.11,50.0,6.97,37.0,0.0,0.0,100.0,0.0,
Junya,http://ufcstats.com/fighter-details/487c170da059857d,--,10,7,2,1.85,71.0,4.44,33.0,0.0,0.0,0.0,0.0,
John,http://ufcstats.com/fighter-details/a272656ad662ac53,--,1,2,0,0.0,0.0,0.0,0.0,0.0,0.0,0.0,0.0,
Michael,http://ufcstats.com/fighter-details/b7f38813485745da,"73.0""",15,5,0,3.28,54.0,3.62,54.0,2.3,55.0,79.0,0.0,
Anton,http://ufcstats.com/fighter-details/706f8e2b34e8e18b,"72.0""",24,10,0,2.27,38.0,1.63,67.0,1.2,100.0,71.0,0.4,
Maiju,http://ufcstats.com/fighter-details/4e77d070239699e2,--,6,3,0,2.5,40.0,5.5,36.0,0.0,0.0,50.0,0.0,
Sumit,http://ufcstats.com/fighter-details/a0a625221e0dd339,"66.0""",8,1,0,2.8,24.0,4.67,46.0,6.0,30.0,60.0,0.0,
Aleksei,http://ufcstats.com/fighter-details/e2ccd9a9ace60de7,"70.0""",20,2,0,3.67,44.0,2.83,63.0,0.25,33.0,80.0,0.0,
Rizvan,http://ufcstats.com/fighter-details/739fd4fbb5d862f4,"76.0""",13,3,1,3.94,54.0,2.33,48.0,0.98,75.0,93.0,0.0,
Keigo,http://ufcstats.com/fighter-details/782a2a17d3e38fdf,--,3,2,0,0.17,10.0,1.99,57.0,4.97,40.0,100.0,2.5,
Kiichi,http://ufcstats.com/fighter-details/71df36d6d8cf0d74,"71.0""",18,7,2,1.87,44.0,3.92,41.0,1.59,20.0,28.0,0.3,
Jon,http://ufcstats.com/fighter-details/2694c4997a51ed01,--,10,0,0,0.0,0.0,0.0,0.0,0.0,0.0,0.0,0.0,
Leo,http://ufcstats.com/fighter-details/6905d45bd71b50a9,--,18,4,1,1.68,32.0,3.8,45.0,1.99,25.0,33.0,0.7,
Korey,http://ufcstats.com/fighter-details/780a2897055e3ee3,"77.0""",8,4,0,0.73,73.0,1.33,31.0,0.0,0.0,69.0,1.0,
Ramazan,http://ufcstats.com/fighter-details/b6a73e6f11a8835c,"73.0""",8,0,0,11.67,67.0,9.13,54.0,1.0,14.0,0.0,0.0,
Tsuyoshi,http://ufcstats.com/fighter-details/032b65d5fff611b2,--,10,8,2,0.0,0.0,12.0,50.0,0.0,0.0,0.0,0.0,
Eldari,http://ufcstats.com/fighter-details/4c78fc005a53831d,--,0,1,0,0.47,20.0,3.72,60.0,0.0,0.0,0.0,0.0,
Kyle,http://ufcstats.com/fighter-details/b490def93478ae29,--,7,5,0,1.31,36.0,2.95,52.0,1.23,20.0,0.0,2.5,
Guram,http://ufcstats.com/fighter-details/7772b283d288dbe2,"72.0""",13,5,0,3.53,45.0,4.22,54.0,0.61,15.0,75.0,0.0,
Vadym,http://ufcstats.com/fighter-details/aeb2bcd4371f40d5,"71.0""",17,2,0,5.53,48.0,4.94,55.0,3.53,40.0,0.0,0.0,
Lina,http://ufcstats.com/fighter-details/843dd76c50cae0f6,--,0,3,0,2.31,30.0,12.12,19.0,0.0,0.0,0.0,0.0,
Kaleo,http://ufcstats.com/fighter-details/2545c7f47a65bca3,--,11,16,0,0.0,0.0,0.0,0.0,0.0,0.0,0.0,0.0,
Jarrod,http://ufcstats.com/fighter-details/849d15ed7e3a0e97,--,2,2,0,0.53,50.0,4.4,32.0,8.0,50.0,0.0,2.0,
Mike,http://ufcstats.com/fighter-details/56b8b24f65f9f057,"77.0""",22,14,1,3.93,51.0,3.35,49.0,1.33,62.0,50.0,0.8,
Lisa,http://ufcstats.com/fighter-details/edbc609a3b0d2aba,"64.0""",7,2,0,4.67,41.0,4.4,47.0,0.0,0.0,33.0,0.0,
Achmed,http://ufcstats.com/fighter-details/b3fb8d2293e17a59,--,7,4,0,0.75,39.0,1.1,46.0,3.0,100.0,0.0,0.8,
Josh,http://ufcstats.com/fighter-details/5108b169b5fe1f86,--,11,6,0,2.53,36.0,5.33,44.0,0.0,0.0,71.0,0.0,
Jeremiah,http://ufcstats.com/fighter-details/4fe1d105af549845,--,11,5,0,0.0,0.0,0.0,0.0,0.0,0.0,0.0,0.0,
Daniel,http://ufcstats.com/fighter-details/31bb0772f21cabd8,"70.0""",11,6,0,3.95,45.0,8.28,34.0,2.32,50.0,0.0,1.2,
Luan,http://ufcstats.com/fighter-details/6fc506e1099afe20,"71.0""",13,4,0,4.06,42.0,6.15,49.0,2.82,39.0,66.0,0.6,
Kemran,http://ufcstats.com/fighter-details/eb84192d1a97f69e,--,3,2,0,0.0,0.0,0.0,0.0,0.0,0.0,0.0,0.0,
Aspen,http://ufcstats.com/fighter-details/d4691518d012b9e7,"66.0""",9,3,0,3.78,47.0,4.65,47.0,1.56,47.0,62.0,0.6,
Ryan,http://ufcstats.com/fighter-details/4c7781da8c6cae93,"74.0""",14,3,0,2.89,40.0,1.86,63.0,2.13,44.0,58.0,0.2,
Corinne,http://ufcstats.com/fighter-details/fbe9f4efc2153be2,"65.0""",8,5,0,3.16,68.0,1.89,47.0,3.16,100.0,33.0,0.0,
Ben,http://ufcstats.com/fighter-details/b40e65d71a8d4ce5,--,6,5,0,0.0,0.0,0.0,0.0,0.0,0.0,0.0,0.0,
Noad,http://ufcstats.com/fighter-details/9f755fb04cc21499,"69.0""",11,2,0,2.79,46.0,1.47,63.0,2.37,26.0,16.0,2.4,
Tina,http://ufcstats.com/fighter-details/e5ca2bc2451a5956,--,5,1,0,1.93,20.0,4.67,57.0,0.0,0.0,16.0,0.0,
Yohan,http://ufcstats.com/fighter-details/f998f5c102250d6e,"76.0""",9,3,0,2.22,41.0,3.38,58.0,0.94,28.0,72.0,0.5,
Tim,http://ufcstats.com/fighter-details/c7e9d15cfce52f1d,--,7,6,1,0.0,0.0,0.0,0.0,0.0,0.0,0.0,0.0,
Todd,http://ufcstats.com/fighter-details/7d06092326c52528,--,2,1,0,0.0,0.0,0.0,0.0,0.0,0.0,0.0,0.0,
Sean,http://ufcstats.com/fighter-details/e62ce041bb7aeb1f,--,7,3,0,5.34,39.0,7.23,30.0,0.0,0.0,0.0,0.0,
Ricardo,http://ufcstats.com/fighter-details/3974fa35c917af1d,"71.0""",20,8,0,3.13,47.0,2.87,57.0,1.84,33.0,46.0,0.9,
Jason,http://ufcstats.com/fighter-details/5be86bb2f78fef2f,"75.0""",26,13,0,3.21,58.0,1.84,50.0,1.35,36.0,28.0,2.4,
Jose,http://ufcstats.com/fighter-details/7e062824c175f975,--,29,16,0,0.99,40.0,0.77,43.0,2.2,80.0,40.0,2.2,
Nate,http://ufcstats.com/fighter-details/583ee11abddfc581,"72.0""",18,8,0,5.55,45.0,5.96,51.0,0.73,41.0,71.0,0.7,
Austen,http://ufcstats.com/fighter-details/be9bdec19b7e9ffe,"80.0""",13,8,0,2.7,50.0,2.45,39.0,1.5,28.0,33.0,0.0,
Aaron,http://ufcstats.com/fighter-details/d73e856f150744b2,--,5,1,0,0.0,0.0,0.0,0.0,0.0,0.0,0.0,0.0,
Jeremy,http://ufcstats.com/fighter-details/09422812370fbdfe,--,21,2,0,1.13,50.0,1.41,42.0,4.22,60.0,0.0,4.2,
Lionel,http://ufcstats.com/fighter-details/b8980dd7e8fc5976,--,5,1,0,0.0,0.0,0.0,0.0,0.0,0.0,0.0,0.0,
Lina,http://ufcstats.com/fighter-details/2eeaefbfc7f9fcff,"65.0""",10,8,0,2.69,55.0,3.87,44.0,0.52,27.0,47.0,0.1,
Taylor,http://ufcstats.com/fighter-details/8b1ed83b02303075,"73.0""",21,4,0,4.59,48.0,2.61,62.0,0.27,33.0,77.0,0.3,
Chad,http://ufcstats.com/fighter-details/c03a5022f8439f2a,"71.0""",13,4,0,4.78,42.0,3.59,65.0,1.05,54.0,78.0,0.0,
Anthony,http://ufcstats.com/fighter-details/f3a853544e4413c4,--,23,7,0,0.53,34.0,0.58,66.0,0.0,0.0,20.0,0.0,
TJ,http://ufcstats.com/fighter-details/cd2e5a390821fb48,"66.0""",12,5,0,1.49,50.0,2.64,38.0,1.44,33.0,40.0,0.0,
Joseph,http://ufcstats.com/fighter-details/62a72adeb0227603,--,5,0,0,0.0,0.0,0.0,0.0,0.0,0.0,0.0,0.0,
Icho,http://ufcstats.com/fighter-details/49efbdc6c9f650c4,--,6,5,0,0.17,15.0,2.5,28.0,0.0,0.0,14.0,0.0,
Lorenz,http://ufcstats.com/fighter-details/9450848a71d53776,"72.0""",18,6,0,3.53,46.0,2.74,63.0,0.27,42.0,79.0,0.1,
Jeremy,http://ufcstats.com/fighter-details/c3bd649a9194e50c,"70.0""",8,5,0,4.87,48.0,5.75,57.0,2.49,33.0,0.0,0.0,
Brock,http://ufcstats.com/fighter-details/5eedbf1e9601be35,"71.0""",42,10,0,1.39,46.0,1.5,55.0,2.67,34.0,43.0,2.0,
Ryan,http://ufcstats.com/fighter-details/7107e53ebd7435fb,--,6,2,0,0.0,0.0,0.0,0.0,0.0,0.0,0.0,0.0,
Bobby,http://ufcstats.com/fighter-details/b0826525fa17231d,"78.0""",15,2,0,3.1,63.0,0.76,63.0,11.47,70.0,0.0,0.0,
Ilir,http://ufcstats.com/fighter-details/e9a3aeb207578eea,"73.0""",17,9,0,2.05,45.0,2.93,56.0,2.11,35.0,100.0,0.3,
Sione,http://ufcstats.com/fighter-details/5898357a45a73674,--,1,0,0,0.0,0.0,0.0,0.0,0.0,0.0,0.0,0.0,
Phillip,http://ufcstats.com/fighter-details/09224b76d27007ee,"76.0""",6,2,0,3.4,51.0,7.07,31.0,0.0,0.0,100.0,0.0,
Jenel,http://ufcstats.com/fighter-details/ec664422b22d9787,"68.0""",7,5,0,1.44,42.0,3.53,53.0,0.55,66.0,51.0,0.8,
Joe,http://ufcstats.com/fighter-details/3bad7ef643840f67,"71.0""",28,16,0,2.84,39.0,5.39,54.0,2.39,45.0,54.0,2.0,
Dan,http://ufcstats.com/fighter-details/4c8d6fde2dde07c4,--,17,6,0,1.34,25.0,4.09,61.0,1.63,33.0,80.0,2.7,
Sandra,http://ufcstats.com/fighter-details/aa6da8cb3a26da04,"66.0""",10,3,0,0.87,37.0,2.67,34.0,0.0,0.0,33.0,0.0,
Chatt,http://ufcstats.com/fighter-details/5449dcccd972ff83,--,9,7,0,0.0,0.0,0.0,0.0,0.0,0.0,0.0,0.0,
Cody,http://ufcstats.com/fighter-details/e3162dbdbfd78287,--,9,2,0,0.0,0.0,0.0,0.0,0.0,0.0,0.0,0.0,
Muhammed,http://ufcstats.com/fighter-details/a571770c4016736f,"78.0""",21,6,0,3.79,52.0,1.61,66.0,5.96,75.0,87.0,0.0,
Robbie,http://ufcstats.com/fighter-details/f2925e6db404bf1d,"74.0""",30,16,0,3.85,47.0,4.67,59.0,0.65,64.0,65.0,0.0,
Tom,http://ufcstats.com/fighter-details/4d44f37107f01b9b,"74.0""",10,6,0,2.5,42.0,2.41,60.0,2.46,32.0,57.0,1.4,
Justin,http://ufcstats.com/fighter-details/879f6cae48d25baa,"67.0""",10,4,0,3.84,35.0,2.83,67.0,0.72,28.0,73.0,0.0,
Lance,http://ufcstats.com/fighter-details/ce039df1994b18f0,"74.0""",4,1,0,5.87,50.0,9.8,24.0,1.0,100.0,50.0,0.0,
Ronnie,http://ufcstats.com/fighter-details/e7e01e266a9d4342,"68.0""",8,2,0,2.78,56.0,1.75,52.0,6.75,77.0,45.0,0.2,
Eric,http://ufcstats.com/fighter-details/38e5d9dcb0fddc42,--,9,5,0,1.58,57.0,1.97,44.0,8.88,42.0,0.0,3.0,
Jimmy,http://ufcstats.com/fighter-details/e43eefb10d440cb0,"77.0""",4,2,0,0.07,8.0,1.6,44.0,0.0,0.0,0.0,0.0,
Valmir,http://ufcstats.com/fighter-details/777dea713da2441d,"73.0""",15,5,0,4.87,37.0,4.09,61.0,1.33,40.0,96.0,0.0,
Zviad,http://ufcstats.com/fighter-details/41498c2d1a87b154,"69.0""",13,1,0,4.2,39.0,6.13,51.0,0.0,0.0,0.0,0.0,
Mounir,http://ufcstats.com/fighter-details/49ee5024966efc0d,"76.0""",11,3,0,7.49,55.0,5.42,53.0,1.8,57.0,71.0,0.0,
Cung,http://ufcstats.com/fighter-details/d4f364dd076bb0e2,"70.0""",9,3,0,4.36,48.0,2.98,66.0,1.37,71.0,88.0,0.3,
Thanh,http://ufcstats.com/fighter-details/882b3f5a0774d575,"74.0""",6,1,0,1.97,40.0,1.82,70.0,0.0,0.0,100.0,0.0,
Quang,http://ufcstats.com/fighter-details/32feae6d9a1e5047,"70.0""",9,3,0,2.82,38.0,4.59,49.0,2.9,33.0,100.0,0.4,
Carlos,http://ufcstats.com/fighter-details/28d421729451c8ca,"74.0""",23,7,0,8.75,47.0,7.78,48.0,0.43,11.0,90.0,0.0,
Jordan,http://ufcstats.com/fighter-details/ac026518a9b4dc0f,"71.0""",13,3,0,2.21,57.0,1.59,58.0,3.15,34.0,30.0,1.1,
Jerome,http://ufcstats.com/fighter-details/2d0b10789feafddb,--,3,2,0,0.92,35.0,1.03,37.0,0.0,0.0,50.0,0.0,
Chris,http://ufcstats.com/fighter-details/d43a048a880efdff,"73.0""",22,11,0,2.87,42.0,2.87,52.0,1.14,41.0,53.0,0.8,
Julien,http://ufcstats.com/fighter-details/cd0dfd9846bd03b9,"74.0""",10,3,0,1.69,66.0,2.96,46.0,0.0,0.0,0.0,0.0,
Jean-Paul,http://ufcstats.com/fighter-details/a3dda21be645be93,"72.0""",10,2,0,4.77,61.0,3.72,53.0,2.79,30.0,0.0,1.9,
Mickael,http://ufcstats.com/fighter-details/c575ab451e3c5b1d,"73.0""",16,7,1,2.6,34.0,2.98,54.0,0.0,0.0,60.0,0.0,
Stephen,http://ufcstats.com/fighter-details/56ec58954158966a,--,8,3,0,1.2,38.0,1.6,57.0,5.0,45.0,100.0,0.0,
Justin,http://ufcstats.com/fighter-details/ba1e6cb3d43f7430,"80.0""",9,4,0,3.35,39.0,4.82,49.0,0.23,50.0,42.0,0.2,
James,http://ufcstats.com/fighter-details/863d06a7ef8bc98c,--,15,3,0,1.4,42.0,3.72,27.0,13.95,50.0,0.0,7.0,
David,http://ufcstats.com/fighter-details/8caca5857ce0e30b,--,12,10,0,1.49,50.0,3.31,42.0,0.0,0.0,50.0,0.0,
Jackie,http://ufcstats.com/fighter-details/4985113c0928aa62,--,0,1,0,0.0,0.0,0.0,0.0,0.0,0.0,0.0,0.0,
Eun Soo,http://ufcstats.com/fighter-details/39c568f8c579913e,--,17,4,0,0.0,0.0,3.05,60.0,0.0,0.0,50.0,0.0,
Tae Hyun,http://ufcstats.com/fighter-details/de99da2c0d18d34a,--,1,2,0,1.37,31.0,3.89,54.0,5.15,100.0,0.0,0.0,
Tommy,http://ufcstats.com/fighter-details/806975e1b4f47b27,--,25,6,0,0.0,0.0,0.3,75.0,4.57,33.0,0.0,0.0,
Matt,http://ufcstats.com/fighter-details/d9e3743bae8d703d,--,14,10,1,0.0,0.0,9.68,21.0,0.0,0.0,0.0,0.0,
Imani,http://ufcstats.com/fighter-details/0802be3516ef8f66,--,2,4,0,0.0,0.0,0.94,33.0,0.0,0.0,0.0,0.0,
Vaughan,http://ufcstats.com/fighter-details/8bb6f4479685bbcc,"66.0""",14,13,1,3.47,47.0,2.07,70.0,0.81,33.0,72.0,1.0,
Kevin,http://ufcstats.com/fighter-details/ee9ebceabfd16fa7,"77.0""",18,8,0,3.88,42.0,3.6,50.0,3.18,43.0,75.0,0.8,
Rocky,http://ufcstats.com/fighter-details/0d1c163b206e8c5f,--,3,2,0,2.47,51.0,5.33,44.0,1.0,10.0,33.0,0.0,
Andrea,http://ufcstats.com/fighter-details/05fa626cb33d15b8,"69.0""",13,11,0,4.62,45.0,3.91,61.0,1.65,52.0,53.0,0.6,
JeongYeong,http://ufcstats.com/fighter-details/d008d785f6347dc2,"73.0""",11,3,0,3.38,49.0,3.82,50.0,0.63,66.0,72.0,0.3,
JungHyun,http://ufcstats.com/fighter-details/b6033505c245e28b,"65.0""",8,1,0,4.27,39.0,6.2,38.0,0.0,0.0,64.0,0.0,
ChangHo,http://ufcstats.com/fighter-details/117a06469813e4ef,"69.0""",11,2,0,3.88,66.0,2.13,37.0,3.2,34.0,40.0,0.3,
Macksom,http://ufcstats.com/fighter-details/9fd299c8356cbf0f,"75.0""",9,1,0,0.87,44.0,2.13,50.0,0.0,0.0,63.0,1.0,
Yi Sak,http://ufcstats.com/fighter-details/e6666480a830f764,--,8,1,0,0.0,0.0,0.0,0.0,0.0,0.0,0.0,0.0,
Ricky,http://ufcstats.com/fighter-details/5817df778cc27274,--,14,4,0,1.07,41.0,1.53,60.0,5.0,41.0,0.0,0.0,
Sherron,http://ufcstats.com/fighter-details/4f670b7972fa0a2e,--,21,6,0,2.86,51.0,2.08,47.0,5.19,80.0,33.0,0.0,
Cheyden,http://ufcstats.com/fighter-details/98cbbc06074c68a4,"73.0""",6,0,0,1.87,28.0,3.2,53.0,2.0,33.0,71.0,0.0,
Claudia,http://ufcstats.com/fighter-details/90550a08f0b02b6f,"64.0""",8,3,0,1.27,47.0,1.73,57.0,1.0,25.0,0.0,1.0,
Thales,http://ufcstats.com/fighter-details/cfb65863d5099327,"78.0""",28,9,0,2.13,40.0,2.99,52.0,2.1,27.0,30.0,1.1,
Jovan,http://ufcstats.com/fighter-details/182a73d5b4e57871,"75.0""",11,2,0,1.6,75.0,0.6,43.0,1.0,100.0,55.0,1.0,
Stefan,http://ufcstats.com/fighter-details/d56bb6dff2ae77eb,--,0,3,0,2.4,43.0,6.17,68.0,0.0,0.0,0.0,0.0,
Gabe,http://ufcstats.com/fighter-details/fd4578cac86d75ca,--,13,9,0,0.82,35.0,6.03,45.0,0.0,0.0,0.0,0.0,
Amanda,http://ufcstats.com/fighter-details/3df5493bb279226f,"65.0""",15,6,1,2.75,55.0,3.01,45.0,1.02,64.0,63.0,0.7,
Giacomo,http://ufcstats.com/fighter-details/f37822d5b3e47517,"75.0""",6,0,0,0.0,0.0,0.0,0.0,0.0,0.0,0.0,0.0,
Christophe,http://ufcstats.com/fighter-details/7269329bd87eb479,--,3,4,0,0.0,0.0,0.0,0.0,0.0,0.0,0.0,0.0,
Jesse,http://ufcstats.com/fighter-details/3ae10ac4df3df05c,"72.0""",14,4,0,2.69,32.0,3.2,64.0,1.22,66.0,63.0,0.3,
Jean Francois,http://ufcstats.com/fighter-details/e60201cfab7d656d,--,16,17,3,1.13,34.0,0.27,60.0,0.0,0.0,33.0,0.0,
Nik,http://ufcstats.com/fighter-details/6fb1ba67bef41b37,"68.0""",30,12,2,3.44,47.0,3.25,50.0,3.3,32.0,43.0,1.2,
Alberta Cerra,http://ufcstats.com/fighter-details/6e02c318762f52f1,--,0,1,0,0.0,0.0,0.0,0.0,0.0,0.0,0.0,0.0,
Victoria,http://ufcstats.com/fighter-details/9dedfdd91070ddd8,"64.0""",9,7,0,3.22,38.0,4.81,47.0,1.57,27.0,71.0,0.0,
Anthony,http://ufcstats.com/fighter-details/86b9b51a81e9c339,--,15,8,0,1.94,53.0,2.52,56.0,1.72,18.0,0.0,0.0,
Chad,http://ufcstats.com/fighter-details/657d0ed181f04215,--,9,4,0,0.0,0.0,0.0,0.0,0.0,0.0,0.0,0.0,
Kimo,http://ufcstats.com/fighter-details/08ae5cd9aef7ddd3,--,10,7,1,0.76,83.0,2.12,30.0,4.55,100.0,0.0,2.3,
Michael,http://ufcstats.com/fighter-details/f1fd8ec1023c89b3,--,0,1,0,0.0,0.0,6.47,45.0,0.0,0.0,0.0,0.0,
Lukasz,http://ufcstats.com/fighter-details/5a8e30ed38a5bc6f,--,8,3,0,0.0,0.0,0.0,0.0,0.0,0.0,0.0,0.0,
Brock,http://ufcstats.com/fighter-details/513c6f1715e547a8,"81.0""",5,3,0,3.53,72.0,2.11,50.0,3.9,55.0,60.0,0.5,
Frank,http://ufcstats.com/fighter-details/edd8d5d8089a35f8,--,11,6,0,2.18,36.0,3.82,53.0,0.0,0.0,0.0,0.0,
Valerie,http://ufcstats.com/fighter-details/46a2f24feb258ae0,"68.0""",8,6,0,4.51,37.0,5.4,58.0,0.77,45.0,66.0,0.3,
Leah,http://ufcstats.com/fighter-details/8cb78f3a6c2a08f7,"71.0""",5,3,0,3.06,41.0,3.84,52.0,0.51,50.0,76.0,0.0,
Justin,http://ufcstats.com/fighter-details/8c3f3c43c8ceb778,--,10,7,0,1.24,47.0,3.15,37.0,1.69,50.0,33.0,5.1,
Marcus,http://ufcstats.com/fighter-details/182f2b78582de3d8,"70.0""",22,7,0,2.55,64.0,3.7,37.0,3.89,36.0,83.0,0.6,
David,http://ufcstats.com/fighter-details/49590e0508b2c19f,--,1,3,0,0.0,0.0,0.0,0.0,0.0,0.0,0.0,0.0,
Kyle,http://ufcstats.com/fighter-details/81ddc98fceb30086,--,0,3,0,0.0,0.0,0.0,0.0,0.0,0.0,0.0,0.0,
Natan,http://ufcstats.com/fighter-details/a29db9cd4f9ccea5,"71.0""",8,2,0,3.7,52.0,3.19,58.0,5.03,58.0,41.0,0.5,
John,http://ufcstats.com/fighter-details/4a01dc8376736ef5,--,3,4,3,0.0,0.0,4.0,66.0,0.0,0.0,0.0,0.0,
Derrick,http://ufcstats.com/fighter-details/d3df1add9d9a7efb,"79.0""",29,13,0,2.46,49.0,2.57,39.0,0.55,26.0,52.0,0.0,
Bevon,http://ufcstats.com/fighter-details/899923ff6ab13917,"79.0""",7,3,0,3.73,43.0,2.67,54.0,0.0,0.0,66.0,0.0,
Brandon,http://ufcstats.com/fighter-details/6623cb1c27025634,"70.0""",6,2,0,2.17,29.0,3.63,53.0,1.0,15.0,20.0,0.0,
Malik,http://ufcstats.com/fighter-details/f60dbe6e05489c4f,"75.0""",6,2,0,4.16,45.0,5.66,40.0,3.98,40.0,50.0,0.0,
Chi,http://ufcstats.com/fighter-details/a307a10414d0ad00,--,7,0,1,0.0,0.0,0.0,0.0,0.0,0.0,0.0,0.0,
Li,http://ufcstats.com/fighter-details/e64b96c07d7ce999,"71.0""",19,9,0,4.46,42.0,3.95,56.0,1.19,41.0,60.0,0.0,
Li,http://ufcstats.com/fighter-details/4c7afd56ef1947ac,"68.0""",9,5,0,0.53,29.0,2.55,35.0,0.0,0.0,50.0,0.0,
Liang,http://ufcstats.com/fighter-details/ec0dcceace7d25a3,"67.0""",19,8,0,1.99,42.0,3.95,36.0,3.6,58.0,25.0,0.5,
Jess,http://ufcstats.com/fighter-details/a8aba6fd8a463043,"72.0""",20,11,0,2.46,51.0,2.76,41.0,3.28,53.0,30.0,1.6,
Chuck,http://ufcstats.com/fighter-details/a390eb8a9b2df298,"76.0""",21,8,0,2.97,35.0,2.71,56.0,0.44,75.0,81.0,0.0,
Rodrigo,http://ufcstats.com/fighter-details/11b5a809c3120e27,"73.0""",12,3,0,0.97,50.0,0.0,100.0,0.0,0.0,50.0,0.0,
Sam,http://ufcstats.com/fighter-details/421ccfc6ddb17958,--,12,10,0,0.82,60.0,7.36,51.0,0.0,0.0,66.0,0.0,
Zach,http://ufcstats.com/fighter-details/5d7c18191b8aa432,--,9,11,0,0.81,33.0,1.9,48.0,1.36,100.0,0.0,0.0,
Scott,http://ufcstats.com/fighter-details/998c8890a8dde1eb,--,6,2,0,2.91,21.0,4.24,49.0,0.0,0.0,0.0,0.0,
Chris,http://ufcstats.com/fighter-details/0e31bfd26cc8c503,--,15,10,0,0.29,33.0,1.44,0.0,0.0,0.0,50.0,0.0,
Donnie,http://ufcstats.com/fighter-details/a1bf037613180253,--,17,7,0,2.25,41.0,1.75,65.0,2.5,28.0,0.0,1.2,
Jae Suk,http://ufcstats.com/fighter-details/bbb15f301e4a490a,--,17,6,0,2.43,50.0,4.05,37.0,12.16,100.0,100.0,0.0,
Hyun Gyu,http://ufcstats.com/fighter-details/203c957eac95dd87,"77.0""",13,7,1,4.45,41.0,5.07,51.0,0.23,100.0,73.0,0.2,
Gwan Woo,http://ufcstats.com/fighter-details/a53657e43b00614e,--,5,1,0,0.0,0.0,0.0,0.0,0.0,0.0,0.0,0.0,
Juliana,http://ufcstats.com/fighter-details/75a6a390fd5dca46,"65.0""",9,5,0,1.94,44.0,2.11,55.0,1.72,31.0,70.0,0.0,
Dhiego,http://ufcstats.com/fighter-details/e9213f53ddeca978,"75.0""",17,9,0,3.12,39.0,3.88,58.0,1.26,34.0,73.0,0.6,
Douglas,http://ufcstats.com/fighter-details/264111bf62662fbf,--,29,6,0,1.92,36.0,2.84,60.0,0.6,100.0,46.0,0.0,
Mabelly,http://ufcstats.com/fighter-details/6135fd9665fbb74e,--,7,1,0,3.07,63.0,5.67,44.0,0.0,0.0,100.0,0.0,
Andre,http://ufcstats.com/fighter-details/b1f21ce050035d58,"67.0""",11,0,0,4.06,60.0,2.49,57.0,1.36,75.0,75.0,1.1,
Felipe,http://ufcstats.com/fighter-details/9256f591b30c073e,"68.0""",14,2,0,2.86,45.0,2.91,64.0,2.18,27.0,85.0,0.7,
Miguel,http://ufcstats.com/fighter-details/18c49685296c60e6,--,2,4,0,6.51,50.0,8.84,36.0,0.0,0.0,0.0,0.0,
Emiliano,http://ufcstats.com/fighter-details/a4ef92274a45143d,"72.0""",8,2,0,1.17,28.0,3.59,26.0,0.0,0.0,33.0,0.0,
Matt,http://ufcstats.com/fighter-details/0e041d43a47d2e4b,"74.0""",22,9,0,2.62,50.0,1.56,52.0,3.01,48.0,60.0,1.3,
Jake,http://ufcstats.com/fighter-details/33e00249ef08d3a4,--,12,7,0,3.44,52.0,4.01,46.0,0.65,33.0,50.0,0.0,
John,http://ufcstats.com/fighter-details/c268b2cfebccf652,"67.0""",31,9,0,5.36,40.0,4.27,56.0,0.56,58.0,67.0,0.6,
Austin,http://ufcstats.com/fighter-details/305d73ede05e31ad,"70.0""",9,3,0,3.86,37.0,4.86,57.0,0.43,66.0,75.0,0.0,
Lucio,http://ufcstats.com/fighter-details/a780d16cf7eed44d,--,19,8,0,0.99,22.0,3.47,34.0,1.86,50.0,50.0,1.9,
Philipe,http://ufcstats.com/fighter-details/53c943c873cffe90,"78.0""",18,5,0,3.8,49.0,3.59,46.0,1.65,33.0,100.0,0.0,
Tainara,http://ufcstats.com/fighter-details/2c5f5749569eef66,"67.0""",7,4,0,2.01,44.0,2.88,45.0,1.67,31.0,53.0,0.3,
Dean,http://ufcstats.com/fighter-details/68c6cd5287b473a7,"75.0""",13,7,0,1.26,35.0,1.89,61.0,1.58,15.0,50.0,1.1,
Wesley,http://ufcstats.com/fighter-details/008c6e1a25751575,--,4,8,0,0.0,0.0,0.0,0.0,0.0,0.0,0.0,0.0,
Adam,http://ufcstats.com/fighter-details/515890922fe9ce96,"71.0""",6,1,0,0.36,33.0,1.08,0.0,0.0,0.0,60.0,0.0,
James,http://ufcstats.com/fighter-details/93b2b7caa457cbea,"73.0""",14,5,0,5.57,41.0,4.12,57.0,0.0,0.0,54.0,0.0,
Abner,http://ufcstats.com/fighter-details/6448e57a9533b7e4,--,20,9,1,6.27,49.0,6.87,43.0,2.0,20.0,0.0,0.0,
Brian,http://ufcstats.com/fighter-details/7abce81b72fbbd9b,--,6,10,3,3.87,42.0,0.0,0.0,0.0,0.0,66.0,0.0,
John,http://ufcstats.com/fighter-details/31652c9267606d54,--,5,9,4,0.0,0.0,0.0,0.0,0.0,0.0,0.0,0.0,
Artem,http://ufcstats.com/fighter-details/02f2a9702ba3d167,"65.0""",13,15,1,3.52,41.0,4.82,50.0,0.39,25.0,52.0,0.0,
Dylan,http://ufcstats.com/fighter-details/9caa254991a5a698,"72.0""",6,2,0,1.31,53.0,3.31,52.0,2.31,40.0,28.0,1.2,
Ryan,http://ufcstats.com/fighter-details/d5bab53a1a603aac,"76.0""",8,3,0,5.1,69.0,2.46,50.0,1.37,14.0,100.0,1.4,
Sean,http://ufcstats.com/fighter-details/d3d1ff3f3dfa0931,--,31,5,0,0.0,0.0,0.0,0.0,0.0,0.0,0.0,0.0,
Christian,http://ufcstats.com/fighter-details/4ab36d70d1b28b58,"77.0""",4,2,0,5.27,49.0,6.93,44.0,0.0,0.0,0.0,2.0,
David,http://ufcstats.com/fighter-details/22e47b53e4ceb27c,"76.0""",23,11,0,1.59,44.0,3.64,43.0,0.43,42.0,36.0,0.1,
Hector,http://ufcstats.com/fighter-details/db1f2ed63b54b9a7,"71.0""",34,10,1,3.02,46.0,3.35,53.0,1.69,48.0,77.0,0.5,
Michael,http://ufcstats.com/fighter-details/6d6b9a6cb063b60d,"72.0""",11,2,0,1.47,62.0,2.63,31.0,2.5,21.0,60.0,0.0,
Rocky,http://ufcstats.com/fighter-details/10e04e5e81f391a0,--,21,37,1,0.0,0.0,0.0,0.0,0.0,0.0,0.0,0.0,
Thomas,http://ufcstats.com/fighter-details/989be26791d0aad4,--,6,1,0,0.0,0.0,0.0,0.0,0.0,0.0,0.0,0.0,
Loma,http://ufcstats.com/fighter-details/4e30e4250cb08b61,"61.0""",10,4,0,3.67,55.0,2.52,53.0,1.81,50.0,68.0,0.1,
Ange,http://ufcstats.com/fighter-details/1497e735d9f2560a,"74.0""",10,5,0,5.46,46.0,6.59,52.0,2.53,39.0,83.0,0.2,
Lucas,http://ufcstats.com/fighter-details/1f70dd67ad507990,--,29,19,0,0.0,0.0,0.0,0.0,0.0,0.0,0.0,0.0,
Dileno,http://ufcstats.com/fighter-details/8270c00fae24c922,--,19,3,0,2.37,36.0,3.33,53.0,2.5,31.0,100.0,1.5,
Diego,http://ufcstats.com/fighter-details/f166e93d04a8c274,"72.0""",27,8,0,3.83,47.0,4.56,45.0,0.88,50.0,68.0,1.4,
Bruno,http://ufcstats.com/fighter-details/0abcf6bc47191219,"74.0""",14,3,0,2.88,43.0,4.21,54.0,1.93,21.0,100.0,0.0,
Arthur,http://ufcstats.com/fighter-details/2aa481e98185e261,"77.0""",6,2,0,9.74,41.0,14.87,45.0,0.0,0.0,0.0,0.0,
Ivan,http://ufcstats.com/fighter-details/0db9d2486d564a3c,--,14,3,1,0.9,26.0,2.24,65.0,0.0,0.0,30.0,0.0,
Steve,http://ufcstats.com/fighter-details/6085ceb59087514b,--,13,6,1,1.39,24.0,2.69,62.0,0.0,0.0,37.0,0.0,
Federico,http://ufcstats.com/fighter-details/9681e0ce67dc978b,--,10,6,0,1.78,23.0,5.35,30.0,0.0,0.0,0.0,0.0,
Jorge,http://ufcstats.com/fighter-details/ee624ee2a18f2a43,--,11,5,0,2.47,59.0,2.57,50.0,3.5,41.0,81.0,0.0,
Christopher,http://ufcstats.com/fighter-details/5148a665aa527865,--,9,1,0,0.0,0.0,0.0,0.0,0.0,0.0,0.0,0.0,
Matthew,http://ufcstats.com/fighter-details/2fc7e9701642ca38,"69.0""",10,4,0,3.13,50.0,3.73,55.0,3.32,60.0,71.0,1.3,
Benito,http://ufcstats.com/fighter-details/773f7feacf96153e,"73.0""",10,2,0,4.39,45.0,5.18,56.0,0.0,0.0,73.0,0.3,
Gustavo,http://ufcstats.com/fighter-details/93b62c5f2ba18e51,"67.0""",12,6,1,2.48,40.0,3.87,57.0,1.74,41.0,31.0,0.7,
Alik,http://ufcstats.com/fighter-details/92b5f4ee9ff40321,"77.0""",6,2,0,2.0,33.0,32.0,11.0,0.0,0.0,0.0,0.0,
Brendan,http://ufcstats.com/fighter-details/b788862dd1c11eac,"70.0""",17,3,0,6.23,63.0,6.7,53.0,1.5,30.0,92.0,0.0,
Nate,http://ufcstats.com/fighter-details/cbf94e4c4af4ff6d,--,11,2,0,1.81,40.0,4.11,59.0,0.0,0.0,0.0,2.1,
Caolan,http://ufcstats.com/fighter-details/42ac4020cba261ad,"68.0""",10,2,0,4.73,42.0,5.2,52.0,3.0,34.0,87.0,0.0,
Rashard,http://ufcstats.com/fighter-details/e601d71cf8e5be22,--,4,1,0,0.0,0.0,0.0,0.0,0.0,0.0,0.0,0.0,
Ian,http://ufcstats.com/fighter-details/eea0274e153256a0,--,18,10,0,2.71,40.0,2.36,64.0,1.0,37.0,69.0,0.3,
Jakob,http://ufcstats.com/fighter-details/ad044be25c94dcfd,--,11,4,0,0.0,0.0,9.43,35.0,0.0,0.0,0.0,0.0,
Waylon,http://ufcstats.com/fighter-details/28f62d866c59c709,--,16,7,0,1.88,55.0,2.4,53.0,4.47,55.0,83.0,0.3,
Brandon,http://ufcstats.com/fighter-details/78ac94d54aa7f378,--,2,1,0,0.0,0.0,0.0,0.0,0.0,0.0,0.0,0.0,
Joe,http://ufcstats.com/fighter-details/86248c84834238e7,"73.0""",9,2,0,3.97,34.0,4.25,63.0,0.0,0.0,0.0,0.0,
Lu,http://ufcstats.com/fighter-details/a2d23e684b3db732,"69.0""",8,5,0,3.76,43.0,5.51,55.0,2.62,50.0,100.0,2.6,
Lu,http://ufcstats.com/fighter-details/dc1bfd47c3b21ad3,--,12,7,0,0.0,0.0,0.0,0.0,0.0,0.0,0.0,0.0,
Robert,http://ufcstats.com/fighter-details/96087e90d900f0ef,--,0,1,0,0.0,0.0,0.0,0.0,0.0,0.0,0.0,0.0,
Matt,http://ufcstats.com/fighter-details/668222c99c5c311d,--,15,3,0,1.27,48.0,3.93,40.0,1.0,10.0,0.0,0.0,
Cleber,http://ufcstats.com/fighter-details/9bdebbf2735d14c2,--,14,6,0,0.0,0.0,0.0,0.0,0.0,0.0,0.0,0.0,
Stephanie,http://ufcstats.com/fighter-details/1b35af4d1529adf6,"65.0""",7,2,1,5.2,42.0,3.04,64.0,1.3,71.0,80.0,0.3,
Iasmin,http://ufcstats.com/fighter-details/abcf2cc6efc42031,"66.0""",18,6,0,3.22,45.0,2.8,62.0,2.28,55.0,68.0,0.1,
Duane,http://ufcstats.com/fighter-details/84ac950d4c1722dd,"70.0""",21,14,0,4.62,44.0,3.05,57.0,0.43,25.0,59.0,0.1,
Lawrence,http://ufcstats.com/fighter-details/a1ad35b98a9136e5,"72.0""",8,1,0,3.72,39.0,3.32,60.0,5.3,40.0,100.0,0.0,
Mike,http://ufcstats.com/fighter-details/e26882820f9e8df5,--,8,3,0,2.48,36.0,4.84,40.0,1.18,11.0,0.0,0.6,
Juan Andres,http://ufcstats.com/fighter-details/1fd9f744105024a8,"72.0""",12,1,0,3.27,31.0,3.0,65.0,0.0,0.0,0.0,0.0,
Paula,http://ufcstats.com/fighter-details/5b1effb0db45273a,"62.0""",5,3,0,0.65,50.0,6.2,17.0,0.0,0.0,0.0,0.0,
Santiago,http://ufcstats.com/fighter-details/faf317c665546a36,"74.0""",8,0,0,8.2,54.0,3.82,71.0,4.21,83.0,50.0,0.8,
Dalcha,http://ufcstats.com/fighter-details/ce632027bf2a871b,"76.0""",11,6,0,3.07,45.0,3.93,52.0,2.14,45.0,77.0,0.0,
Alexandru,http://ufcstats.com/fighter-details/4887e5bc4dbb73ff,--,14,4,0,3.61,66.0,7.22,40.0,0.0,0.0,0.0,0.0,
Vicente,http://ufcstats.com/fighter-details/6d4b63c767106d3a,"75.0""",24,12,1,4.8,50.0,5.24,51.0,0.89,48.0,59.0,0.7,
Thaddeus,http://ufcstats.com/fighter-details/505934897b8b4824,--,0,1,0,0.0,0.0,0.0,0.0,0.0,0.0,0.0,0.0,
Travis,http://ufcstats.com/fighter-details/622f015c81a9b13a,"75.0""",10,6,0,0.41,32.0,2.42,42.0,1.95,24.0,30.0,0.7,
Joilton,http://ufcstats.com/fighter-details/12630a4aa0894da8,"75.0""",38,9,0,0.0,0.0,0.0,0.0,0.0,0.0,0.0,0.0,
Tucker,http://ufcstats.com/fighter-details/7832f2f62f04178f,"72.0""",12,4,0,3.74,46.0,3.25,44.0,1.99,44.0,69.0,0.2,
Lv,http://ufcstats.com/fighter-details/5a4913108a3b9190,"67.0""",16,6,0,0.0,0.0,0.0,0.0,0.0,0.0,0.0,0.0,
Stevie,http://ufcstats.com/fighter-details/710d93f1508f7104,--,5,2,0,2.47,25.0,7.06,41.0,0.0,0.0,0.0,0.0,
Adam,http://ufcstats.com/fighter-details/edfe95e3c33a4bf8,--,17,10,0,1.47,63.0,6.95,10.0,0.0,0.0,50.0,0.0,
Chris,http://ufcstats.com/fighter-details/91acd6910b802a9e,"68.0""",31,18,5,3.76,45.0,3.03,58.0,0.7,55.0,55.0,2.4,
Dong Hyun,http://ufcstats.com/fighter-details/98a6b2361045898f,"70.0""",16,11,3,2.84,41.0,4.1,54.0,1.27,53.0,33.0,0.0,
Pawan,http://ufcstats.com/fighter-details/450bacdacd706bcd,"70.0""",7,3,1,0.89,44.0,2.98,43.0,0.0,0.0,0.0,0.0,
William,http://ufcstats.com/fighter-details/ed74afc8b5b47a61,"75.0""",9,3,0,4.92,54.0,3.96,65.0,1.85,45.0,78.0,0.0,
Jason,http://ufcstats.com/fighter-details/2be6596a9db33bf5,"80.0""",25,16,0,1.55,52.0,2.7,46.0,1.43,16.0,35.0,2.0,
Rob,http://ufcstats.com/fighter-details/f3388d2cf7ab3f64,"78.0""",5,4,0,1.8,50.0,2.04,46.0,7.19,80.0,80.0,5.4,
Rory,http://ufcstats.com/fighter-details/cbd5d3cdd862e90e,"76.0""",19,4,0,3.75,42.0,2.8,62.0,1.77,47.0,88.0,0.4,
Ryan,http://ufcstats.com/fighter-details/35e1f9984ed64206,"71.0""",10,2,0,2.28,29.0,6.49,45.0,0.0,0.0,0.0,0.0,
Clayton,http://ufcstats.com/fighter-details/39831e62d12e7ad1,--,4,1,0,1.33,52.0,1.82,55.0,1.05,33.0,37.0,0.0,
Ilima,http://ufcstats.com/fighter-details/8cf90e41646491fd,--,6,0,0,4.13,43.0,2.93,65.0,0.0,0.0,50.0,1.0,
Valesca,http://ufcstats.com/fighter-details/a1a91dbf41a029c4,"63.0""",8,3,0,2.4,32.0,2.87,64.0,0.0,0.0,76.0,0.0,
Caio,http://ufcstats.com/fighter-details/89839250eb25c9c1,"78.0""",8,4,1,5.82,53.0,2.87,63.0,0.0,0.0,82.0,0.0,
Ian,http://ufcstats.com/fighter-details/442c9011034ae1fd,"74.0""",17,1,0,4.78,54.0,2.86,52.0,0.92,31.0,80.0,0.4,
Lyoto,http://ufcstats.com/fighter-details/f7a7f7118d4b01b6,"74.0""",24,8,0,2.59,53.0,1.57,61.0,1.21,65.0,75.0,0.4,
War,http://ufcstats.com/fighter-details/cd7bafbeee1f29a0,--,14,5,0,2.32,60.0,3.17,43.0,1.16,50.0,40.0,0.0,
Anthony,http://ufcstats.com/fighter-details/dedc3bb440d09554,--,26,18,0,0.0,0.0,0.0,0.0,0.0,0.0,0.0,0.0,
Pauline,http://ufcstats.com/fighter-details/e88b83dea18f5d31,"64.0""",4,1,0,0.8,29.0,4.6,42.0,2.0,18.0,0.0,0.0,
Reza,http://ufcstats.com/fighter-details/e25bcbcdaf6537a1,"73.0""",14,6,0,2.51,46.0,3.31,66.0,3.17,33.0,89.0,0.5,
Don,http://ufcstats.com/fighter-details/68c7ad953455c73f,"72.0""",9,3,1,2.08,52.0,0.74,67.0,2.22,25.0,80.0,0.7,
Ryan,http://ufcstats.com/fighter-details/a8d521d913df4e31,--,5,3,0,0.0,0.0,3.35,47.0,0.0,0.0,0.0,0.0,
Victor,http://ufcstats.com/fighter-details/cc63a5f0089d8ba9,"71.0""",15,5,0,2.31,38.0,9.56,50.0,0.0,0.0,0.0,0.0,
Jon,http://ufcstats.com/fighter-details/7691a80e6ca3e55b,"72.0""",8,2,0,2.46,41.0,1.18,81.0,1.32,71.0,70.0,0.0,
Mark,http://ufcstats.com/fighter-details/da0995f19b749cfa,"72.0""",12,2,0,3.56,49.0,3.97,52.0,2.86,66.0,62.0,0.0,
Yoshiro,http://ufcstats.com/fighter-details/a4bf17bd3ba3423b,"68.0""",35,16,5,2.36,33.0,2.55,63.0,2.93,51.0,50.0,0.7,
Leonardo,http://ufcstats.com/fighter-details/8bbc0cfc01bc1ba1,"70.0""",13,4,0,4.55,48.0,4.38,43.0,2.12,83.0,69.0,0.4,
Vinny,http://ufcstats.com/fighter-details/88a9bc81271ccd89,"75.0""",14,9,0,2.14,24.0,3.97,68.0,1.55,44.0,66.0,0.8,
Vinicius,http://ufcstats.com/fighter-details/1b583c64c23f0c7f,--,2,1,0,0.0,0.0,0.0,0.0,0.0,0.0,0.0,0.0,
Caio,http://ufcstats.com/fighter-details/0c5c66ddd1886b83,"73.0""",10,3,0,2.27,40.0,2.78,56.0,1.05,15.0,58.0,1.6,
Bernardo,http://ufcstats.com/fighter-details/7a613f78dd7ee8f8,--,13,4,0,1.8,27.0,3.37,68.0,0.0,0.0,0.0,0.5,
Eric,http://ufcstats.com/fighter-details/8db1b36dde268ef6,--,1,1,0,0.0,0.0,0.0,0.0,0.0,0.0,0.0,0.0,
Brandon,http://ufcstats.com/fighter-details/2015c944226ad2df,--,6,2,0,0.0,0.0,0.0,0.0,0.0,0.0,0.0,0.0,
Angela,http://ufcstats.com/fighter-details/bd878a638e0e3be3,"65.0""",11,9,0,1.53,28.0,4.92,42.0,0.4,25.0,28.0,0.4,
Neil,http://ufcstats.com/fighter-details/84b3e7d38f2d2ec5,"80.0""",31,15,0,3.4,46.0,2.44,51.0,2.17,39.0,55.0,0.3,
Raimond,http://ufcstats.com/fighter-details/d16373b3568678d4,"75.0""",10,2,0,4.07,41.0,4.75,41.0,0.0,0.0,0.0,0.0,
Ibragim,http://ufcstats.com/fighter-details/e7e970d508529bf3,--,22,8,1,0.26,4.0,3.86,42.0,0.0,0.0,0.0,0.0,
Rashid,http://ufcstats.com/fighter-details/7ea1f74cef32f906,"70.0""",20,2,0,4.4,49.0,3.05,54.0,0.67,57.0,89.0,0.2,
Ruslan,http://ufcstats.com/fighter-details/369e1ce458ef50a6,"78.0""",14,1,0,4.02,47.0,1.47,66.0,0.33,100.0,88.0,0.0,
Abus,http://ufcstats.com/fighter-details/36b8f265bcd1b7a4,"78.0""",28,7,1,3.07,49.0,3.43,55.0,2.61,59.0,100.0,0.4,
Shara,http://ufcstats.com/fighter-details/06734ca9d88dec3a,"73.0""",16,1,0,5.93,62.0,3.85,43.0,0.0,0.0,71.0,0.0,
Murtazali,http://ufcstats.com/fighter-details/d436f5d55156a521,"70.0""",10,0,0,5.57,40.0,1.86,84.0,0.0,0.0,0.0,0.0,
Zabit,http://ufcstats.com/fighter-details/87aa9fb63d6b51a1,"73.0""",18,1,0,4.89,48.0,3.0,64.0,5.22,56.0,77.0,0.8,
John,http://ufcstats.com/fighter-details/1a7745388839e52b,"69.0""",24,9,0,1.41,41.0,2.44,65.0,2.8,46.0,77.0,1.1,
Lolohea,http://ufcstats.com/fighter-details/fb0b6593cec84356,--,10,4,1,1.71,29.0,6.92,40.0,2.44,40.0,0.0,0.0,
Michelle,http://ufcstats.com/fighter-details/118463dd8db16e7f,--,1,2,0,0.0,0.0,0.0,0.0,0.0,0.0,0.0,0.0,
,http://ufcstats.com/fighter-details/8c1ca54b5089d199,"71.0""",10,5,0,3.96,31.0,5.96,51.0,0.0,0.0,47.0,0.0,
Bill,http://ufcstats.com/fighter-details/ae58685caf8e4a0d,--,20,7,1,1.54,85.0,3.59,17.0,0.0,0.0,0.0,3.9,
Klayton,http://ufcstats.com/fighter-details/7a9c1bb08a743d7f,--,8,3,0,1.53,42.0,1.02,63.0,3.83,100.0,0.0,7.7,
Demian,http://ufcstats.com/fighter-details/427b5953ac8e3a27,"72.0""",28,11,0,1.8,43.0,2.07,63.0,2.49,24.0,61.0,1.0,
Jennifer,http://ufcstats.com/fighter-details/8e1f36476ef02a6a,"64.0""",21,10,1,4.35,38.0,4.52,55.0,0.42,27.0,58.0,0.1,
Nayara,http://ufcstats.com/fighter-details/03b1b79b34eaf217,"66.0""",7,1,1,0.6,36.0,3.33,43.0,1.0,33.0,0.0,1.0,
Roshan,http://ufcstats.com/fighter-details/b301292b1bc92bdb,--,6,3,0,0.0,0.0,0.0,0.0,0.0,0.0,0.0,0.0,
Levan,http://ufcstats.com/fighter-details/938ad489fb7a1f31,"68.0""",15,2,1,2.87,54.0,2.07,61.0,3.67,42.0,85.0,0.0,
John,http://ufcstats.com/fighter-details/c21a036b4e012f1c,"68.0""",18,9,0,5.52,49.0,4.15,68.0,0.0,0.0,86.0,0.0,
Islam,http://ufcstats.com/fighter-details/275aca31f61ba28c,"70.0""",28,1,0,2.45,58.0,1.45,61.0,3.1,56.0,91.0,1.0,
Aliev,http://ufcstats.com/fighter-details/3d481aa374c954a1,--,0,1,0,1.12,30.0,2.24,36.0,2.1,50.0,0.0,0.0,
Zach,http://ufcstats.com/fighter-details/57ab4d7c0bc09a30,"64.0""",20,8,0,1.94,43.0,2.24,62.0,3.71,30.0,56.0,0.3,
Azat,http://ufcstats.com/fighter-details/7f1bf0c255ec8756,"70.0""",15,3,0,2.75,27.0,4.25,52.0,3.5,31.0,85.0,0.2,
Jeremy,http://ufcstats.com/fighter-details/110404b505fb562c,--,4,2,0,0.0,0.0,0.0,0.0,0.0,0.0,0.0,0.0,
Fabio,http://ufcstats.com/fighter-details/1fb80f46d3c105d9,"75.0""",23,11,0,5.29,58.0,4.31,53.0,0.44,57.0,61.0,0.6,
Marvin,http://ufcstats.com/fighter-details/e5ce754b01f922be,--,2,4,0,0.87,56.0,3.47,43.0,0.0,0.0,20.0,0.0,
Bea,http://ufcstats.com/fighter-details/b60c980f79b87ce8,"74.0""",4,1,0,6.84,46.0,6.96,62.0,0.0,0.0,78.0,1.1,
Nazareno,http://ufcstats.com/fighter-details/d38e8c6ae2dfc051,--,28,4,0,3.87,34.0,3.27,69.0,1.0,33.0,0.0,0.0,
Carl,http://ufcstats.com/fighter-details/a314687f372b2cec,--,6,4,0,0.0,0.0,0.0,0.0,0.0,0.0,0.0,0.0,
Jacob,http://ufcstats.com/fighter-details/d4270315cbcf2569,"73.0""",10,3,0,4.23,56.0,2.33,55.0,5.39,42.0,55.0,0.8,
Mike,http://ufcstats.com/fighter-details/dd6103dd7127db1d,"73.0""",14,2,1,4.02,48.0,3.09,56.0,1.63,50.0,57.0,0.7,
Dan,http://ufcstats.com/fighter-details/eefc73b53d4a05d7,--,0,0,0,0.0,0.0,0.0,0.0,0.0,0.0,0.0,0.0,
Troy,http://ufcstats.com/fighter-details/725a834930c2b5bf,--,3,2,0,3.52,56.0,4.71,63.0,3.1,66.0,57.0,0.0,
Nate,http://ufcstats.com/fighter-details/6e9f40c706f91f32,"72.0""",16,3,0,3.14,50.0,3.88,42.0,0.68,75.0,80.0,0.7,
Michael,http://ufcstats.com/fighter-details/9297ce6eee046f7a,--,0,3,0,1.94,33.0,4.52,46.0,19.35,50.0,100.0,0.0,
Gary,http://ufcstats.com/fighter-details/1c0ffc63d8ec8f45,--,15,3,0,0.0,0.0,0.0,0.0,0.0,0.0,0.0,0.0,
George,http://ufcstats.com/fighter-details/122ae3b34275fbb2,"70.0""",7,1,0,0.93,51.0,0.27,77.0,0.0,0.0,0.0,2.0,
Melvin,http://ufcstats.com/fighter-details/e5767ed355a937c2,--,30,14,1,3.52,48.0,2.64,51.0,0.33,25.0,78.0,0.0,
Melchor,http://ufcstats.com/fighter-details/b6c6d1731ff00eeb,--,2,4,0,1.58,54.0,5.79,15.0,0.0,0.0,0.0,0.0,
Jon,http://ufcstats.com/fighter-details/a0602dd050bebefc,--,9,4,0,1.13,20.0,4.33,45.0,1.0,7.0,20.0,0.0,
Steve,http://ufcstats.com/fighter-details/0eef1bf99afd4ff2,--,12,5,0,3.18,70.0,0.66,57.0,1.64,100.0,60.0,0.0,
Marnic,http://ufcstats.com/fighter-details/b6203e0492a9336c,"64.0""",6,3,0,1.47,41.0,5.08,31.0,1.9,33.0,25.0,0.4,
Dylan,http://ufcstats.com/fighter-details/e192ebb85b68fa9e,"73.0""",8,4,0,4.69,62.0,4.76,55.0,0.0,0.0,76.0,0.0,
Chris,http://ufcstats.com/fighter-details/a23e63184c65f5b8,--,9,7,2,2.53,40.0,2.67,66.0,1.0,20.0,100.0,0.0,
Jimi,http://ufcstats.com/fighter-details/1e1dbd1cc5a7469e,"79.0""",17,6,0,3.43,54.0,3.97,49.0,0.53,18.0,70.0,0.4,
Dom,http://ufcstats.com/fighter-details/530af2900b5a1693,"75.0""",9,3,0,3.43,56.0,2.31,44.0,1.84,50.0,62.0,0.3,
Cristiano,http://ufcstats.com/fighter-details/ff4c3ab594c7fac3,"72.0""",13,6,0,2.56,33.0,3.61,58.0,0.44,11.0,20.0,0.9,
Daniel,http://ufcstats.com/fighter-details/850266b3dc4e506e,"69.0""",18,1,0,4.9,53.0,3.79,61.0,1.35,52.0,85.0,0.1,
Jose,http://ufcstats.com/fighter-details/b35ba64b6a2bbcb3,--,37,7,0,3.2,53.0,3.98,52.0,2.32,27.0,33.0,2.3,
Marcos,http://ufcstats.com/fighter-details/72e5e5a6edfa8223,"76.0""",6,6,0,0.25,27.0,2.11,43.0,0.0,0.0,28.0,0.0,
Enrique,http://ufcstats.com/fighter-details/23a6e307077c6ccc,--,10,4,0,1.43,33.0,3.0,50.0,2.5,38.0,60.0,1.0,
Chepe,http://ufcstats.com/fighter-details/e0c6edcb5b5d0b90,"69.0""",18,7,0,4.14,55.0,2.66,52.0,2.34,39.0,59.0,0.2,
Ronny,http://ufcstats.com/fighter-details/bd21a1e3d41c97ee,"75.0""",17,5,0,2.17,53.0,2.43,45.0,3.13,40.0,100.0,0.5,
Rory,http://ufcstats.com/fighter-details/23a16ebe733e3041,"71.0""",17,6,0,1.98,21.0,10.27,45.0,0.0,0.0,0.0,0.0,
Randa,http://ufcstats.com/fighter-details/4a57ebb14315b251,"63.0""",11,12,1,2.97,43.0,3.1,58.0,1.12,28.0,52.0,0.2,
Christina,http://ufcstats.com/fighter-details/c7be22a47a58365a,"69.0""",8,9,0,5.0,58.0,3.0,64.0,7.5,100.0,0.0,0.0,
Brendon,http://ufcstats.com/fighter-details/d7fe8c6b7d2872e5,"70.0""",8,3,0,0.41,50.0,5.7,28.0,0.0,0.0,0.0,0.0,
Nate,http://ufcstats.com/fighter-details/a8e6a69796280f17,"74.0""",35,19,2,2.71,49.0,2.32,55.0,1.87,51.0,70.0,0.8,
Danilo,http://ufcstats.com/fighter-details/687c15b2eddfaa63,"77.0""",11,4,0,1.44,79.0,2.52,52.0,3.93,28.0,0.0,0.8,
Julian,http://ufcstats.com/fighter-details/d0e1b42d41dab603,"72.0""",9,6,0,5.06,45.0,5.35,50.0,0.0,0.0,54.0,2.6,
Carmelo,http://ufcstats.com/fighter-details/aa03a3ca00ac6827,"73.0""",16,6,0,0.84,34.0,2.04,54.0,3.21,36.0,36.0,0.9,
Cesar,http://ufcstats.com/fighter-details/e8efeb9cf33b1941,--,3,2,0,0.0,0.0,0.0,0.0,0.0,0.0,0.0,0.0,
John,http://ufcstats.com/fighter-details/b6b12014698cc345,--,8,7,0,0.83,42.0,2.23,40.0,0.43,100.0,54.0,0.4,
CJ,http://ufcstats.com/fighter-details/4c91eb190d5e0dd9,--,5,7,0,0.0,0.0,0.0,0.0,0.0,0.0,0.0,0.0,
Eliot,http://ufcstats.com/fighter-details/a08d909a5be6f410,"77.0""",10,4,0,1.93,27.0,2.39,67.0,0.47,33.0,79.0,0.9,
Doug,http://ufcstats.com/fighter-details/0c1773639c795466,--,18,8,0,6.99,46.0,4.02,60.0,0.0,0.0,66.0,2.4,
David,http://ufcstats.com/fighter-details/0a2813f89a758ff7,--,8,4,0,0.0,0.0,0.0,0.0,0.0,0.0,0.0,0.0,
Francis,http://ufcstats.com/fighter-details/5d495dec23d7c68e,"72.0""",10,3,0,3.19,34.0,3.45,55.0,2.71,47.0,88.0,0.5,
Jack,http://ufcstats.com/fighter-details/045f25b3a4c08e81,"73.0""",23,10,0,2.74,25.0,4.19,56.0,0.0,0.0,20.0,0.0,
Terry,http://ufcstats.com/fighter-details/6a92caba39b64752,"71.0""",23,11,0,2.82,43.0,3.13,54.0,3.1,42.0,92.0,0.0,
Eric,http://ufcstats.com/fighter-details/abbc4fc02e0d84b3,--,0,1,0,0.0,0.0,0.0,0.0,0.0,0.0,0.0,0.0,
Justin,http://ufcstats.com/fighter-details/3da19339ee7051d5,--,4,3,0,0.0,0.0,0.0,0.0,0.0,0.0,0.0,0.0,
Dave,http://ufcstats.com/fighter-details/92c96df8bdab5fea,--,0,2,0,0.0,0.0,0.0,0.0,0.0,0.0,0.0,0.0,
Joe,http://ufcstats.com/fighter-details/325550dab63fb25a,--,6,8,0,0.73,40.0,2.4,45.0,0.0,0.0,16.0,0.0,
Anthony Rocco,http://ufcstats.com/fighter-details/5331b25a60417ffb,"73.0""",17,6,0,2.68,37.0,2.59,58.0,0.71,27.0,68.0,1.0,
Mallory,http://ufcstats.com/fighter-details/19b7738321cfae42,"63.0""",7,5,0,4.42,48.0,6.64,55.0,2.28,43.0,25.0,0.3,
Michal,http://ufcstats.com/fighter-details/9acf42aebe9bb895,--,7,1,0,2.45,53.0,4.29,51.0,0.0,0.0,0.0,0.0,
Adrian Luna,http://ufcstats.com/fighter-details/e3b30b573e7f0d19,"71.0""",17,2,0,8.8,58.0,9.3,47.0,2.0,33.0,100.0,0.0,
Rainy,http://ufcstats.com/fighter-details/577ec7e108b94be3,--,0,2,0,0.0,0.0,0.0,0.0,0.0,0.0,0.0,0.0,
Danny,http://ufcstats.com/fighter-details/8a9c6c4301f6d088,"67.0""",21,8,0,2.73,28.0,3.77,63.0,3.0,45.0,36.0,0.0,
Alonzo,http://ufcstats.com/fighter-details/feffee4fc6da3aa3,--,42,20,1,3.07,27.0,7.33,52.0,0.0,0.0,0.0,0.0,
Henry,http://ufcstats.com/fighter-details/76729a829623e266,"69.0""",9,4,0,2.79,25.0,4.01,60.0,0.0,0.0,80.0,0.0,
Jonathan,http://ufcstats.com/fighter-details/f2477cf43c4975cc,"70.0""",19,6,0,4.44,49.0,4.09,56.0,0.38,35.0,68.0,0.1,
Poppies,http://ufcstats.com/fighter-details/8851bb0418d27d28,--,29,11,0,2.88,50.0,2.16,51.0,1.54,33.0,50.0,9.2,
Andrew,http://ufcstats.com/fighter-details/f8c2aba4815876b5,--,9,6,0,3.4,31.0,2.3,47.0,1.5,50.0,0.0,0.0,
Mana,http://ufcstats.com/fighter-details/c0386644627a7ee5,"70.0""",10,4,0,4.33,48.0,4.94,50.0,0.72,42.0,25.0,0.5,
Victor,http://ufcstats.com/fighter-details/3e708ce33b6b18e6,"70.0""",13,6,0,7.94,51.0,7.66,53.0,0.7,33.0,80.0,0.0,
Roque,http://ufcstats.com/fighter-details/2c5a0b8317f8f27a,"72.0""",15,8,2,3.28,53.0,4.9,56.0,0.38,50.0,53.0,0.4,
Melissa,http://ufcstats.com/fighter-details/3f4c3bc822bea45d,"66.0""",8,2,0,3.78,47.0,5.21,53.0,0.35,50.0,50.0,0.0,
Julieta,http://ufcstats.com/fighter-details/f77afa72da84c9a8,"62.0""",8,0,0,2.53,44.0,3.6,41.0,5.0,45.0,100.0,0.0,
David,http://ufcstats.com/fighter-details/9a97acbfd5a08bfa,"67.0""",14,1,0,4.82,46.0,2.9,69.0,0.6,25.0,100.0,0.0,
Wagner da Conceicao,http://ufcstats.com/fighter-details/563d051c9e769b24,--,9,8,0,1.91,37.0,5.43,42.0,2.2,100.0,100.0,0.0,
Adriano,http://ufcstats.com/fighter-details/7dcf06c1967801c1,"72.0""",28,9,0,1.8,38.0,2.14,65.0,0.83,80.0,81.0,0.4,
Lucas,http://ufcstats.com/fighter-details/7413b80dbb0f8f9f,"72.0""",19,3,0,2.87,35.0,4.14,60.0,0.0,0.0,76.0,0.5,
Max,http://ufcstats.com/fighter-details/69d3fa376ff2595e,--,1,1,0,0.0,0.0,0.0,0.0,0.0,0.0,0.0,0.0,
Bristol,http://ufcstats.com/fighter-details/a17322f99ddfd8e9,"75.0""",16,10,0,1.42,21.0,4.4,47.0,1.6,33.0,14.0,0.0,
Shoji,http://ufcstats.com/fighter-details/c046100aea0dba9a,--,12,9,1,1.4,63.0,0.27,55.0,0.0,0.0,54.0,0.0,
Kazuma,http://ufcstats.com/fighter-details/aa1a873d05acc7eb,"72.0""",11,7,0,3.83,41.0,2.23,53.0,4.79,33.0,100.0,0.0,
Islem,http://ufcstats.com/fighter-details/6dedfe07640a9acc,"74.0""",3,1,0,0.68,20.0,3.88,15.0,0.0,0.0,100.0,0.0,
Mike,http://ufcstats.com/fighter-details/5b2d7906aa894274,"73.0""",13,9,0,2.08,45.0,3.59,54.0,2.74,24.0,50.0,1.4,
Jameel,http://ufcstats.com/fighter-details/883922e5cd6d8473,"72.0""",26,9,0,1.91,54.0,2.62,55.0,0.67,15.0,50.0,0.7,
Tiffany,http://ufcstats.com/fighter-details/ca743f96dd2063d5,"65.0""",2,1,0,3.53,62.0,2.58,50.0,3.06,60.0,0.0,0.0,
Jorge,http://ufcstats.com/fighter-details/47b9e0e7703a4868,"74.0""",35,17,0,4.05,47.0,3.05,64.0,1.38,59.0,72.0,0.3,
Al,http://ufcstats.com/fighter-details/eec3fe66a8b11a26,"67.0""",8,3,0,7.84,46.0,6.7,58.0,0.0,0.0,0.0,0.0,
Tateki,http://ufcstats.com/fighter-details/3a524c6700addc24,--,13,8,0,3.2,34.0,3.43,69.0,0.0,0.0,16.0,0.0,
Arisa,http://ufcstats.com/fighter-details/4c33b3d37955aa85,"64.0""",7,0,0,1.0,75.0,1.87,56.0,3.0,42.0,0.0,1.0,
Daijiro,http://ufcstats.com/fighter-details/cd42bbe8887bba90,--,13,29,7,0.84,45.0,1.69,55.0,1.83,30.0,43.0,0.4,
Toki,http://ufcstats.com/fighter-details/56cc76c55cee8410,"65.0""",6,1,0,0.0,0.0,0.0,0.0,0.0,0.0,0.0,0.0,
Koichiro,http://ufcstats.com/fighter-details/2fb6f197d1fbc779,--,15,3,1,1.9,26.0,3.5,31.0,0.0,0.0,0.0,0.0,
Jean,http://ufcstats.com/fighter-details/ffd3224638c01b57,"68.0""",17,2,0,5.37,39.0,5.41,47.0,3.0,48.0,56.0,0.5,
Koyomi,http://ufcstats.com/fighter-details/5ad226da6c74a48e,"66.0""",13,6,0,2.7,47.0,2.83,59.0,9.0,52.0,33.0,0.0,
Naoki,http://ufcstats.com/fighter-details/990060b2a68a7b82,--,12,16,11,3.3,32.0,2.2,63.0,1.5,100.0,0.0,0.0,
AJ,http://ufcstats.com/fighter-details/18e4f61f16f458c6,--,8,7,0,5.11,52.0,4.96,51.0,0.0,0.0,100.0,0.0,
Jake,http://ufcstats.com/fighter-details/a845f0735bc67405,"73.0""",22,8,0,3.34,43.0,2.62,60.0,1.44,41.0,64.0,0.8,
Connor,http://ufcstats.com/fighter-details/36e78278a77006d4,"71.0""",7,4,0,4.82,43.0,6.06,55.0,3.24,55.0,46.0,0.7,
Claudio,http://ufcstats.com/fighter-details/6e2b1d631832921d,--,5,4,0,0.0,0.0,3.53,0.0,0.0,0.0,0.0,0.0,
John,http://ufcstats.com/fighter-details/c933d423ebdbbbdb,--,1,4,0,0.0,0.0,0.0,0.0,0.0,0.0,0.0,0.0,
Francesco,http://ufcstats.com/fighter-details/d3b5ad3b15a64a18,--,0,1,0,0.0,0.0,0.0,0.0,0.0,0.0,0.0,0.0,
Vladimir,http://ufcstats.com/fighter-details/ccdd90bd1fc7dab6,"74.0""",27,8,0,1.9,44.0,1.62,59.0,3.25,46.0,70.0,0.1,
Miranda,http://ufcstats.com/fighter-details/f29a6350c69f4a33,"65.0""",17,6,0,3.22,44.0,2.25,61.0,2.16,40.0,45.0,0.4,
Nick,http://ufcstats.com/fighter-details/12585614e0ed2626,"76.0""",8,2,0,1.93,45.0,2.64,46.0,4.16,45.0,35.0,0.2,
Elaina,http://ufcstats.com/fighter-details/a16ce18149021139,--,7,4,0,2.07,60.0,2.4,53.0,0.0,0.0,50.0,1.0,
Jeremy,http://ufcstats.com/fighter-details/c32fdfe75cda5b22,--,13,10,0,0.0,0.0,0.0,0.0,0.0,0.0,0.0,0.0,
Jack,http://ufcstats.com/fighter-details/2c6e81426dd7573c,--,9,3,0,1.52,38.0,3.29,33.0,0.91,33.0,20.0,0.0,
Don'Tale,http://ufcstats.com/fighter-details/1a9480fc288e55d7,"81.0""",11,9,0,3.22,43.0,3.61,46.0,0.59,38.0,46.0,0.0,
Gray,http://ufcstats.com/fighter-details/7d96bc577e5178b2,"70.0""",13,7,1,1.92,32.0,2.64,66.0,2.91,47.0,81.0,0.7,
Brooke,http://ufcstats.com/fighter-details/1b41c21d947d6f2f,--,0,1,0,1.92,34.0,3.2,63.0,3.2,60.0,0.0,2.1,
Gina,http://ufcstats.com/fighter-details/016a8d958883167c,"68.0""",7,6,0,3.73,50.0,3.52,50.0,4.34,52.0,33.0,0.2,
Sabina,http://ufcstats.com/fighter-details/70d2329a92864fdb,"70.0""",9,4,0,6.1,43.0,4.35,57.0,0.65,80.0,59.0,0.2,
Francesco,http://ufcstats.com/fighter-details/7b3c13fe33556a21,"75.0""",4,1,0,1.83,44.0,0.75,65.0,3.23,50.0,0.0,0.0,
Scott,http://ufcstats.com/fighter-details/7e7d81bf162a5ec1,--,14,7,0,0.0,0.0,1.33,50.0,0.0,0.0,0.0,0.0,
Bobby,http://ufcstats.com/fighter-details/ef6f45095119d416,--,1,3,0,2.56,83.0,1.03,50.0,0.0,0.0,33.0,7.7,
Michael,http://ufcstats.com/fighter-details/443f60bec7c3c3d5,--,8,3,0,4.08,48.0,5.85,40.0,1.85,42.0,30.0,1.2,
Ian,http://ufcstats.com/fighter-details/701e057d63c124d9,"64.0""",13,5,1,3.59,39.0,3.25,67.0,2.08,30.0,88.0,0.0,
Molly,http://ufcstats.com/fighter-details/51018a31ddf31eb2,"62.0""",14,8,0,5.28,49.0,4.65,62.0,1.78,36.0,38.0,0.5,
Charles,http://ufcstats.com/fighter-details/da97d6c97d09c030,"71.0""",10,5,0,0.18,12.0,4.03,56.0,2.67,60.0,0.0,2.7,
Eric,http://ufcstats.com/fighter-details/9508cc6184cb2450,"77.0""",11,4,1,2.92,46.0,3.05,45.0,0.64,100.0,68.0,0.0,
Sean,http://ufcstats.com/fighter-details/008dc37cca279def,"81.0""",17,7,0,0.85,44.0,2.48,52.0,2.12,40.0,33.0,4.2,
Danni,http://ufcstats.com/fighter-details/2a9f9db24cd032ba,"62.0""",9,2,0,6.93,51.0,4.53,60.0,6.0,42.0,50.0,2.0,
Paddy,http://ufcstats.com/fighter-details/b43620395f655046,"73.0""",7,1,0,6.2,55.0,2.47,53.0,1.0,50.0,0.0,0.0,
Kris,http://ufcstats.com/fighter-details/baed16f18348908e,"76.0""",8,5,0,2.69,45.0,2.57,54.0,2.88,55.0,38.0,0.0,
Tamdan,http://ufcstats.com/fighter-details/eff47295daf721a6,"76.0""",14,5,0,2.07,49.0,1.6,46.0,2.28,50.0,33.0,2.5,
Rob,http://ufcstats.com/fighter-details/11e3fd7546359fc5,"69.0""",19,8,0,2.47,36.0,2.84,59.0,0.46,100.0,68.0,0.0,
Justin,http://ufcstats.com/fighter-details/75f871836d41f90f,"73.0""",11,5,2,1.58,37.0,2.02,46.0,1.28,44.0,43.0,0.0,
Robert,http://ufcstats.com/fighter-details/5cafbc97dba2e797,"75.0""",28,10,0,1.64,44.0,1.98,56.0,0.93,50.0,50.0,1.4,
Michael,http://ufcstats.com/fighter-details/d52ef694108f8235,--,1,1,0,0.0,0.0,0.4,50.0,0.0,0.0,0.0,0.0,
Scott,http://ufcstats.com/fighter-details/08ae3100bf2100ed,--,1,0,0,0.0,0.0,0.0,0.0,0.0,0.0,0.0,0.0,
Michael,http://ufcstats.com/fighter-details/d0314416a7f26527,"70.0""",17,4,0,2.69,42.0,2.76,57.0,1.09,66.0,52.0,1.4,
Josh,http://ufcstats.com/fighter-details/b507a76087e3ed9f,--,9,5,0,0.8,57.0,3.4,33.0,9.0,50.0,0.0,0.0,
Miles,http://ufcstats.com/fighter-details/a3f8356ace5e3eb5,--,2,1,0,5.1,45.0,4.0,43.0,0.0,0.0,100.0,1.0,
Justin,http://ufcstats.com/fighter-details/49c29e57d4e2be6f,--,6,4,0,4.59,26.0,12.79,41.0,0.0,0.0,0.0,0.0,
Drew,http://ufcstats.com/fighter-details/1fd4fbdcc67de844,"72.0""",12,7,0,5.13,51.0,4.56,52.0,1.42,100.0,56.0,0.7,
Liam,http://ufcstats.com/fighter-details/e4e0993befecdaf8,--,12,2,0,1.28,48.0,1.92,50.0,0.51,100.0,0.0,2.5,
Gan,http://ufcstats.com/fighter-details/d90b630e0561818b,--,13,5,0,2.2,29.0,2.31,59.0,0.65,25.0,83.0,0.0,
Court,http://ufcstats.com/fighter-details/523fa774700d7d3f,"75.0""",23,14,0,4.5,36.0,3.65,60.0,1.78,24.0,70.0,0.5,
Marcus,http://ufcstats.com/fighter-details/c0ac37a4a1133da9,"69.0""",10,2,0,5.5,45.0,3.64,57.0,0.31,14.0,90.0,0.3,
Ryan,http://ufcstats.com/fighter-details/1f9c371c93dfd3a9,--,12,0,1,1.27,20.0,2.2,52.0,0.0,0.0,44.0,0.0,
Ryan,http://ufcstats.com/fighter-details/856ec65948b7d234,--,13,7,0,2.22,29.0,2.22,57.0,0.0,0.0,0.0,0.0,
Jack,http://ufcstats.com/fighter-details/237187ed9f419285,--,1,4,0,0.0,0.0,0.0,0.0,0.0,0.0,0.0,0.0,
Conor,http://ufcstats.com/fighter-details/f4c49976c75c5ab2,"74.0""",22,6,0,5.32,49.0,4.66,54.0,0.67,55.0,66.0,0.1,
Greg,http://ufcstats.com/fighter-details/00a905a4a4a2b071,--,6,4,0,0.79,30.0,1.36,41.0,5.09,50.0,0.0,0.0,
Antonio,http://ufcstats.com/fighter-details/3414b50b08a10600,--,29,6,2,1.37,45.0,0.74,74.0,1.47,33.0,57.0,0.0,
AJ,http://ufcstats.com/fighter-details/f3ec0214794a699e,--,8,0,0,2.75,32.0,0.92,80.0,11.01,100.0,100.0,11.0,
Rhys,http://ufcstats.com/fighter-details/f748267c4ab6c127,"78.0""",14,7,1,4.71,40.0,7.15,47.0,0.0,0.0,47.0,0.0,
Cory,http://ufcstats.com/fighter-details/3351aa64aa83c4d9,"58.0""",8,4,0,2.94,38.0,3.68,46.0,2.0,47.0,75.0,0.4,
Tim,http://ufcstats.com/fighter-details/9ca265dfe8323db3,"74.0""",14,9,0,1.37,54.0,2.96,44.0,0.0,0.0,28.0,2.1,
Cody,http://ufcstats.com/fighter-details/7be63795363029e8,"72.0""",16,10,0,1.74,34.0,2.5,67.0,2.5,25.0,14.0,2.5,
Terrance,http://ufcstats.com/fighter-details/809bd1a871491508,"73.0""",18,8,0,6.53,55.0,3.45,43.0,3.31,40.0,72.0,2.1,
Brian,http://ufcstats.com/fighter-details/6488729da7ac1c79,--,6,2,0,0.0,0.0,0.0,0.0,0.0,0.0,0.0,0.0,
Jason,http://ufcstats.com/fighter-details/8336d7a85ce45481,--,6,7,0,0.0,0.0,0.0,0.0,0.0,0.0,0.0,0.0,
Garreth,http://ufcstats.com/fighter-details/f215cfbd4ba3c270,"72.0""",13,6,0,3.56,54.0,2.94,45.0,1.15,22.0,34.0,0.9,
Sara,http://ufcstats.com/fighter-details/7be74a12d7352df2,"66.0""",13,6,0,2.26,46.0,1.92,47.0,4.38,65.0,50.0,0.5,
Tommy,http://ufcstats.com/fighter-details/6b0a6def604de298,"74.0""",10,0,0,9.87,53.0,5.54,58.0,0.0,0.0,83.0,0.0,
James,http://ufcstats.com/fighter-details/cac08b8685387ca5,"77.0""",15,15,0,3.94,55.0,4.33,42.0,0.52,33.0,100.0,1.1,
Charles,http://ufcstats.com/fighter-details/acd8a53f7c0ce85e,--,3,0,0,0.0,0.0,0.0,0.0,0.0,0.0,0.0,0.0,
Jackson,http://ufcstats.com/fighter-details/3eeec2f53cebdf12,"77.0""",7,2,0,6.51,69.0,3.37,23.0,0.0,0.0,0.0,1.2,
Daniel,http://ufcstats.com/fighter-details/7b03d9df5910917d,--,15,37,0,3.36,77.0,0.0,0.0,0.0,0.0,100.0,21.6,
Tim,http://ufcstats.com/fighter-details/4b47e71384a9522f,"75.0""",33,17,1,5.04,49.0,3.65,60.0,1.14,40.0,64.0,0.2,
Yancy,http://ufcstats.com/fighter-details/813550bc53b15fb0,"75.0""",15,8,0,4.36,37.0,5.67,47.0,0.33,50.0,73.0,0.7,
Anistavio,http://ufcstats.com/fighter-details/2937cb502dda0808,--,19,10,0,3.64,44.0,5.0,47.0,0.0,0.0,0.0,0.0,
Kaline,http://ufcstats.com/fighter-details/263af068bd986548,--,8,5,0,2.06,70.0,0.29,83.0,4.41,100.0,0.0,4.4,
MarQuel,http://ufcstats.com/fighter-details/e2be0c1a9b886d92,"69.0""",11,1,1,5.46,58.0,4.58,52.0,0.23,8.0,82.0,0.0,
Uros,http://ufcstats.com/fighter-details/681399317dbf4701,"71.0""",13,3,0,5.59,60.0,3.42,56.0,0.34,50.0,55.0,0.0,
Todd,http://ufcstats.com/fighter-details/b60391da771deefe,--,11,9,0,0.0,0.0,0.0,0.0,0.0,0.0,0.0,0.0,
Jason,http://ufcstats.com/fighter-details/f53fb9d9e57cc38e,--,21,15,1,0.0,0.0,0.0,0.0,0.0,0.0,0.0,0.0,
Emil,http://ufcstats.com/fighter-details/103b06d8707895a9,"74.0""",9,5,1,2.52,39.0,2.53,38.0,0.25,33.0,47.0,1.0,
Sanford Alton,http://ufcstats.com/fighter-details/27c59ac201539d10,"75.0""",1,1,0,0.71,42.0,4.47,38.0,7.06,25.0,0.0,0.0,
Gerald,http://ufcstats.com/fighter-details/6ac9bc2953c47345,"77.0""",37,22,0,2.95,45.0,3.44,53.0,1.7,29.0,40.0,1.5,
Frank,http://ufcstats.com/fighter-details/c0a93b52096b7682,--,2,3,0,1.14,21.0,5.32,54.0,0.0,0.0,0.0,0.0,
Derrick,http://ufcstats.com/fighter-details/6c7dafd03b6cc3f8,--,19,9,0,1.93,14.0,4.53,48.0,1.0,16.0,0.0,0.0,
Miika,http://ufcstats.com/fighter-details/41dca66f9dadfc86,--,3,5,0,0.33,12.0,7.29,24.0,0.0,0.0,0.0,0.0,
Jordan,http://ufcstats.com/fighter-details/2aa49b3766a59bcd,"73.0""",31,12,0,3.35,44.0,2.55,69.0,1.56,58.0,66.0,0.2,
Bryce,http://ufcstats.com/fighter-details/6eae26c44e505775,--,3,1,0,3.49,62.0,6.98,50.0,0.0,0.0,0.0,0.0,
Brian,http://ufcstats.com/fighter-details/eee7dafac7d672b5,--,7,3,0,4.18,49.0,3.64,64.0,2.02,100.0,66.0,0.0,
Brandon,http://ufcstats.com/fighter-details/2b06b6ad5db63348,--,25,25,0,0.84,26.0,0.56,63.0,0.0,0.0,25.0,0.0,
Gilbert,http://ufcstats.com/fighter-details/aa5b4eff51bdc7d1,"73.0""",22,8,0,3.44,33.0,2.53,63.0,1.64,41.0,71.0,0.2,
Nair,http://ufcstats.com/fighter-details/64b8561624d3b15e,--,11,0,0,0.0,0.0,0.0,0.0,0.0,0.0,0.0,0.0,
Marcelo,http://ufcstats.com/fighter-details/672ef06fd9f41f7d,--,1,0,0,0.0,0.0,0.0,0.0,0.0,0.0,0.0,0.0,
Fabio,http://ufcstats.com/fighter-details/8a028648f3f0761d,--,11,8,0,0.86,35.0,3.94,50.0,0.0,0.0,0.0,0.0,
Vanessa,http://ufcstats.com/fighter-details/9b7dfb3b7d99926a,"65.0""",11,8,0,3.48,30.0,6.13,59.0,0.0,0.0,71.0,0.0,
Antonio,http://ufcstats.com/fighter-details/3795fca327cbcf23,"77.0""",18,13,0,1.34,47.0,6.85,22.0,2.51,50.0,100.0,0.0,
Chad,http://ufcstats.com/fighter-details/b5b684eac99ae0a3,"66.0""",18,5,0,2.78,49.0,2.35,67.0,4.13,55.0,100.0,0.3,
Augusto,http://ufcstats.com/fighter-details/3d5b1ce6097dbb49,"65.0""",6,2,0,2.42,34.0,3.91,56.0,1.75,33.0,80.0,0.0,
Eddie,http://ufcstats.com/fighter-details/49e49b54e5901d0d,--,8,3,1,1.71,33.0,3.43,11.0,0.0,0.0,0.0,0.0,
Mateus,http://ufcstats.com/fighter-details/48812daf291a4e23,"71.0""",10,3,0,1.66,40.0,4.14,30.0,2.54,27.0,55.0,0.4,
Luis,http://ufcstats.com/fighter-details/28200bc87367614f,--,0,1,0,0.0,0.0,0.0,0.0,0.0,0.0,0.0,0.0,
Pietro,http://ufcstats.com/fighter-details/869d68b5383131fd,"68.0""",13,0,0,0.0,0.0,0.0,0.0,0.0,0.0,0.0,0.0,
Alonzo,http://ufcstats.com/fighter-details/a495f599e787614f,"76.0""",17,6,1,3.77,53.0,3.81,50.0,0.5,31.0,78.0,0.2,
Ivan,http://ufcstats.com/fighter-details/5755960ebd0b16f6,"64.0""",25,12,0,2.78,37.0,2.76,65.0,0.56,28.0,38.0,1.0,
Dave,http://ufcstats.com/fighter-details/275cafc9de131c83,--,45,17,2,1.84,44.0,1.99,42.0,0.46,50.0,57.0,2.5,
Steve,http://ufcstats.com/fighter-details/3bc27ec15facbcf3,--,9,13,2,0.0,0.0,9.51,42.0,0.0,0.0,0.0,0.0,
Buck,http://ufcstats.com/fighter-details/36120738148f203f,--,3,3,0,0.0,0.0,0.0,0.0,0.0,0.0,0.0,0.0,
Adam,http://ufcstats.com/fighter-details/c1135a6892e916db,--,5,3,0,2.63,50.0,2.11,55.0,7.89,100.0,100.0,7.9,
Nick,http://ufcstats.com/fighter-details/2f6dc878d653c442,--,0,0,0,0.0,0.0,0.0,0.0,0.0,0.0,0.0,0.0,
Joe,http://ufcstats.com/fighter-details/e82d5f54daa85a7e,--,7,2,0,1.53,58.0,0.73,66.0,0.0,0.0,68.0,0.0,
Bia,http://ufcstats.com/fighter-details/eff9074bc066f0f2,"67.0""",7,0,0,5.78,60.0,0.64,80.0,4.81,75.0,0.0,3.2,
Jeremiah,http://ufcstats.com/fighter-details/5bdcbd8dd681a257,--,13,7,0,1.74,59.0,0.27,60.0,4.02,66.0,100.0,2.0,
Jonathan,http://ufcstats.com/fighter-details/5823ceab56741617,--,8,1,0,3.47,50.0,1.43,69.0,0.58,33.0,58.0,0.0,
Yaotzin,http://ufcstats.com/fighter-details/3623bd267a2eef2e,"71.0""",21,11,0,1.43,41.0,1.62,64.0,1.06,20.0,18.0,1.4,
Guy,http://ufcstats.com/fighter-details/946f341df6472ee0,--,30,14,2,2.3,32.0,1.36,72.0,0.39,50.0,88.0,0.0,
David,http://ufcstats.com/fighter-details/8f003ef7e0d9a139,"70.0""",7,1,0,5.67,44.0,7.53,48.0,2.0,16.0,100.0,1.0,
Jonathan,http://ufcstats.com/fighter-details/f782f953bfe7b5f2,"77.0""",10,1,0,3.85,43.0,3.64,56.0,1.08,42.0,66.0,0.7,
Brandon,http://ufcstats.com/fighter-details/f5e4ce11afbdfb61,--,4,14,0,0.0,0.0,0.0,0.0,0.0,0.0,0.0,0.0,
Andreas,http://ufcstats.com/fighter-details/79325a3c1a5c3bf4,"76.0""",13,6,0,2.9,51.0,3.57,44.0,1.12,27.0,50.0,0.0,
David,http://ufcstats.com/fighter-details/49f4b511932f71e9,--,11,3,0,3.25,43.0,4.45,54.0,2.53,58.0,77.0,0.7,
Chris,http://ufcstats.com/fighter-details/f903967fd320da38,--,30,21,2,3.03,27.0,9.7,48.0,0.0,0.0,0.0,0.0,
Zachary,http://ufcstats.com/fighter-details/a36a14985a57a1c6,"74.0""",15,3,0,5.56,53.0,4.72,54.0,0.7,12.0,100.0,0.0,
Kristof,http://ufcstats.com/fighter-details/5b5b9c6f6f270369,--,6,10,0,0.7,43.0,2.89,49.0,0.0,0.0,0.0,0.0,
Keith,http://ufcstats.com/fighter-details/f62850b3c7480db9,--,0,5,0,0.0,0.0,0.0,0.0,0.0,0.0,0.0,0.0,
Chris,http://ufcstats.com/fighter-details/2b284840ca89876a,--,5,3,0,1.6,61.0,1.73,48.0,2.0,28.0,0.0,1.0,
Gabriel,http://ufcstats.com/fighter-details/a6fa5dd90528e9f7,--,9,9,0,0.0,0.0,0.0,0.0,0.0,0.0,0.0,0.0,
Bojan,http://ufcstats.com/fighter-details/d6285cba1d1052e0,"73.0""",10,6,0,1.23,35.0,5.95,47.0,0.0,0.0,33.0,0.0,
Billy,http://ufcstats.com/fighter-details/3c48019bc387b80c,--,2,2,0,0.0,0.0,1.25,33.0,0.0,0.0,0.0,0.0,
Pat,http://ufcstats.com/fighter-details/cedfdf8d423d500c,--,29,7,2,1.79,45.0,1.66,63.0,1.96,100.0,54.0,1.0,
Curtis,http://ufcstats.com/fighter-details/f1928a52590c5532,"76.0""",17,5,0,3.86,46.0,2.95,61.0,0.43,100.0,57.0,0.0,
Phillip,http://ufcstats.com/fighter-details/18aecaf50f52e4c3,--,16,0,0,1.61,54.0,1.93,50.0,3.62,25.0,100.0,0.6,
Jason,http://ufcstats.com/fighter-details/b2f88c04c4dd43ce,--,23,10,0,1.83,43.0,2.3,49.0,1.31,28.0,43.0,1.3,
Dan,http://ufcstats.com/fighter-details/d0c29452d3272603,"74.0""",14,8,0,2.03,36.0,3.06,49.0,1.67,54.0,47.0,1.8,
Jim,http://ufcstats.com/fighter-details/d1941565abf50b16,"71.0""",38,19,0,2.92,42.0,3.44,56.0,1.5,45.0,48.0,1.7,
Cole,http://ufcstats.com/fighter-details/282fa667ff9c51ed,"73.0""",21,11,0,3.0,33.0,3.88,59.0,0.6,36.0,38.0,1.8,
Henry,http://ufcstats.com/fighter-details/45a2ba3ef82b9700,--,6,16,0,1.25,36.0,2.16,54.0,0.55,25.0,60.0,0.0,
Micah,http://ufcstats.com/fighter-details/3ff0d0dc7a14bb50,--,20,8,0,1.33,33.0,2.15,54.0,0.98,37.0,21.0,2.0,
Aaron,http://ufcstats.com/fighter-details/a4d055f1435d6d75,--,14,10,0,0.0,0.0,0.0,0.0,0.0,0.0,0.0,0.0,
Mo,http://ufcstats.com/fighter-details/39019970ac8543e9,"72.0""",6,0,0,1.87,45.0,1.33,60.0,4.0,80.0,0.0,0.0,
Juliana,http://ufcstats.com/fighter-details/aa0c573da7119292,"66.0""",5,4,0,2.65,39.0,4.14,44.0,2.16,29.0,44.0,1.2,
Ty,http://ufcstats.com/fighter-details/0859524157a19045,"77.0""",7,0,0,7.16,38.0,4.65,64.0,0.0,0.0,75.0,0.0,
Trent,http://ufcstats.com/fighter-details/2b6a37a97541a4fd,"72.0""",8,3,0,2.11,20.0,11.23,48.0,0.0,0.0,0.0,0.0,
Eddy,http://ufcstats.com/fighter-details/f2c934689243fe4e,--,0,2,0,0.0,0.0,3.36,22.0,0.0,0.0,0.0,7.2,
Che,http://ufcstats.com/fighter-details/6cadfd8f1d9e7685,"76.0""",16,10,0,2.08,52.0,2.87,43.0,1.18,66.0,58.0,0.0,
Adam,http://ufcstats.com/fighter-details/72ffecf712673af1,"76.0""",8,4,0,3.85,46.0,4.79,43.0,0.0,0.0,64.0,0.0,
Alberto,http://ufcstats.com/fighter-details/4b1d46a1b5c0fd11,"77.0""",13,1,0,3.23,38.0,3.7,47.0,1.85,20.0,50.0,0.0,
Vitaly,http://ufcstats.com/fighter-details/56c975c4a2b357a5,--,20,0,0,0.0,0.0,0.0,0.0,0.0,0.0,0.0,0.0,
Yunosuke,http://ufcstats.com/fighter-details/9f2c07bd65fde55c,--,6,0,0,0.0,0.0,0.0,0.0,0.0,0.0,0.0,0.0,
Mario,http://ufcstats.com/fighter-details/1ccaeae54725d897,"78.0""",7,1,0,1.62,33.0,6.49,52.0,0.0,0.0,0.0,0.0,
Darrick,http://ufcstats.com/fighter-details/34e516ab361afb1c,"69.0""",26,14,0,2.63,65.0,2.28,35.0,2.4,72.0,66.0,2.7,
Mike,http://ufcstats.com/fighter-details/c8aa3541bec4042e,--,0,0,0,0.0,0.0,0.0,0.0,0.0,0.0,0.0,0.0,
Ikuhisa,http://ufcstats.com/fighter-details/ce6065baef021cf3,--,60,42,8,0.88,40.0,1.66,49.0,1.82,41.0,5.0,1.9,
Carlton,http://ufcstats.com/fighter-details/40d8b74488743800,"75.0""",10,3,0,3.5,40.0,4.97,50.0,0.0,0.0,58.0,0.0,
Stipe,http://ufcstats.com/fighter-details/d28dee5c705991df,"80.0""",20,5,0,4.67,52.0,4.01,52.0,1.74,34.0,65.0,0.0,
Frank,http://ufcstats.com/fighter-details/1ff9589f9065a9ed,"79.0""",18,11,0,2.18,47.0,3.84,38.0,2.02,40.0,54.0,2.0,
Juan,http://ufcstats.com/fighter-details/be8ad887e4d674b0,--,7,5,0,0.0,0.0,0.0,0.0,0.0,0.0,0.0,0.0,
Mario,http://ufcstats.com/fighter-details/df2bf09c99594848,"74.0""",14,7,0,1.96,54.0,2.46,36.0,1.02,60.0,54.0,0.0,
Vitor,http://ufcstats.com/fighter-details/4bcb6eb12b4ad4aa,"77.0""",12,5,0,2.98,45.0,2.95,58.0,0.95,55.0,50.0,0.2,
Gabriel,http://ufcstats.com/fighter-details/b909a9a9688b5284,"71.0""",17,8,0,3.23,43.0,6.01,37.0,4.75,38.0,0.0,1.9,
Damir,http://ufcstats.com/fighter-details/992c82450d96f726,--,9,4,0,0.84,50.0,9.86,35.0,0.0,0.0,0.0,0.0,
Kazuo,http://ufcstats.com/fighter-details/5e7a28f20927d64a,--,25,11,2,2.85,40.0,2.74,63.0,0.72,38.0,51.0,0.6,
Toby,http://ufcstats.com/fighter-details/3f87218a7aca84c4,--,9,5,0,3.27,40.0,7.73,46.0,0.0,0.0,0.0,0.0,
Dokonjonosuke,http://ufcstats.com/fighter-details/b14a68c533f4a4aa,--,21,7,2,1.06,41.0,1.22,52.0,2.47,40.0,25.0,1.4,
Felix Lee,http://ufcstats.com/fighter-details/6cbb7661c3258617,--,2,7,0,0.0,0.0,0.0,0.0,0.0,0.0,0.0,0.0,
David,http://ufcstats.com/fighter-details/8f3df4c579cfbb69,"75.0""",22,7,0,1.74,32.0,2.06,55.0,0.66,50.0,29.0,2.0,
Danny,http://ufcstats.com/fighter-details/c06d554ce1713fd3,--,19,9,1,2.53,49.0,2.53,52.0,0.0,0.0,100.0,3.0,
Brad,http://ufcstats.com/fighter-details/7263e0dc082adc87,--,4,2,0,1.15,33.0,4.2,52.0,0.0,0.0,100.0,1.9,
Clay,http://ufcstats.com/fighter-details/3d960455f880bb25,--,1,2,0,1.63,85.0,0.0,0.0,0.0,0.0,100.0,4.1,
Bryce,http://ufcstats.com/fighter-details/d9c6f19f958643e9,"70.0""",18,4,0,2.27,59.0,1.6,58.0,3.24,36.0,33.0,1.2,
Maurice,http://ufcstats.com/fighter-details/568bebed6366b667,--,11,2,0,3.8,55.0,3.54,60.0,0.0,0.0,100.0,0.0,
Terrence,http://ufcstats.com/fighter-details/f3ca6908f78efebe,"74.0""",14,4,0,2.21,34.0,8.85,41.0,3.69,50.0,0.0,0.0,
Roman,http://ufcstats.com/fighter-details/2961be02cfb0d2c1,--,8,3,0,0.26,16.0,2.7,43.0,1.93,100.0,25.0,1.9,
Matt,http://ufcstats.com/fighter-details/ba280572acfba13f,"82.0""",12,5,0,3.55,50.0,2.79,64.0,0.0,0.0,55.0,0.7,
Eiji,http://ufcstats.com/fighter-details/2b4faacc16d66898,--,18,9,2,1.49,49.0,2.26,45.0,2.3,36.0,20.0,1.6,
Hiromitsu,http://ufcstats.com/fighter-details/509697e08673d2e5,"71.0""",12,7,0,2.12,34.0,2.12,58.0,2.23,50.0,69.0,0.6,
Jonathan,http://ufcstats.com/fighter-details/f64e4ecd214c6378,--,7,4,0,0.0,0.0,0.0,0.0,0.0,0.0,0.0,0.0,
Patchy,http://ufcstats.com/fighter-details/2cfba6c837c03ed0,"70.0""",20,3,0,5.3,43.0,7.3,43.0,2.5,62.0,0.0,0.0,
Ryuho,http://ufcstats.com/fighter-details/f1a9c0998c683782,--,7,0,0,0.0,0.0,0.0,0.0,0.0,0.0,0.0,0.0,
Tomoya,http://ufcstats.com/fighter-details/c9885b1b7c7055a0,--,17,9,7,1.67,65.0,0.93,33.0,4.0,80.0,0.0,2.0,
Kazuyuki,http://ufcstats.com/fighter-details/af70d268e5352186,--,15,9,0,2.04,52.0,1.82,63.0,4.31,46.0,68.0,0.0,
Motoki,http://ufcstats.com/fighter-details/9649d75defe0dedb,--,7,3,0,1.23,28.0,3.91,61.0,0.0,0.0,0.0,0.0,
Takeya,http://ufcstats.com/fighter-details/48e093ea1f43a053,"69.0""",21,11,2,3.37,37.0,3.27,57.0,1.46,57.0,70.0,0.1,
,http://ufcstats.com/fighter-details/43a59ce3bb40449e,"65.0""",16,6,0,4.45,52.0,4.65,49.0,0.75,33.0,80.0,0.0,
Tatsuya,http://ufcstats.com/fighter-details/478c8706bdb92440,--,16,12,1,2.25,37.0,3.52,53.0,1.19,25.0,40.0,3.6,
Roxanne,http://ufcstats.com/fighter-details/4498b382c65a7faa,"69.0""",25,21,0,3.35,30.0,5.7,51.0,1.35,23.0,30.0,0.1,
Bobby,http://ufcstats.com/fighter-details/d76ad9a08c4408ff,"73.0""",13,5,0,3.41,39.0,3.15,61.0,2.74,66.0,66.0,1.4,
Bronson,http://ufcstats.com/fighter-details/65239fccecd03404,--,1,1,0,0.0,0.0,0.0,0.0,0.0,0.0,0.0,0.0,
Nate,http://ufcstats.com/fighter-details/04c15b52c3cc1cab,"72.0""",9,7,0,3.79,41.0,2.5,74.0,0.45,50.0,71.0,0.0,
Renato,http://ufcstats.com/fighter-details/b6452706b373eea1,"72.0""",21,7,1,4.1,49.0,3.55,59.0,1.68,40.0,64.0,0.6,
Thiago,http://ufcstats.com/fighter-details/d945aae53e3e54e6,"70.0""",19,10,0,2.52,42.0,4.4,52.0,1.37,29.0,52.0,1.1,
Muhammad,http://ufcstats.com/fighter-details/75353550928a7921,"70.0""",13,0,0,1.61,45.0,1.35,57.0,5.29,41.0,25.0,0.8,
Ashkan,http://ufcstats.com/fighter-details/e9bc5748e6a76bb6,"67.0""",13,3,0,1.95,43.0,3.66,43.0,0.54,16.0,33.0,0.0,
Suman,http://ufcstats.com/fighter-details/192520689012c7e4,"72.0""",8,5,0,2.21,43.0,6.85,48.0,0.0,0.0,0.0,0.0,
Dan,http://ufcstats.com/fighter-details/606136dee6f6ecea,--,13,9,0,0.0,0.0,5.58,60.0,0.0,0.0,0.0,20.9,
Jeff,http://ufcstats.com/fighter-details/008ea710276c9606,"69.0""",11,2,0,7.25,48.0,5.04,55.0,0.0,0.0,66.0,0.0,
Rudyard,http://ufcstats.com/fighter-details/02d276b7d62b3472,--,0,3,0,0.0,0.0,0.0,0.0,0.0,0.0,0.0,0.0,
Hidetaka,http://ufcstats.com/fighter-details/a8e133139286df84,--,18,11,4,1.67,25.0,9.76,34.0,0.0,0.0,0.0,0.0,
Jeff,http://ufcstats.com/fighter-details/cbfd1d34356a004c,"74.0""",60,26,1,0.97,30.0,2.87,59.0,1.06,12.0,66.0,0.7,
Darrell,http://ufcstats.com/fighter-details/bffeb123b21c9aad,"67.0""",13,5,0,1.92,25.0,5.38,52.0,0.72,25.0,33.0,1.4,
Michelle,http://ufcstats.com/fighter-details/ca80d72da81d7224,"68.0""",8,0,0,2.77,48.0,2.47,41.0,3.5,53.0,0.0,0.0,
Andrew,http://ufcstats.com/fighter-details/72c9c2eadfc3277e,--,9,12,1,0.0,0.0,0.0,0.0,0.0,0.0,0.0,0.0,
Jose,http://ufcstats.com/fighter-details/4e30f2761b6bd3b5,--,6,1,0,0.0,0.0,0.0,0.0,0.0,0.0,0.0,0.0,
Augusto,http://ufcstats.com/fighter-details/94508d80e1f885fc,"73.0""",15,3,0,3.46,46.0,2.66,56.0,0.0,0.0,66.0,0.0,
Erick,http://ufcstats.com/fighter-details/8163cd7de0342652,"73.0""",7,5,0,2.79,44.0,2.06,64.0,2.29,36.0,66.0,0.0,
Nicco,http://ufcstats.com/fighter-details/1de9ad94de18eeaf,"65.0""",5,3,0,5.6,41.0,4.43,64.0,2.25,54.0,69.0,0.4,
Antonio,http://ufcstats.com/fighter-details/3e38b1ea16bd4d86,"70.0""",17,5,1,3.93,49.0,8.33,33.0,1.0,33.0,66.0,1.0,
Sofia,http://ufcstats.com/fighter-details/8b1b051038354655,"67.0""",6,2,0,4.27,40.0,5.67,48.0,1.0,25.0,100.0,0.0,
Alberto,http://ufcstats.com/fighter-details/a112097ad877a48f,"69.0""",12,1,0,5.26,60.0,4.44,60.0,0.0,0.0,77.0,6.8,
Steve,http://ufcstats.com/fighter-details/6e92eb1242b46636,--,9,5,0,4.85,39.0,4.12,47.0,0.0,0.0,64.0,0.0,
James,http://ufcstats.com/fighter-details/c06a9b48d4132c8e,"71.0""",9,5,0,2.39,48.0,3.86,40.0,0.0,0.0,79.0,0.2,
Homer,http://ufcstats.com/fighter-details/e56df3c1d8b4b1cc,--,26,9,2,0.68,50.0,0.68,0.0,5.07,66.0,0.0,0.0,
Todd,http://ufcstats.com/fighter-details/e31502e3f79d00c5,"71.0""",16,7,0,1.83,26.0,2.3,57.0,0.78,14.0,54.0,0.0,
Nate,http://ufcstats.com/fighter-details/518e5202a91980d4,--,8,4,0,2.21,25.0,2.87,42.0,1.23,16.0,25.0,0.0,
Dustin,http://ufcstats.com/fighter-details/831de97afe326478,--,0,2,0,0.0,0.0,0.0,0.0,0.0,0.0,0.0,0.0,
Taylor,http://ufcstats.com/fighter-details/26927dab41dbd5fc,"70.0""",10,5,0,0.2,75.0,2.07,42.0,0.0,0.0,25.0,0.0,
Sergio,http://ufcstats.com/fighter-details/1bcaac2d99b90fce,"72.0""",14,6,1,2.42,42.0,3.73,59.0,1.2,38.0,75.0,0.4,
Marlon,http://ufcstats.com/fighter-details/fea79f9bc8c68769,"67.0""",23,10,1,3.37,40.0,4.53,54.0,0.87,41.0,46.0,0.3,
Sheymon,http://ufcstats.com/fighter-details/0d62719b1dcf7c40,"72.0""",11,4,0,3.0,42.0,3.64,63.0,0.0,0.0,53.0,0.0,
John,http://ufcstats.com/fighter-details/92437c6775b3f7d1,"66.0""",19,7,0,2.57,43.0,2.55,56.0,0.62,23.0,44.0,1.1,
Ricardo,http://ufcstats.com/fighter-details/2dc7f1762dc0a7ef,--,10,4,1,2.86,37.0,2.39,53.0,0.0,0.0,0.0,0.0,
Leonardo,http://ufcstats.com/fighter-details/45230be0641f3f53,--,6,2,0,2.05,47.0,2.05,58.0,0.0,0.0,62.0,0.0,
Albert,http://ufcstats.com/fighter-details/544d7460b3e44393,"72.0""",7,4,1,3.81,35.0,3.96,56.0,0.91,35.0,70.0,0.2,
Joseph,http://ufcstats.com/fighter-details/2fe9032955c2e013,"69.0""",15,2,0,2.0,40.0,2.05,57.0,1.14,42.0,26.0,3.0,
Vince,http://ufcstats.com/fighter-details/37098a6e6c27fb66,"70.0""",16,11,0,3.54,37.0,3.91,54.0,0.71,47.0,63.0,0.5,
Omar,http://ufcstats.com/fighter-details/a0e6753c42698f13,"73.0""",11,4,0,3.42,40.0,3.18,58.0,0.46,100.0,63.0,0.0,
Michael,http://ufcstats.com/fighter-details/c32aeb1a59e6272d,"79.0""",19,0,0,5.68,49.0,3.26,53.0,1.04,41.0,89.0,0.0,
Sarah,http://ufcstats.com/fighter-details/539ed332b3078821,"67.0""",6,8,0,2.28,34.0,3.58,50.0,0.67,21.0,33.0,0.8,
Christian,http://ufcstats.com/fighter-details/80779d7441af1b52,"81.0""",8,3,0,2.82,34.0,2.46,46.0,3.26,66.0,50.0,2.2,
Joe,http://ufcstats.com/fighter-details/df85d6ec3493d120,--,2,2,0,0.0,0.0,0.0,0.0,0.0,0.0,0.0,0.0,
Richardson,http://ufcstats.com/fighter-details/9147679e1a4ad4a3,--,7,4,0,1.17,28.0,1.83,67.0,0.0,0.0,100.0,0.0,
Gisele,http://ufcstats.com/fighter-details/6a125ba3ec37e27e,--,8,3,0,5.93,42.0,6.33,48.0,4.0,57.0,0.0,0.0,
Vinicius,http://ufcstats.com/fighter-details/acb36c908d415c4a,"76.0""",9,5,0,3.15,59.0,5.07,43.0,1.97,18.0,0.0,1.3,
Jesse,http://ufcstats.com/fighter-details/2e2cdb6e9eb84bb9,--,9,1,0,1.26,40.0,2.08,48.0,5.56,100.0,100.0,0.0,
Brandon,http://ufcstats.com/fighter-details/792be9a24df82ed6,"70.0""",23,10,2,3.84,44.0,3.64,59.0,1.36,39.0,65.0,0.4,
Mike,http://ufcstats.com/fighter-details/bb2eee4fb3259c01,--,6,5,0,1.27,51.0,1.07,58.0,0.0,0.0,44.0,0.0,
Dan,http://ufcstats.com/fighter-details/66e98b3bb5fc5250,"73.0""",13,6,0,2.67,43.0,3.56,43.0,1.25,27.0,45.0,0.4,
Sammy,http://ufcstats.com/fighter-details/2067a177a2842fbf,--,18,12,0,1.05,22.0,3.74,40.0,1.43,20.0,0.0,0.5,
Peggy,http://ufcstats.com/fighter-details/92b36014314b028b,--,4,4,0,2.27,23.0,8.2,33.0,0.0,0.0,50.0,0.0,
Alexander,http://ufcstats.com/fighter-details/938ea36fe9c269f0,"71.0""",11,5,0,3.71,44.0,2.78,47.0,0.0,0.0,0.0,0.0,
Alex,http://ufcstats.com/fighter-details/cdb96af67d096b1e,"72.0""",24,13,0,4.9,39.0,4.88,55.0,0.32,24.0,47.0,0.3,
Maryna,http://ufcstats.com/fighter-details/b4192a975027aab6,"67.0""",11,6,0,4.42,33.0,4.89,51.0,0.7,24.0,42.0,0.6,
Sergey,http://ufcstats.com/fighter-details/2f6a993c7f547c13,"67.0""",19,5,0,3.01,43.0,2.97,61.0,3.63,31.0,68.0,0.0,
Brad,http://ufcstats.com/fighter-details/6803d4d6908354ac,--,10,6,0,0.5,62.0,6.95,27.0,0.0,0.0,0.0,0.0,
Scott,http://ufcstats.com/fighter-details/be9d259be012e8a4,--,2,1,0,0.0,0.0,0.0,0.0,0.0,0.0,0.0,0.0,
Anthony,http://ufcstats.com/fighter-details/dab0e6cb8c932162,--,20,12,0,1.7,33.0,0.49,80.0,0.0,0.0,50.0,0.0,
Jack,http://ufcstats.com/fighter-details/38fccd44d669bb2f,--,0,3,0,0.0,0.0,19.31,40.0,0.0,0.0,0.0,0.0,
Harry,http://ufcstats.com/fighter-details/4dc496aa0cfc0d95,--,6,12,0,0.0,0.0,0.0,0.0,0.0,0.0,0.0,0.0,
Carlos,http://ufcstats.com/fighter-details/b15862fcd6ded451,"69.0""",8,2,0,0.8,41.0,1.13,54.0,0.0,0.0,50.0,1.0,
Miki,http://ufcstats.com/fighter-details/a5fa51a81d0c5ed9,"63.0""",8,5,0,1.27,27.0,4.2,57.0,3.0,30.0,0.0,1.0,
Juan,http://ufcstats.com/fighter-details/5da4e8dc02e50ac0,--,3,4,0,0.0,0.0,0.0,0.0,0.0,0.0,0.0,0.0,
Nikolas,http://ufcstats.com/fighter-details/37f560436d745c18,"70.0""",15,6,0,4.13,38.0,5.28,52.0,0.0,0.0,83.0,0.0,
Flavio Luiz,http://ufcstats.com/fighter-details/ab35634d1a8c7a11,--,19,7,0,0.67,16.0,0.0,0.0,0.0,0.0,0.0,0.0,
Eduarda,http://ufcstats.com/fighter-details/de594b35c45c2e9a,"67.0""",12,2,0,2.57,37.0,2.5,58.0,3.58,34.0,80.0,0.4,
Gegard,http://ufcstats.com/fighter-details/232c582f29f8f65e,"76.0""",42,6,2,3.75,50.0,1.21,68.0,1.59,60.0,59.0,1.1,
Kris,http://ufcstats.com/fighter-details/9c27f3217891f3f0,"68.0""",14,8,0,3.35,33.0,9.36,30.0,0.0,0.0,30.0,0.0,
Kin,http://ufcstats.com/fighter-details/ae922e7d9e852d7a,--,8,3,0,2.3,33.0,1.93,62.0,1.67,42.0,50.0,1.7,
Jamie,http://ufcstats.com/fighter-details/882d62561063a927,"65.0""",4,3,0,4.51,51.0,4.0,65.0,1.0,21.0,50.0,0.0,
Askar,http://ufcstats.com/fighter-details/e92901944ce91909,"74.0""",19,13,0,0.43,18.0,4.07,13.0,0.0,0.0,33.0,0.0,
Garrett,http://ufcstats.com/fighter-details/d0c325dfefdde31f,--,3,3,0,0.0,0.0,0.0,0.0,0.0,0.0,0.0,0.0,
Lauren,http://ufcstats.com/fighter-details/f923e012414c883e,"67.0""",5,3,0,4.08,41.0,3.77,58.0,0.7,50.0,71.0,0.0,
Belal,http://ufcstats.com/fighter-details/b1b0729d27936f2f,"72.0""",24,5,0,4.43,43.0,3.82,55.0,2.14,36.0,90.0,0.1,
Fazlo,http://ufcstats.com/fighter-details/2252b2c892397f0d,--,4,2,0,0.54,16.0,0.0,100.0,0.0,0.0,0.0,8.0,
Quinn,http://ufcstats.com/fighter-details/16af2d5a6f28bee2,--,18,4,0,1.48,28.0,2.09,51.0,1.36,20.0,33.0,0.0,
James,http://ufcstats.com/fighter-details/8d5350fa18b79e9a,"73.0""",11,2,0,2.4,31.0,3.47,42.0,0.0,0.0,25.0,0.0,
Jamie,http://ufcstats.com/fighter-details/af9f42e6894047fc,"74.0""",18,9,0,4.1,46.0,4.28,54.0,2.46,30.0,70.0,0.1,
Jim,http://ufcstats.com/fighter-details/1a49e0670dfaca31,--,0,2,0,0.0,0.0,0.0,0.0,0.0,0.0,0.0,0.0,
Melissa,http://ufcstats.com/fighter-details/bd532e9a2b93870c,"68.0""",7,2,0,3.71,50.0,4.39,52.0,2.03,42.0,85.0,0.0,
Ananias,http://ufcstats.com/fighter-details/a59bc10f5e9f5fbb,"70.0""",9,3,0,6.1,44.0,5.96,52.0,0.0,0.0,100.0,2.1,
Pedro,http://ufcstats.com/fighter-details/6bd02119599741a4,"65.0""",20,10,0,5.38,41.0,6.29,55.0,0.48,16.0,82.0,0.5,
Andre,http://ufcstats.com/fighter-details/886264a0c9f4ea5e,"78.0""",24,8,0,2.08,48.0,2.46,51.0,3.98,48.0,35.0,1.1,
Mark,http://ufcstats.com/fighter-details/179f1948dc234f1f,"71.0""",14,6,0,3.12,51.0,2.26,57.0,3.17,29.0,57.0,0.6,
Alexander,http://ufcstats.com/fighter-details/f8f1ec513bcfef43,"72.0""",7,2,0,3.7,42.0,4.73,55.0,3.0,40.0,100.0,0.0,
Johnny,http://ufcstats.com/fighter-details/f6bcbd91b114ff58,"71.0""",12,4,0,2.44,36.0,2.66,55.0,2.4,25.0,45.0,1.8,
Andy,http://ufcstats.com/fighter-details/fd0b4e3eb18eafb7,--,15,2,0,2.6,76.0,2.87,32.0,1.0,20.0,42.0,0.0,
Olivier,http://ufcstats.com/fighter-details/c3dd69333eb8085a,"72.0""",6,0,0,2.6,36.0,2.2,61.0,1.0,100.0,55.0,0.0,
Makhmud,http://ufcstats.com/fighter-details/ea7e5bc78d9de658,"75.0""",26,8,0,4.21,43.0,2.57,61.0,3.03,66.0,77.0,0.2,
Kazunari,http://ufcstats.com/fighter-details/cfbccfed4e4796fe,--,5,5,0,0.0,0.0,0.0,0.0,0.0,0.0,0.0,0.0,
Ryuichi,http://ufcstats.com/fighter-details/e3a6c6d6d0ac0815,--,8,3,1,0.84,36.0,1.89,50.0,4.74,50.0,100.0,3.2,
Kanako,http://ufcstats.com/fighter-details/e0b0cf71e0d69dd0,"62.0""",12,3,0,2.15,56.0,2.4,53.0,3.38,56.0,100.0,0.8,
Ailiya,http://ufcstats.com/fighter-details/9b6dcc335ad03696,--,9,2,0,0.0,0.0,0.0,0.0,0.0,0.0,0.0,0.0,
Kasib,http://ufcstats.com/fighter-details/3a51f8d30900b580,--,7,0,0,0.0,0.0,0.0,0.0,0.0,0.0,0.0,0.0,
Vince,http://ufcstats.com/fighter-details/4b90384d7c3519b8,"64.0""",12,4,0,1.21,21.0,7.17,40.0,0.0,0.0,0.0,0.0,
Samandar,http://ufcstats.com/fighter-details/6f4d199c0adc06f5,"75.0""",11,0,0,1.5,75.0,0.5,44.0,6.01,66.0,0.0,1.5,
Tom,http://ufcstats.com/fighter-details/62918a2118de08b2,--,8,0,0,2.5,71.0,0.17,84.0,7.51,85.0,0.0,2.5,
Ian,http://ufcstats.com/fighter-details/de25520d54eab12d,--,1,1,0,0.0,0.0,1.93,30.0,4.13,100.0,0.0,0.0,
Jon,http://ufcstats.com/fighter-details/1b5c146ee7b86e34,--,6,4,0,3.93,66.0,8.85,43.0,0.0,0.0,0.0,0.0,
Lauren,http://ufcstats.com/fighter-details/729d4bd5a6cd0a97,"67.0""",16,7,0,3.94,38.0,5.19,56.0,1.09,24.0,67.0,0.2,
Patrick,http://ufcstats.com/fighter-details/eca7e064746c161a,--,5,3,0,3.4,66.0,0.8,42.0,0.0,0.0,50.0,1.0,
Lerone,http://ufcstats.com/fighter-details/396fe87b84ac2e1c,"73.0""",17,1,1,4.34,51.0,2.65,60.0,1.2,54.0,44.0,0.5,
Lee,http://ufcstats.com/fighter-details/32016899d0a222a3,--,8,2,1,0.36,15.0,3.28,32.0,0.9,100.0,42.0,1.8,
Jesse,http://ufcstats.com/fighter-details/d0147e906106cd2e,"78.0""",8,4,0,2.38,28.0,7.72,43.0,0.0,0.0,0.0,0.0,
Khalid,http://ufcstats.com/fighter-details/231cae8b77fbbcc1,"76.0""",14,2,0,4.8,69.0,0.4,78.0,7.5,100.0,33.0,0.0,
Azamat,http://ufcstats.com/fighter-details/e90a2f22417af68e,"71.0""",16,1,0,4.4,56.0,3.2,56.0,0.68,20.0,88.0,0.2,
Josias,http://ufcstats.com/fighter-details/723b64c0e9a8f348,"74.0""",8,2,0,3.19,45.0,4.39,36.0,0.9,50.0,81.0,0.5,
Tofiq,http://ufcstats.com/fighter-details/ae81a3ac7b260411,"69.0""",23,6,0,1.84,46.0,1.74,50.0,2.3,60.0,50.0,0.0,
Nicholas,http://ufcstats.com/fighter-details/8b5f9ea38184ded3,"75.0""",13,5,0,3.56,35.0,3.8,57.0,1.16,19.0,82.0,0.2,
Andre,http://ufcstats.com/fighter-details/d0d43cb9b14f231c,--,11,5,0,0.0,0.0,10.59,35.0,0.0,0.0,0.0,0.0,
Magomed,http://ufcstats.com/fighter-details/31d7446b184e3305,"71.0""",14,4,0,2.59,58.0,2.68,41.0,3.31,50.0,23.0,0.4,
Max,http://ufcstats.com/fighter-details/f4c40f8a64d3151d,--,6,3,0,8.2,50.0,13.0,45.0,0.0,0.0,0.0,0.0,
Elvis,http://ufcstats.com/fighter-details/28c55b4087a6f136,"72.0""",15,6,1,3.41,40.0,4.27,38.0,0.0,0.0,81.0,0.0,
Fiona,http://ufcstats.com/fighter-details/062e57ca1a3c95a8,--,6,3,0,1.44,27.0,5.45,34.0,0.0,0.0,0.0,0.0,
Ho Bae,http://ufcstats.com/fighter-details/2719f300b0439039,--,13,5,1,3.16,16.0,3.16,83.0,0.0,0.0,0.0,0.0,
Katsuhiko,http://ufcstats.com/fighter-details/d5ae8074631762fc,--,6,7,3,1.05,19.0,1.5,63.0,0.98,28.0,28.0,0.0,
Yuji,http://ufcstats.com/fighter-details/e49c2db95e572dc8,--,0,2,0,1.45,40.0,14.46,4.0,0.0,0.0,0.0,0.0,
Greg,http://ufcstats.com/fighter-details/342422bb6ced1e8d,--,1,3,0,0.41,50.0,2.69,37.0,0.0,0.0,0.0,1.2,
Logan,http://ufcstats.com/fighter-details/47e0b5833e6bc91a,--,1,1,0,1.93,51.0,2.27,39.0,0.0,0.0,37.0,0.0,
Muhammad,http://ufcstats.com/fighter-details/8d11d9c13e2ccdf7,"70.0""",13,4,0,2.51,40.0,3.35,44.0,1.49,30.0,68.0,0.2,
Yukiya,http://ufcstats.com/fighter-details/7be328bb3c2ea22e,--,15,6,2,1.54,33.0,5.13,60.0,0.0,0.0,0.0,0.0,
Yura,http://ufcstats.com/fighter-details/50c469e0cb73be10,"74.0""",6,1,0,1.22,44.0,5.33,28.0,1.67,9.0,0.0,0.0,
Andrews,http://ufcstats.com/fighter-details/7a9ca95a92d7b64c,--,5,4,2,2.68,44.0,1.9,57.0,0.0,0.0,72.0,0.4,
Rin,http://ufcstats.com/fighter-details/f9ae6914f604aa9f,--,19,2,1,1.57,33.0,3.9,60.0,3.0,18.0,75.0,0.5,
Kazuhiro,http://ufcstats.com/fighter-details/b034747dc1d15491,"70.0""",21,13,0,1.56,37.0,1.83,59.0,1.73,36.0,42.0,0.6,
Keita,http://ufcstats.com/fighter-details/65ddc8a9ac4e8531,"73.0""",34,10,2,2.23,36.0,3.2,58.0,1.65,48.0,63.0,0.3,
Daisuke,http://ufcstats.com/fighter-details/a196332ee4aa8a82,--,28,19,1,0.94,30.0,1.38,61.0,0.46,40.0,30.0,3.6,
Yusaku,http://ufcstats.com/fighter-details/03e8df49c4a059ba,--,14,4,1,1.72,45.0,3.67,55.0,0.0,0.0,83.0,0.0,
Rinya,http://ufcstats.com/fighter-details/d8c811df0386d5e8,"68.0""",10,1,0,3.27,52.0,1.72,63.0,2.58,81.0,100.0,1.4,
Keiichiro,http://ufcstats.com/fighter-details/3618e0632ecdba9c,"70.0""",8,1,0,4.48,41.0,4.28,63.0,0.0,0.0,78.0,0.0,
Tokitaka,http://ufcstats.com/fighter-details/eb9446a4f44e19cf,"66.0""",12,4,0,1.1,44.0,1.57,45.0,3.0,37.0,0.0,0.0,
Jutaro,http://ufcstats.com/fighter-details/95eb112a85601a0a,--,25,19,4,0.53,38.0,1.06,44.0,0.38,50.0,56.0,0.0,
Yoshihiro,http://ufcstats.com/fighter-details/e18012194473e8b0,--,9,3,0,1.73,35.0,2.06,64.0,2.69,46.0,0.0,0.5,
Mandel,http://ufcstats.com/fighter-details/8f4528c10bd34fab,"75.0""",14,4,0,8.26,58.0,5.03,54.0,0.0,0.0,100.0,0.0,
Yui Chul,http://ufcstats.com/fighter-details/a00ec21cfbba17b6,--,18,8,1,3.53,51.0,2.0,48.0,1.33,16.0,57.0,0.3,
Tyson,http://ufcstats.com/fighter-details/6e00cfffd54653c4,"68.0""",21,14,1,3.87,33.0,4.97,65.0,0.0,0.0,87.0,0.0,
Rose,http://ufcstats.com/fighter-details/47b63240018d5d86,"65.0""",15,8,0,3.5,41.0,3.38,63.0,1.47,48.0,62.0,0.3,
Yasuhito,http://ufcstats.com/fighter-details/6083f497c22cc075,--,25,16,4,0.14,50.0,3.65,38.0,2.11,25.0,0.0,4.2,
Nad,http://ufcstats.com/fighter-details/776a58a67665a171,"70.0""",12,4,0,3.33,42.0,3.0,58.0,1.92,41.0,70.0,0.0,
Roger,http://ufcstats.com/fighter-details/3a12a2f096a6d975,--,8,3,0,2.12,37.0,3.32,64.0,0.0,0.0,50.0,0.9,
Fabio,http://ufcstats.com/fighter-details/307064d3e0f036c2,--,11,6,0,2.94,38.0,4.63,55.0,0.0,0.0,55.0,0.8,
Allan,http://ufcstats.com/fighter-details/253076a23d03dcd0,"69.0""",22,6,0,3.06,55.0,2.53,52.0,1.26,23.0,37.0,1.1,
Rodrigo,http://ufcstats.com/fighter-details/d31a5546c0e9b213,"80.0""",11,3,0,3.71,47.0,4.34,44.0,1.02,37.0,60.0,0.5,
Bobby,http://ufcstats.com/fighter-details/7dfb56f24fe5ddea,"74.0""",8,4,0,3.42,37.0,3.95,51.0,2.37,33.0,100.0,1.6,
Reza,http://ufcstats.com/fighter-details/d41937647eae9a34,--,0,1,0,0.0,0.0,0.0,0.0,0.0,0.0,0.0,0.0,
Nasrudin,http://ufcstats.com/fighter-details/769fa803bf9d2e3b,"71.0""",9,1,0,1.03,87.0,0.29,75.0,2.2,50.0,40.0,0.0,
Pawel,http://ufcstats.com/fighter-details/154a6b3ffae264cd,--,5,6,0,1.3,43.0,1.73,50.0,3.0,60.0,0.0,1.5,
Rafael,http://ufcstats.com/fighter-details/0dba4df5f34d5ff0,"77.0""",21,9,1,3.1,47.0,2.48,57.0,2.55,34.0,77.0,0.5,
Kevin,http://ufcstats.com/fighter-details/0c258d1d8e16e5f1,"70.0""",9,4,0,2.68,34.0,4.29,47.0,3.66,50.0,83.0,0.0,
Ismail,http://ufcstats.com/fighter-details/6a96ad1bc34fb113,"74.0""",25,8,0,3.66,52.0,1.75,64.0,1.48,40.0,73.0,0.2,
Danny,http://ufcstats.com/fighter-details/618f72750ec50b05,--,17,7,0,3.83,32.0,4.62,57.0,2.17,25.0,100.0,0.0,
Marcio,http://ufcstats.com/fighter-details/52f7d300738961ac,--,14,14,0,0.0,0.0,0.0,0.0,0.0,0.0,0.0,0.0,
Tafon,http://ufcstats.com/fighter-details/6aae253467e8f9ce,"77.0""",6,4,0,5.57,52.0,4.11,54.0,0.76,57.0,64.0,0.0,
Dustin,http://ufcstats.com/fighter-details/e503aa5c252a1b4d,"69.0""",25,21,1,2.08,32.0,2.66,56.0,0.0,0.0,0.0,1.7,
Josh,http://ufcstats.com/fighter-details/0b534765dca35e71,--,5,11,0,0.0,0.0,0.0,0.0,0.0,0.0,0.0,0.0,
Joe,http://ufcstats.com/fighter-details/5751267660c734cb,--,6,2,0,1.87,19.0,3.8,66.0,0.0,0.0,0.0,0.0,
Geoff,http://ufcstats.com/fighter-details/b997be68943010fc,"75.0""",16,8,0,5.02,50.0,5.5,57.0,0.54,45.0,87.0,0.1,
Stanislav,http://ufcstats.com/fighter-details/1d4bbaabd8b60173,"71.0""",12,2,0,3.33,43.0,5.39,43.0,2.77,41.0,0.0,0.0,
Josh,http://ufcstats.com/fighter-details/d1a1314976c50bef,"72.0""",36,16,1,3.29,46.0,3.63,58.0,1.09,34.0,46.0,1.3,
Nicolae,http://ufcstats.com/fighter-details/8c57c7b8c3bab0eb,"78.0""",13,2,0,3.58,41.0,5.56,39.0,1.02,28.0,62.0,0.0,
Steve,http://ufcstats.com/fighter-details/13e62d766b709aa6,--,2,1,0,0.0,0.0,0.0,0.0,0.0,0.0,0.0,0.0,
Shane,http://ufcstats.com/fighter-details/2db7fa8db6bc9632,"70.0""",16,7,0,1.38,31.0,2.84,61.0,1.31,18.0,54.0,1.6,
Roy,http://ufcstats.com/fighter-details/3f7c14c7eca7195d,"73.0""",22,14,0,2.18,36.0,4.79,46.0,1.14,27.0,65.0,0.1,
Gunnar,http://ufcstats.com/fighter-details/fd55393021a8c255,"72.0""",19,6,1,1.77,61.0,3.06,48.0,2.0,52.0,68.0,1.0,
Kyle,http://ufcstats.com/fighter-details/31f8081c7600da93,"71.0""",17,7,1,3.6,45.0,4.58,53.0,1.18,23.0,66.0,0.5,
Lissette,http://ufcstats.com/fighter-details/f4db63258ecf0613,--,6,4,0,0.0,0.0,0.0,0.0,0.0,0.0,0.0,0.0,
Mario,http://ufcstats.com/fighter-details/1209b5134401ca53,--,13,5,0,1.89,50.0,1.89,70.0,2.84,100.0,0.0,0.0,
Antonio Braga,http://ufcstats.com/fighter-details/fae67903c4fe636b,"77.0""",9,3,0,1.36,33.0,3.92,45.0,3.07,37.0,0.0,0.5,
Eduardo,http://ufcstats.com/fighter-details/1d688fa375d9431c,"78.0""",7,2,0,7.69,65.0,6.15,55.0,5.77,66.0,0.0,0.0,
Julio Cesar,http://ufcstats.com/fighter-details/195d0d3e14a2e256,--,33,1,0,1.98,35.0,4.81,51.0,1.06,25.0,76.0,0.0,
Nick,http://ufcstats.com/fighter-details/f562238becb9ec50,--,14,2,0,3.53,46.0,4.07,36.0,0.0,0.0,33.0,0.0,
Journey,http://ufcstats.com/fighter-details/78f485f851891d68,"67.0""",10,5,0,2.64,32.0,2.57,64.0,0.56,16.0,43.0,0.3,
Jeff,http://ufcstats.com/fighter-details/94609dd91731d428,--,4,2,0,0.28,20.0,1.41,52.0,0.0,0.0,0.0,8.5,
Carlos,http://ufcstats.com/fighter-details/952f6fa06f25a0ec,--,16,14,0,0.65,41.0,1.55,44.0,2.47,70.0,43.0,0.9,
Emanuel,http://ufcstats.com/fighter-details/fbbbc68d368832fa,--,26,12,1,1.92,49.0,1.35,51.0,2.02,100.0,0.0,0.0,
Francis,http://ufcstats.com/fighter-details/8d03ce87ca14e778,"83.0""",17,3,0,2.33,41.0,2.16,41.0,0.76,62.0,71.0,0.3,
Nghiem,http://ufcstats.com/fighter-details/fd08d6536b7b91f0,"68.0""",6,2,0,3.84,54.0,1.83,71.0,0.0,0.0,90.0,0.0,
Ben,http://ufcstats.com/fighter-details/840d2c82ea68b9aa,"65.0""",16,8,0,3.51,40.0,3.01,59.0,0.25,33.0,63.0,1.0,
Steven,http://ufcstats.com/fighter-details/69037fc7730e4225,"73.0""",10,2,0,7.47,42.0,7.1,60.0,0.24,100.0,88.0,0.0,
Alex,http://ufcstats.com/fighter-details/2b6d855c6e280fb1,"77.0""",7,4,0,4.12,43.0,4.65,47.0,0.0,0.0,50.0,0.5,
Bo,http://ufcstats.com/fighter-details/35673bf5204524ee,"76.0""",8,1,0,3.35,61.0,2.07,59.0,3.1,55.0,100.0,2.5,
Mike,http://ufcstats.com/fighter-details/330ec26453c44a59,--,9,5,0,4.44,52.0,1.11,64.0,11.11,80.0,0.0,2.8,
Matheus,http://ufcstats.com/fighter-details/1a31ef98efce7a79,"66.0""",19,6,1,3.31,51.0,2.98,65.0,1.22,43.0,90.0,0.8,
Stewart,http://ufcstats.com/fighter-details/2bd98ab77a8daa75,"65.0""",8,3,0,3.63,39.0,5.84,49.0,1.63,11.0,28.0,0.0,
Jaimelene,http://ufcstats.com/fighter-details/3edf45e1717fa764,--,7,4,0,1.67,53.0,8.73,33.0,1.79,16.0,0.0,0.0,
Khomkrit,http://ufcstats.com/fighter-details/52a003d768f10d91,--,6,10,0,0.0,0.0,5.73,44.0,0.0,0.0,0.0,0.0,
Tom,http://ufcstats.com/fighter-details/5fceb45939fc0c8a,"69.0""",22,8,1,1.91,54.0,2.31,58.0,2.97,46.0,33.0,0.5,
Ramsey,http://ufcstats.com/fighter-details/22aa91e402d0fe1f,"75.0""",9,6,0,3.05,44.0,1.62,62.0,5.32,62.0,55.0,1.1,
Hans,http://ufcstats.com/fighter-details/4956f60b7fa57c1a,--,9,7,0,0.0,0.0,0.0,0.0,0.0,0.0,0.0,0.0,
Fedor,http://ufcstats.com/fighter-details/346f789951e85f3f,--,0,0,0,0.0,0.0,0.0,0.0,0.0,0.0,0.0,0.0,
Jack,http://ufcstats.com/fighter-details/53e533db1b8e9712,--,2,6,0,0.0,0.0,0.0,0.0,0.0,0.0,0.0,0.0,
Mats,http://ufcstats.com/fighter-details/a9bcf8717dd12532,--,11,4,1,2.99,39.0,5.62,63.0,3.87,83.0,44.0,2.3,
Guangyou,http://ufcstats.com/fighter-details/2c1170b825f58e57,"64.0""",5,4,1,2.66,41.0,1.91,61.0,1.09,50.0,62.0,0.3,
Soichi,http://ufcstats.com/fighter-details/6810d8d2dd557cf9,--,5,10,1,0.0,0.0,0.0,0.0,0.0,0.0,0.0,0.0,
Yosuke,http://ufcstats.com/fighter-details/5cde96e0a1a1fffe,--,0,5,0,1.72,37.0,5.59,56.0,0.0,0.0,0.0,0.0,
Yamato,http://ufcstats.com/fighter-details/7beecbe0a08cf002,--,21,3,6,0.0,0.0,0.0,0.0,0.0,0.0,0.0,0.0,
Akiyo,http://ufcstats.com/fighter-details/6c9383ffab2725a5,--,13,8,1,1.59,57.0,1.26,57.0,0.0,0.0,52.0,0.3,
Anthony,http://ufcstats.com/fighter-details/6bf5a7d3e081ade2,"75.0""",16,12,0,3.94,46.0,2.41,65.0,0.5,45.0,53.0,0.2,
Chidi,http://ufcstats.com/fighter-details/c68c68efaa5ca6ef,"80.0""",25,12,0,5.16,61.0,3.32,57.0,0.0,0.0,75.0,0.1,
Derrick,http://ufcstats.com/fighter-details/21321cdfba797c52,--,27,15,1,6.21,40.0,3.79,59.0,0.0,0.0,0.0,0.0,
Kyle,http://ufcstats.com/fighter-details/4acf03bdec2025d7,--,11,2,0,0.0,0.0,0.0,0.0,0.0,0.0,0.0,0.0,
Pedro,http://ufcstats.com/fighter-details/e983c62faf677ab2,--,18,4,2,1.37,30.0,9.16,35.0,0.0,0.0,0.0,0.0,
Jacob,http://ufcstats.com/fighter-details/9bff1b4c37ebbede,--,3,11,0,0.0,0.0,0.0,0.0,0.0,0.0,0.0,0.0,
Antonio Rodrigo,http://ufcstats.com/fighter-details/ee9d73f4fee9cbdd,"77.0""",34,10,1,1.95,42.0,2.4,55.0,1.3,29.0,36.0,2.4,
Rogerio,http://ufcstats.com/fighter-details/73e09f837f3b5ecc,"75.0""",23,10,0,2.43,35.0,2.34,59.0,0.64,44.0,62.0,0.8,
Alexandre Franca,http://ufcstats.com/fighter-details/4c27ca8c8481f79a,--,18,6,3,0.6,20.0,4.18,57.0,0.0,0.0,0.0,0.0,
Talita,http://ufcstats.com/fighter-details/a3d1d060f9af97fe,--,6,0,0,0.0,0.0,0.0,0.0,0.0,0.0,0.0,0.0,
Kyle,http://ufcstats.com/fighter-details/7339d340aa2889cb,"76.0""",22,10,1,3.23,50.0,2.09,64.0,1.53,54.0,66.0,0.8,
Tom,http://ufcstats.com/fighter-details/6c3b2525436cf5d4,"73.0""",10,1,0,5.87,45.0,4.73,48.0,0.74,22.0,71.0,1.9,
Eric,http://ufcstats.com/fighter-details/64b12fe31be7560c,"74.0""",8,4,0,3.14,39.0,5.13,41.0,0.0,0.0,71.0,0.0,
Nick,http://ufcstats.com/fighter-details/d665de9b4da87c22,--,5,4,0,0.0,0.0,0.0,0.0,0.0,0.0,0.0,0.0,
KJ,http://ufcstats.com/fighter-details/b7ffa72aa148599a,"70.0""",13,9,0,3.68,35.0,3.78,65.0,0.08,20.0,68.0,0.0,
Sage,http://ufcstats.com/fighter-details/ed9d8ee3a4239b1c,"71.0""",11,2,0,3.58,52.0,1.96,58.0,1.81,34.0,41.0,0.6,
Jan,http://ufcstats.com/fighter-details/bd4389b71fdc0ce2,--,2,6,0,3.32,51.0,4.5,32.0,0.0,0.0,66.0,2.9,
Scott,http://ufcstats.com/fighter-details/f21a3d68fb9df387,--,7,1,0,0.67,30.0,0.34,60.0,2.52,25.0,0.0,0.0,
Shohei,http://ufcstats.com/fighter-details/6b0e83b094f816ac,"68.0""",12,5,2,1.52,37.0,2.17,52.0,2.23,17.0,14.0,3.6,
Jonatas,http://ufcstats.com/fighter-details/9e8e5c529057fe60,--,13,5,0,0.0,0.0,0.0,0.0,0.0,0.0,0.0,0.0,
Jason,http://ufcstats.com/fighter-details/459e4dc69ec669b2,--,11,3,1,1.73,24.0,3.55,66.0,0.7,33.0,100.0,0.0,
Phillipe,http://ufcstats.com/fighter-details/64360e618823a8e4,"72.0""",11,8,1,1.79,35.0,2.48,56.0,0.99,28.0,44.0,0.7,
Shayilan,http://ufcstats.com/fighter-details/0a73acff6325c1e2,"69.0""",39,12,0,1.95,45.0,2.64,50.0,3.3,35.0,28.0,0.2,
Azamat,http://ufcstats.com/fighter-details/b37321c0bb9e8570,"77.0""",13,2,1,0.6,56.0,1.6,25.0,4.0,44.0,0.0,0.0,
Diego,http://ufcstats.com/fighter-details/3a24769a4855040a,"67.0""",19,7,0,2.72,43.0,2.59,58.0,1.18,44.0,65.0,0.6,
Amanda,http://ufcstats.com/fighter-details/80fa8218c99f9c58,"69.0""",23,5,0,4.55,51.0,2.62,57.0,2.73,54.0,82.0,0.7,
Nina,http://ufcstats.com/fighter-details/d343df8ba11f4c4e,"64.0""",11,7,0,4.39,45.0,3.47,55.0,0.24,33.0,73.0,0.5,
Istela,http://ufcstats.com/fighter-details/efc67b07eed39794,"66.0""",6,6,0,4.28,47.0,4.07,59.0,0.0,0.0,47.0,0.0,
Josiane,http://ufcstats.com/fighter-details/68d35296f566792b,"67.0""",10,4,0,5.65,43.0,5.76,51.0,0.0,0.0,58.0,0.0,
Diyar,http://ufcstats.com/fighter-details/709fadb644ee3f51,"74.0""",11,2,0,4.52,59.0,2.81,61.0,1.37,75.0,80.0,0.0,
Khabib,http://ufcstats.com/fighter-details/032cc3922d871c7f,"70.0""",29,0,0,4.1,48.0,1.75,65.0,5.32,48.0,84.0,0.8,
Said,http://ufcstats.com/fighter-details/0fd5f4b838e890cc,"70.0""",18,5,0,3.08,48.0,2.05,55.0,0.86,15.0,63.0,1.1,
Abubakar,http://ufcstats.com/fighter-details/029e1293e609fd74,"72.0""",17,4,1,2.78,53.0,2.61,65.0,1.25,22.0,88.0,0.0,
Umar,http://ufcstats.com/fighter-details/2b6fc1c02736833d,"69.0""",20,1,0,3.86,56.0,1.86,61.0,4.03,46.0,79.0,0.2,
Adilet,http://ufcstats.com/fighter-details/689502703bbfe5f2,--,13,2,0,0.0,0.0,0.0,0.0,0.0,0.0,0.0,0.0,
Kennedy,http://ufcstats.com/fighter-details/8667caa0451d245b,"83.0""",14,6,1,4.96,46.0,4.58,51.0,0.5,45.0,80.0,0.2,
Jake,http://ufcstats.com/fighter-details/20bcc9966affb19c,"76.0""",15,4,0,1.31,31.0,1.92,69.0,6.39,54.0,25.0,0.2,
TJ,http://ufcstats.com/fighter-details/d25b93992f285953,--,20,8,0,3.77,46.0,4.78,57.0,0.94,100.0,0.0,0.0,
Sean,http://ufcstats.com/fighter-details/cb52f9490c2dc069,"74.0""",17,9,0,5.46,48.0,6.77,45.0,0.0,0.0,30.0,0.5,
Dan,http://ufcstats.com/fighter-details/69ea0119f6f0dfe0,--,6,6,0,4.0,56.0,5.1,54.0,0.0,0.0,100.0,0.0,
Sean,http://ufcstats.com/fighter-details/46effbd1135423c5,--,4,2,0,8.28,57.0,22.76,21.0,0.0,0.0,0.0,0.0,
Sean,http://ufcstats.com/fighter-details/b50a426a33da0012,"72.0""",19,3,0,6.05,60.0,3.4,60.0,0.24,42.0,60.0,0.2,
Jeremiah,http://ufcstats.com/fighter-details/338fda4ec7034c5d,--,13,25,0,1.15,40.0,7.5,23.0,0.0,0.0,0.0,0.0,
Chuck,http://ufcstats.com/fighter-details/56bc9ccb609df534,--,17,9,0,3.13,37.0,4.4,72.0,0.0,0.0,0.0,0.0,
Casey,http://ufcstats.com/fighter-details/04835018f90b118c,"69.0""",11,2,0,7.89,52.0,5.53,57.0,1.4,34.0,70.0,0.7,
Brendan,http://ufcstats.com/fighter-details/494b0bfdbac74502,"69.0""",6,3,0,1.9,47.0,2.77,39.0,2.22,43.0,36.0,0.6,
Takahiro,http://ufcstats.com/fighter-details/7139cd2ae4bf6a29,--,5,7,1,0.23,25.0,1.82,69.0,0.0,0.0,0.0,0.0,
Nobuhiro,http://ufcstats.com/fighter-details/6e3282d57d2467a0,--,12,5,1,0.63,28.0,2.53,55.0,0.5,50.0,41.0,0.5,
Jose,http://ufcstats.com/fighter-details/88be62d6c1e6dadb,"67.0""",8,2,0,3.01,37.0,2.33,60.0,0.43,50.0,59.0,1.3,
Christian,http://ufcstats.com/fighter-details/2d6d6ffe5a446ea2,"69.0""",2,1,0,1.73,53.0,5.27,34.0,0.0,0.0,63.0,0.0,
Kaito,http://ufcstats.com/fighter-details/629bac37f70891fb,--,8,2,0,0.0,0.0,0.0,0.0,0.0,0.0,0.0,0.0,
Richard,http://ufcstats.com/fighter-details/f43907e75f8d9baa,--,13,3,0,0.0,0.0,0.0,0.0,0.0,0.0,0.0,0.0,
Volkan,http://ufcstats.com/fighter-details/0845c81e37d3bcb3,"75.0""",21,8,0,4.99,48.0,4.19,55.0,0.5,29.0,80.0,0.1,
Kaan,http://ufcstats.com/fighter-details/7facc9c45d792985,"66.0""",14,4,1,2.33,45.0,3.34,54.0,0.38,7.0,0.0,0.4,
Naoya,http://ufcstats.com/fighter-details/4b2390cfaceb91d8,--,7,2,0,2.41,42.0,1.66,47.0,1.25,100.0,66.0,1.2,
Trey,http://ufcstats.com/fighter-details/cfc3e7bb44685289,"72.0""",18,7,0,3.2,50.0,3.49,55.0,1.89,32.0,100.0,0.7,
Andy,http://ufcstats.com/fighter-details/b6c4451cb13c9303,"69.0""",9,6,0,2.24,44.0,2.23,50.0,1.44,26.0,58.0,0.0,
Ho Taek,http://ufcstats.com/fighter-details/5c020ee6ab450870,--,7,2,1,0.0,0.0,0.0,0.0,0.0,0.0,0.0,0.0,
Michiyoshi,http://ufcstats.com/fighter-details/6a8a06b542e1516d,--,0,2,0,0.28,29.0,3.13,48.0,0.0,0.0,33.0,0.0,
Koji,http://ufcstats.com/fighter-details/01daf32100ed7517,--,25,10,10,1.43,9.0,17.86,43.0,0.0,0.0,0.0,0.0,
Takayuki,http://ufcstats.com/fighter-details/32541eb5d12668b4,--,3,3,2,0.0,0.0,0.0,0.0,0.0,0.0,0.0,0.0,
Yushin,http://ufcstats.com/fighter-details/acff437707625fc7,"75.0""",34,12,0,2.06,38.0,2.25,60.0,1.98,39.0,84.0,0.5,
JJ,http://ufcstats.com/fighter-details/aa40fe6038db56cb,"76.0""",7,1,0,6.93,55.0,5.27,50.0,0.0,0.0,100.0,0.0,
Bolaji,http://ufcstats.com/fighter-details/4bdedbdeedff7d1d,"73.0""",10,4,0,6.42,45.0,5.12,61.0,1.02,57.0,75.0,0.0,
Kazuki,http://ufcstats.com/fighter-details/33454ad90754cb49,--,7,9,0,1.53,38.0,1.97,46.0,0.51,25.0,36.0,2.0,
Masakatsu,http://ufcstats.com/fighter-details/02a65a55f25fb4f3,--,8,5,0,0.0,0.0,4.27,34.0,0.0,0.0,0.0,4.3,
Aleksei,http://ufcstats.com/fighter-details/98c23cb6da5b3352,"80.0""",60,17,1,3.29,48.0,3.8,44.0,1.82,46.0,37.0,1.9,
Michal,http://ufcstats.com/fighter-details/0d65c432720accb9,"74.0""",22,9,0,5.85,53.0,4.5,59.0,1.02,42.0,52.0,0.0,
Cezary,http://ufcstats.com/fighter-details/084532da3d25f3b8,"75.0""",17,3,0,1.99,86.0,0.77,47.0,5.77,85.0,100.0,0.0,
Rafaello,http://ufcstats.com/fighter-details/15b1b21cd743d652,"71.0""",17,8,0,2.19,33.0,3.38,59.0,2.49,36.0,11.0,1.6,
Charles,http://ufcstats.com/fighter-details/07225ba28ae309b6,"74.0""",37,11,0,3.23,55.0,3.05,48.0,2.29,39.0,54.0,2.6,
Jorge,http://ufcstats.com/fighter-details/bec2746f033802c3,--,5,3,1,0.0,0.0,0.0,0.0,0.0,0.0,0.0,0.0,
Ednaldo,http://ufcstats.com/fighter-details/acd9513399a8b09b,--,17,3,1,1.03,22.0,1.8,52.0,0.0,0.0,42.0,0.0,
Alex,http://ufcstats.com/fighter-details/57b10fca4f9c9a7a,"76.0""",22,12,1,2.99,51.0,2.55,46.0,2.35,38.0,63.0,0.6,
Maria,http://ufcstats.com/fighter-details/37d752ec41ed84bb,"69.0""",13,7,0,5.03,38.0,5.76,44.0,0.95,44.0,47.0,0.0,
Bruno,http://ufcstats.com/fighter-details/1e85912c9bab7e2b,"80.0""",8,2,0,3.44,33.0,4.92,54.0,0.0,0.0,0.0,0.0,
Saimon,http://ufcstats.com/fighter-details/72ea1984c52019b5,"72.0""",18,7,0,2.62,42.0,3.87,45.0,1.18,28.0,36.0,1.2,
Vinicius,http://ufcstats.com/fighter-details/18d01f7f8338ae72,"70.0""",23,4,0,4.73,43.0,2.7,57.0,1.45,46.0,70.0,0.2,
Ravena,http://ufcstats.com/fighter-details/4948e412fa6ab67d,"65.0""",7,4,1,1.91,30.0,3.72,46.0,0.88,50.0,46.0,0.0,
Michael,http://ufcstats.com/fighter-details/037cfd34a27d59e9,"78.0""",9,0,0,8.4,51.0,3.36,66.0,0.0,0.0,100.0,0.0,
Wendell,http://ufcstats.com/fighter-details/32c03df3c9760069,--,29,10,0,3.77,47.0,4.4,47.0,0.0,0.0,100.0,0.0,
Felipe,http://ufcstats.com/fighter-details/948880beac71f028,--,14,5,0,6.68,58.0,4.6,57.0,0.0,0.0,71.0,0.0,
Andy,http://ufcstats.com/fighter-details/e96d8538d3f9d0ed,--,3,1,0,2.36,57.0,0.32,85.0,0.68,100.0,80.0,0.0,
Shana,http://ufcstats.com/fighter-details/dfbb95ca0c143988,--,5,2,0,0.0,0.0,0.0,0.0,0.0,0.0,0.0,0.0,
Casey,http://ufcstats.com/fighter-details/7613773461b276f4,--,14,5,0,2.48,60.0,0.0,100.0,3.54,57.0,100.0,1.8,
Dennis,http://ufcstats.com/fighter-details/8e0709784259402d,--,14,11,0,1.02,42.0,5.27,38.0,2.77,40.0,0.0,0.0,
Cameron,http://ufcstats.com/fighter-details/5a9104718439ef44,"75.0""",7,3,0,3.13,47.0,2.2,57.0,3.0,42.0,100.0,1.0,
Gadzhi,http://ufcstats.com/fighter-details/684d3aee255a3d09,"71.0""",13,2,0,1.8,39.0,2.2,39.0,1.35,30.0,60.0,0.5,
Alan,http://ufcstats.com/fighter-details/f2ad06f1007c481a,--,20,5,0,3.49,55.0,2.21,64.0,1.69,42.0,66.0,0.0,
Daniel,http://ufcstats.com/fighter-details/470fedbc8563ac47,"74.0""",19,8,1,3.09,57.0,3.29,47.0,0.56,26.0,68.0,0.1,
Michihiro,http://ufcstats.com/fighter-details/9f842be1a5337be6,"68.0""",17,14,1,2.01,39.0,3.06,64.0,1.19,36.0,49.0,1.5,
David,http://ufcstats.com/fighter-details/ffe9703408fb5964,"74.0""",14,3,0,5.07,50.0,4.89,51.0,1.05,30.0,52.0,0.5,
Charlie,http://ufcstats.com/fighter-details/318572f6f74b760d,"74.0""",11,9,0,1.89,41.0,5.86,31.0,0.0,0.0,30.0,0.0,
Chibwikem,http://ufcstats.com/fighter-details/887e09328cd63df1,--,5,0,0,5.6,55.0,3.4,52.0,0.0,0.0,100.0,0.0,
Myktybek,http://ufcstats.com/fighter-details/bf2c8e01b07d3eb1,"74.0""",16,2,1,2.78,50.0,2.7,51.0,8.77,59.0,40.0,0.5,
Sam,http://ufcstats.com/fighter-details/6b8db407d49c6e4b,--,13,3,0,7.68,56.0,1.44,70.0,3.6,33.0,100.0,0.0,
Brian,http://ufcstats.com/fighter-details/def8166ff24bd237,"69.0""",16,5,0,3.84,37.0,6.38,49.0,0.93,25.0,54.0,0.9,
Tito,http://ufcstats.com/fighter-details/2f732dd9210d301f,"74.0""",19,12,1,2.59,46.0,2.88,60.0,2.47,35.0,54.0,0.6,
Jorge,http://ufcstats.com/fighter-details/9c5828c6fd9dc948,--,18,9,1,3.53,58.0,2.8,73.0,0.0,0.0,0.0,0.0,
Dustin,http://ufcstats.com/fighter-details/f53c1f4ceeed8c08,"65.0""",19,8,0,2.94,44.0,2.17,56.0,3.01,36.0,52.0,0.1,
Kenji,http://ufcstats.com/fighter-details/8eb239a52fc4ec14,"66.0""",20,11,2,2.34,35.0,2.14,63.0,0.91,58.0,68.0,0.7,
Ode,http://ufcstats.com/fighter-details/6d68c1afe954f121,"73.0""",13,9,0,2.94,40.0,3.24,49.0,0.94,29.0,66.0,0.4,
Kurt,http://ufcstats.com/fighter-details/f84dfc5a8d178403,--,4,1,0,0.0,0.0,0.0,0.0,0.0,0.0,0.0,0.0,
Nick,http://ufcstats.com/fighter-details/5b407acfe0ef9b76,"76.0""",6,3,0,2.83,50.0,3.77,50.0,1.2,45.0,71.0,1.0,
Nissen,http://ufcstats.com/fighter-details/d632d156c0549e07,--,12,4,0,3.15,58.0,2.9,41.0,0.63,12.0,42.0,1.3,
Rachael,http://ufcstats.com/fighter-details/01784fbc27c68b14,"62.0""",4,6,0,2.54,43.0,3.97,57.0,2.03,83.0,66.0,0.8,
Pedro,http://ufcstats.com/fighter-details/4512e46543b960ad,--,19,8,0,0.0,0.0,0.0,0.0,0.0,0.0,0.0,0.0,
Alexander,http://ufcstats.com/fighter-details/865aa315ea62c511,--,5,13,0,0.9,55.0,1.16,51.0,1.51,43.0,53.0,0.8,
Takafumi,http://ufcstats.com/fighter-details/6b8f28da9a483049,--,22,13,2,1.29,27.0,2.12,67.0,1.64,27.0,65.0,0.0,
Quemuel,http://ufcstats.com/fighter-details/7ce21433c2a53168,"72.0""",12,3,0,0.0,0.0,0.0,0.0,0.0,0.0,0.0,0.0,
Zak,http://ufcstats.com/fighter-details/47cd337b86b1af92,"72.0""",17,7,0,2.63,36.0,2.73,58.0,0.97,29.0,57.0,0.4,
Artur,http://ufcstats.com/fighter-details/1ef0eae31904e534,--,9,6,0,1.2,33.0,1.67,82.0,3.0,75.0,33.0,0.0,
Sidney,http://ufcstats.com/fighter-details/871ce0b4a01922b6,"74.0""",8,4,0,0.13,33.0,0.8,71.0,3.0,75.0,0.0,3.0,
Alistair,http://ufcstats.com/fighter-details/b4ad3a06ee4d660c,"80.0""",47,19,0,3.67,64.0,2.44,57.0,1.42,55.0,73.0,0.8,
Valentijn,http://ufcstats.com/fighter-details/20e403a1acfef130,--,30,32,0,0.93,34.0,1.49,58.0,1.86,50.0,0.0,4.7,
Craig,http://ufcstats.com/fighter-details/4bb9d7a32d02a03e,--,0,3,0,0.0,0.0,0.0,0.0,0.0,0.0,0.0,0.0,
Shungo,http://ufcstats.com/fighter-details/47b7e4e60813b7b2,--,14,19,0,0.64,25.0,1.96,57.0,1.07,57.0,62.0,0.5,
Ren,http://ufcstats.com/fighter-details/8997ee20b6a43d76,"68.0""",6,1,2,1.2,35.0,1.07,55.0,0.0,0.0,36.0,0.0,
Alptekin,http://ufcstats.com/fighter-details/e18a19001a3f7c7d,"65.0""",9,5,0,3.81,32.0,5.72,59.0,4.21,58.0,75.0,0.0,
Raquel,http://ufcstats.com/fighter-details/373be586f370d400,--,6,5,0,1.71,56.0,3.42,46.0,0.0,0.0,18.0,0.0,
Nick,http://ufcstats.com/fighter-details/8cb76103cd8a1562,"68.0""",8,3,0,1.48,34.0,3.14,57.0,2.52,43.0,54.0,0.5,
Jimmie,http://ufcstats.com/fighter-details/4652b685fa11e7fd,--,7,2,0,0.0,0.0,0.0,0.0,0.0,0.0,0.0,0.0,
Larissa,http://ufcstats.com/fighter-details/16b89be2f5c16fba,--,10,2,0,1.21,19.0,4.14,55.0,0.0,0.0,0.0,0.0,
Angel,http://ufcstats.com/fighter-details/07797f10b9569cfc,"70.0""",7,4,0,7.58,36.0,10.56,41.0,0.33,50.0,16.0,0.0,
Teemu,http://ufcstats.com/fighter-details/8f4eeaf7a0df7c1a,"75.0""",8,3,0,2.57,54.0,3.91,47.0,2.31,25.0,100.0,1.5,
George,http://ufcstats.com/fighter-details/c51da79b0346b5b7,--,10,5,0,4.69,53.0,2.68,63.0,5.03,100.0,100.0,5.0,
Cyrillo,http://ufcstats.com/fighter-details/856c4d2668a875f9,--,3,3,0,0.0,0.0,0.0,0.0,0.0,0.0,0.0,0.0,
Gary,http://ufcstats.com/fighter-details/01dd4cdc2446f665,--,12,6,0,2.2,27.0,2.0,76.0,0.0,0.0,50.0,0.0,
Fernando,http://ufcstats.com/fighter-details/d2f43cfaf8ca3560,"76.0""",16,6,0,6.07,40.0,5.74,52.0,0.0,0.0,100.0,0.6,
Chris,http://ufcstats.com/fighter-details/06626b6287e1ae1e,"74.0""",17,6,1,6.19,54.0,4.88,49.0,1.13,28.0,80.0,0.3,
Damacio,http://ufcstats.com/fighter-details/c96e2ae6021144a1,"66.0""",19,10,0,2.05,38.0,2.47,51.0,2.63,64.0,23.0,0.9,
Michael,http://ufcstats.com/fighter-details/a67d071163962af8,"79.0""",25,3,0,2.28,58.0,1.51,62.0,0.19,16.0,70.0,0.0,
Dustin,http://ufcstats.com/fighter-details/55f80a8aeffcdb33,"74.0""",12,11,0,1.65,53.0,2.96,41.0,1.03,44.0,55.0,2.6,
Josh,http://ufcstats.com/fighter-details/1e12c1dbbb1e2dda,--,8,2,0,0.0,0.0,0.0,0.0,0.0,0.0,0.0,0.0,
Raulian,http://ufcstats.com/fighter-details/82b4e942781b1046,"69.0""",21,5,0,4.14,42.0,5.01,48.0,0.65,23.0,77.0,0.2,
Dinis,http://ufcstats.com/fighter-details/ad3a5e465c76e499,"71.0""",13,8,0,2.6,41.0,2.73,67.0,0.0,0.0,81.0,0.0,
Fredson,http://ufcstats.com/fighter-details/320edfb0332b7073,"66.0""",10,5,0,1.71,54.0,2.31,62.0,0.62,11.0,10.0,2.2,
Luis,http://ufcstats.com/fighter-details/e530df53922f413e,"69.0""",8,2,0,6.03,57.0,8.2,52.0,0.0,0.0,66.0,0.0,
Jose,http://ufcstats.com/fighter-details/de20ffb3fc2e7629,--,3,2,0,2.67,70.0,1.0,79.0,0.0,0.0,50.0,1.7,
Ricky,http://ufcstats.com/fighter-details/797ddccda75f169f,--,10,1,0,7.73,53.0,3.27,59.0,0.0,0.0,100.0,0.0,
Bart,http://ufcstats.com/fighter-details/4304992c2acc187b,"70.0""",36,17,0,2.67,32.0,3.97,57.0,0.65,31.0,53.0,0.5,
Sasha,http://ufcstats.com/fighter-details/a6c20202c701e5ca,"72.0""",6,4,0,6.69,53.0,5.44,52.0,0.72,100.0,70.0,0.0,
Soa,http://ufcstats.com/fighter-details/60029bcf496bd707,"81.0""",22,5,0,2.47,57.0,2.68,48.0,2.2,47.0,66.0,0.0,
Rousimar,http://ufcstats.com/fighter-details/8ddf9c51c5fdea75,"71.0""",19,8,0,1.75,51.0,2.04,59.0,3.93,45.0,0.0,4.1,
Tulio,http://ufcstats.com/fighter-details/e8c170a64dc920ac,--,2,16,0,0.0,0.0,0.0,0.0,0.0,0.0,0.0,0.0,
Stephen,http://ufcstats.com/fighter-details/ab7c212de9f66af0,--,11,7,1,0.0,0.0,0.0,0.0,0.0,0.0,0.0,0.0,
Eduardo,http://ufcstats.com/fighter-details/f31c0905045fa100,--,16,4,0,0.0,0.0,0.0,0.0,0.0,0.0,0.0,0.0,
Ruel,http://ufcstats.com/fighter-details/2742f028399bf8c7,"67.0""",6,2,0,2.53,51.0,5.6,46.0,1.0,20.0,50.0,0.0,
Yuri,http://ufcstats.com/fighter-details/36d811b015635b67,"72.0""",9,1,0,3.65,50.0,2.55,60.0,2.64,57.0,36.0,0.0,
Alexandre,http://ufcstats.com/fighter-details/a0f0004aadf10b71,"67.0""",30,6,0,4.38,50.0,3.88,49.0,2.79,47.0,69.0,1.0,
Jared,http://ufcstats.com/fighter-details/edad57b3dddf2168,"67.0""",20,13,0,3.33,39.0,3.81,44.0,0.0,0.0,50.0,0.0,
Kathryn,http://ufcstats.com/fighter-details/bd381cde8426077a,"63.0""",3,2,0,1.0,23.0,4.27,43.0,0.0,0.0,0.0,0.0,
Joe,http://ufcstats.com/fighter-details/74fefd43f073cd2f,--,4,6,0,0.0,0.0,0.0,0.0,0.0,0.0,0.0,0.0,
Bryan,http://ufcstats.com/fighter-details/56116537d71a578c,--,13,16,0,1.11,36.0,4.59,45.0,4.75,40.0,33.0,0.0,
Remco,http://ufcstats.com/fighter-details/749685d24e2cac50,--,9,6,1,0.0,0.0,0.0,0.0,0.0,0.0,0.0,0.0,
Ido,http://ufcstats.com/fighter-details/7573d25a078b5732,--,13,6,0,0.0,0.0,2.86,45.0,0.0,0.0,0.0,0.0,
Josh,http://ufcstats.com/fighter-details/b5da8f7d05e85a55,"79.0""",15,8,0,4.55,48.0,4.88,41.0,0.98,33.0,46.0,0.2,
Karo,http://ufcstats.com/fighter-details/349aaa3da11eb587,"72.0""",24,11,0,2.49,41.0,2.19,58.0,5.27,59.0,59.0,1.0,
Won Sik,http://ufcstats.com/fighter-details/9df394db5ca103eb,--,11,7,1,2.6,43.0,2.2,47.0,0.0,0.0,0.0,0.0,
JunYong,http://ufcstats.com/fighter-details/285ae0b4a68221f4,"73.0""",19,7,0,4.64,51.0,3.82,51.0,1.69,42.0,54.0,0.8,
Harvey,http://ufcstats.com/fighter-details/b709b534b6873744,"70.0""",12,3,0,3.77,50.0,7.21,33.0,0.0,0.0,0.0,0.0,
HyunSung,http://ufcstats.com/fighter-details/b671bdf981ad527d,"66.0""",10,2,0,3.38,41.0,3.14,55.0,1.5,31.0,47.0,1.8,
JaeHyun,http://ufcstats.com/fighter-details/fe1595732dfb08fc,"73.0""",8,4,0,1.75,67.0,1.36,45.0,2.31,85.0,22.0,0.4,
EoJin,http://ufcstats.com/fighter-details/f79e7f138bf50cc0,"71.0""",9,2,1,3.78,40.0,3.92,47.0,0.0,0.0,0.0,0.0,
Bo Hyun,http://ufcstats.com/fighter-details/504d3a11e4408253,--,8,3,0,0.0,0.0,0.0,0.0,0.0,0.0,0.0,0.0,
Norman,http://ufcstats.com/fighter-details/14ff46596ad80609,"70.0""",23,6,1,3.06,35.0,2.88,64.0,1.98,26.0,77.0,0.0,
Ryan,http://ufcstats.com/fighter-details/6a0b80a24f22e152,--,0,1,0,0.0,0.0,0.0,0.0,0.0,0.0,0.0,0.0,
Larry,http://ufcstats.com/fighter-details/c0231720fe516994,--,13,6,1,0.0,0.0,0.0,0.0,0.0,0.0,0.0,0.0,
Tyra,http://ufcstats.com/fighter-details/64be3dc99eaa42b6,--,4,5,0,1.5,22.0,9.0,14.0,0.0,0.0,0.0,0.0,
Mick,http://ufcstats.com/fighter-details/0d5cc0170c1a7e71,"79.0""",10,1,0,4.7,50.0,4.13,58.0,1.38,46.0,50.0,0.2,
Willie,http://ufcstats.com/fighter-details/86ad0ae839331bd7,--,5,2,0,0.0,0.0,0.0,0.0,0.0,0.0,0.0,0.0,
Jordan,http://ufcstats.com/fighter-details/8b2a18d3c6735083,--,11,2,0,3.29,40.0,2.37,60.0,1.54,21.0,50.0,1.0,
Preston,http://ufcstats.com/fighter-details/9fe7af8b3fbe00a0,"71.0""",11,6,0,3.54,51.0,3.25,54.0,3.46,36.0,71.0,2.3,
Jonny,http://ufcstats.com/fighter-details/2975297f505e9447,"69.0""",9,3,0,4.65,44.0,4.89,60.0,0.0,0.0,66.0,0.0,
Onassis,http://ufcstats.com/fighter-details/96d173b7f92aa520,--,2,1,0,0.0,0.0,0.0,0.0,0.0,0.0,0.0,0.0,
Ramona,http://ufcstats.com/fighter-details/3eb4dc9a7d4ac906,"66.0""",6,5,0,3.87,57.0,8.43,46.0,1.81,19.0,100.0,0.0,
Quentin,http://ufcstats.com/fighter-details/15b1f83a90302adf,--,3,0,0,0.0,0.0,0.0,0.0,0.0,0.0,0.0,0.0,
Billy,http://ufcstats.com/fighter-details/e5a59983f4603621,"66.0""",10,3,0,0.65,20.0,5.22,48.0,0.0,0.0,0.0,4.9,
Guilherme,http://ufcstats.com/fighter-details/ba15006c804a8de0,"81.0""",6,1,0,2.7,61.0,2.03,51.0,0.0,0.0,100.0,0.0,
Jhonoven,http://ufcstats.com/fighter-details/6b16024d44eb03a2,"75.0""",6,4,0,2.88,53.0,6.13,33.0,2.7,100.0,0.0,0.0,
Windri,http://ufcstats.com/fighter-details/66d42e9503fa108e,"71.0""",8,1,0,0.31,50.0,7.64,31.0,0.0,0.0,0.0,0.0,
Jorge,http://ufcstats.com/fighter-details/c8cca8f3de5be4b4,--,38,19,2,1.33,30.0,3.14,53.0,0.54,25.0,50.0,0.0,
Russell,http://ufcstats.com/fighter-details/eafedba0617ced81,--,6,4,0,0.0,0.0,0.0,0.0,0.0,0.0,0.0,0.0,
Claude,http://ufcstats.com/fighter-details/56116a79e4deed06,"75.0""",14,2,0,1.8,55.0,0.89,69.0,2.32,53.0,84.0,1.7,
Alan,http://ufcstats.com/fighter-details/cd7763bcadb5d4c8,"74.0""",15,4,0,1.82,40.0,2.95,43.0,3.01,33.0,43.0,0.3,
Michael,http://ufcstats.com/fighter-details/83d0de122f2f9664,--,12,4,0,1.65,28.0,5.53,55.0,0.0,0.0,0.0,0.0,
Justin,http://ufcstats.com/fighter-details/2dc7c49cfaeb867c,--,9,3,0,0.0,0.0,0.0,0.0,0.0,0.0,0.0,0.0,
Sam,http://ufcstats.com/fighter-details/8b6e5dc2ba1edbe7,"78.0""",14,3,1,2.62,37.0,3.06,50.0,0.82,50.0,33.0,1.6,
Zac,http://ufcstats.com/fighter-details/56f7d7ee06be4aab,"76.0""",7,3,0,4.46,62.0,2.73,58.0,0.38,7.0,100.0,0.0,
Julio,http://ufcstats.com/fighter-details/60c72f7459827881,--,23,5,0,0.97,27.0,1.87,48.0,0.0,0.0,37.0,0.5,
Thomas,http://ufcstats.com/fighter-details/dda67d7d3df6b406,"67.0""",11,4,0,7.33,33.0,8.67,64.0,0.0,0.0,0.0,0.0,
Sergei,http://ufcstats.com/fighter-details/f14cf73e51b29254,"84.0""",20,3,0,4.43,44.0,3.62,55.0,0.48,25.0,75.0,0.0,
Pawel,http://ufcstats.com/fighter-details/9310418684bc896f,"73.0""",12,3,0,1.67,33.0,2.22,53.0,1.0,37.0,70.0,0.0,
Estevan,http://ufcstats.com/fighter-details/d0a5ef38a7778ac2,--,16,12,0,4.25,42.0,3.58,57.0,0.36,100.0,60.0,0.4,
Sarah,http://ufcstats.com/fighter-details/748d4e35f846a029,--,1,4,0,0.29,16.0,2.06,30.0,0.0,0.0,0.0,0.0,
Roland,http://ufcstats.com/fighter-details/2e04a3b4a2011b97,--,0,1,0,0.0,0.0,0.0,0.0,0.0,0.0,0.0,0.0,
Jonathan,http://ufcstats.com/fighter-details/87c0b1c696ddfb43,"71.0""",14,7,0,5.12,54.0,3.32,54.0,5.02,50.0,55.0,0.8,
Joe,http://ufcstats.com/fighter-details/122806b56775a53a,--,45,30,1,0.59,18.0,3.51,33.0,0.0,0.0,0.0,4.4,
Ross,http://ufcstats.com/fighter-details/4f732e58ed907eff,"69.0""",20,16,0,3.68,40.0,4.09,62.0,0.74,35.0,75.0,0.0,
Andre,http://ufcstats.com/fighter-details/bba678d312590087,--,1,1,2,0.0,0.0,0.0,0.0,0.0,0.0,0.0,0.0,
Carlo,http://ufcstats.com/fighter-details/198994b47f395af0,"75.0""",11,3,0,4.17,37.0,4.12,61.0,2.91,44.0,0.0,0.0,
Matt,http://ufcstats.com/fighter-details/f354c50b8d63d9b3,--,3,1,0,0.0,0.0,0.0,0.0,0.0,0.0,0.0,0.0,
Tyson,http://ufcstats.com/fighter-details/49e96ff8ab781589,"79.0""",10,5,0,2.9,59.0,2.39,56.0,0.76,30.0,50.0,0.8,
Trevor,http://ufcstats.com/fighter-details/0bc697c5936a2d0a,"70.0""",9,3,0,4.39,53.0,3.88,43.0,1.45,50.0,52.0,0.0,
Willie,http://ufcstats.com/fighter-details/e7bfdb5e0112891e,--,9,10,1,0.0,0.0,0.0,0.0,0.0,0.0,0.0,0.0,
Filip,http://ufcstats.com/fighter-details/38ed5a2299230227,--,12,2,2,0.0,0.0,0.88,33.0,0.0,0.0,0.0,0.0,
Kurt,http://ufcstats.com/fighter-details/aa1952ec0b3dd8e1,"70.0""",16,7,0,2.45,43.0,1.94,63.0,2.9,54.0,69.0,0.8,
Yan,http://ufcstats.com/fighter-details/bfe95ec546692b13,--,11,13,0,0.59,25.0,0.89,66.0,4.43,100.0,0.0,0.0,
Julianna,http://ufcstats.com/fighter-details/3253b16d38ae087d,"69.0""",13,6,0,3.1,44.0,2.56,57.0,1.7,54.0,24.0,0.8,
Luis,http://ufcstats.com/fighter-details/2844b047183a1adb,"75.0""",9,3,0,3.66,46.0,3.12,51.0,1.17,33.0,48.0,1.2,
Felipe,http://ufcstats.com/fighter-details/566ff9546fc29acd,--,0,0,0,0.0,0.0,0.0,0.0,0.0,0.0,0.0,0.0,
Matej,http://ufcstats.com/fighter-details/abd64006fd37298d,"83.0""",6,1,0,1.28,33.0,2.55,33.0,0.0,0.0,0.0,0.0,
Sherman,http://ufcstats.com/fighter-details/e670f8cc2969a789,--,11,18,0,1.23,36.0,3.08,16.0,4.62,100.0,0.0,0.0,
Drew,http://ufcstats.com/fighter-details/34b634cb2471bdde,--,5,0,0,0.0,0.0,0.0,0.0,0.0,0.0,0.0,0.0,
Cathal,http://ufcstats.com/fighter-details/99c7610aa74995d3,"75.0""",17,4,1,2.49,44.0,3.01,55.0,2.46,23.0,83.0,0.4,
BJ,http://ufcstats.com/fighter-details/73c7cfa551289285,"70.0""",16,14,2,2.76,48.0,3.2,56.0,1.19,55.0,74.0,0.5,
Jessica,http://ufcstats.com/fighter-details/c742287ed86a09bc,"67.0""",14,9,0,2.63,33.0,5.05,45.0,1.29,18.0,36.0,0.5,
Nick,http://ufcstats.com/fighter-details/879b8df81523d91b,--,11,3,0,1.25,30.0,4.6,38.0,0.0,0.0,40.0,0.0,
Justin,http://ufcstats.com/fighter-details/0699c4b2a7c3c76f,--,3,3,0,0.0,0.0,0.0,0.0,0.0,0.0,0.0,0.0,
Raquel,http://ufcstats.com/fighter-details/fc169c387b4b465d,"67.0""",16,10,0,4.1,49.0,3.32,61.0,0.83,27.0,62.0,0.6,
Tecia,http://ufcstats.com/fighter-details/31ef8b67e13495b3,"60.0""",15,8,0,4.73,48.0,3.48,61.0,0.56,14.0,62.0,0.1,
Jerron,http://ufcstats.com/fighter-details/a2ac473d74eb157c,--,4,3,0,0.0,0.0,0.0,0.0,0.0,0.0,0.0,0.0,
Godofredo,http://ufcstats.com/fighter-details/fa37628269132d1a,"73.0""",13,6,0,2.32,38.0,3.23,47.0,0.37,7.0,35.0,1.5,
Ray,http://ufcstats.com/fighter-details/9a70f67ad2187fa3,--,13,22,0,0.18,25.0,2.39,32.0,0.0,0.0,33.0,0.0,
Robert,http://ufcstats.com/fighter-details/960d6cae8879ba2b,"71.0""",18,8,0,3.76,44.0,2.97,53.0,0.59,66.0,65.0,0.0,
Viviane,http://ufcstats.com/fighter-details/d50382dc0565a9e1,"63.0""",13,2,0,2.7,30.0,4.48,58.0,0.25,100.0,28.0,0.2,
Michel,http://ufcstats.com/fighter-details/595db60957de51d3,"73.0""",32,14,0,4.46,51.0,4.4,51.0,1.21,56.0,75.0,0.7,
Alex,http://ufcstats.com/fighter-details/e5549c82bfb5582d,"79.0""",13,3,0,5.16,62.0,3.5,53.0,0.11,50.0,79.0,0.2,
Daniel,http://ufcstats.com/fighter-details/44f46b0592ca0814,--,9,2,0,0.0,0.0,0.0,0.0,0.0,0.0,0.0,0.0,
Luciano,http://ufcstats.com/fighter-details/d7ee49bf3c779fa6,--,13,1,0,0.0,0.0,0.0,0.0,0.0,0.0,0.0,0.0,
Alice,http://ufcstats.com/fighter-details/81d2c551886bd5a1,"71.0""",7,1,0,2.83,36.0,3.11,66.0,0.0,0.0,75.0,0.0,
Rolando,http://ufcstats.com/fighter-details/4a9e305633f3ef47,--,7,5,2,4.23,36.0,4.83,63.0,0.0,0.0,100.0,0.0,
Philip,http://ufcstats.com/fighter-details/eee8efec7b951d84,--,7,5,1,1.36,100.0,0.68,66.0,10.23,100.0,0.0,10.2,
Erik,http://ufcstats.com/fighter-details/af62f99eb7606308,"68.0""",17,6,0,3.16,40.0,2.09,66.0,3.16,55.0,69.0,0.2,
Alejandro,http://ufcstats.com/fighter-details/80daefbed11ce998,"67.0""",23,9,1,3.45,35.0,3.18,61.0,0.54,22.0,70.0,0.3,
Frankie,http://ufcstats.com/fighter-details/96c336b463e0662c,"73.0""",10,4,0,1.64,41.0,2.17,54.0,1.75,41.0,50.0,0.3,
Jose,http://ufcstats.com/fighter-details/89578ae236ee04e9,--,1,0,0,0.0,0.0,0.0,0.0,0.0,0.0,0.0,0.0,
Alex,http://ufcstats.com/fighter-details/ab2b4ff41d6ebe0f,"65.0""",26,10,0,4.41,46.0,3.2,59.0,2.21,48.0,75.0,0.7,
Markus,http://ufcstats.com/fighter-details/2ac4628c08ec5125,"73.0""",12,5,0,2.6,47.0,3.72,52.0,0.81,25.0,77.0,1.0,
Ailin,http://ufcstats.com/fighter-details/06e4245d16fc5315,"66.0""",13,2,0,2.88,56.0,1.58,56.0,4.9,49.0,72.0,0.2,
Cristian,http://ufcstats.com/fighter-details/d84033157714ee94,"72.0""",13,2,0,1.31,44.0,3.23,41.0,3.46,37.0,100.0,1.1,
Rafael,http://ufcstats.com/fighter-details/8d3b4a630b1bf1e6,"76.0""",5,1,0,0.0,0.0,32.0,0.0,0.0,0.0,0.0,0.0,
Brando,http://ufcstats.com/fighter-details/d0fd0d9ee560dae7,"79.0""",7,1,0,11.0,57.0,4.26,58.0,0.0,0.0,71.0,0.0,
Anthony,http://ufcstats.com/fighter-details/4b4753d19489297f,"75.0""",15,10,0,2.27,43.0,3.77,53.0,2.03,22.0,33.0,1.1,
Thiago,http://ufcstats.com/fighter-details/c1a5d3843596df92,--,9,4,1,5.39,69.0,3.51,51.0,2.82,50.0,66.0,0.0,
Hernani,http://ufcstats.com/fighter-details/575360be653ad6a6,--,18,5,0,2.73,29.0,4.37,55.0,0.0,0.0,37.0,0.5,
Jay,http://ufcstats.com/fighter-details/01fed6f61ebea01f,"67.0""",10,7,0,3.71,46.0,3.9,44.0,2.83,52.0,58.0,0.0,
Mike,http://ufcstats.com/fighter-details/f2b6fdb20675b11c,"71.0""",14,8,0,4.32,47.0,5.16,52.0,0.81,40.0,78.0,0.2,
Raphael,http://ufcstats.com/fighter-details/41f90012b86a11bf,"78.0""",10,2,0,2.16,26.0,3.43,42.0,0.0,0.0,100.0,0.0,
Viktor,http://ufcstats.com/fighter-details/202b0467521c9d6f,"77.0""",10,4,0,1.58,36.0,2.54,56.0,3.29,28.0,100.0,0.0,
Leiticia,http://ufcstats.com/fighter-details/f3743d8ef5dde970,--,0,2,0,0.0,0.0,24.62,44.0,0.0,0.0,0.0,0.0,
Tony,http://ufcstats.com/fighter-details/c61f66d8c3fd5f07,--,2,3,1,0.0,0.0,0.0,0.0,0.0,0.0,0.0,0.0,
Tommy,http://ufcstats.com/fighter-details/7aabd61419f747d1,--,2,3,0,0.0,0.0,0.0,0.0,0.0,0.0,0.0,0.0,
Thomas,http://ufcstats.com/fighter-details/764d39074a352e33,"74.0""",11,4,0,3.1,59.0,2.61,54.0,3.01,43.0,87.0,0.4,
Cory,http://ufcstats.com/fighter-details/5df10509264586e5,--,2,1,0,2.17,60.0,6.51,40.0,0.0,0.0,0.0,0.0,
Steven,http://ufcstats.com/fighter-details/b93c06d09d1c4ac0,"70.0""",19,11,0,4.76,40.0,5.94,53.0,1.42,26.0,64.0,0.7,
Vitor,http://ufcstats.com/fighter-details/71171fc96445bf65,"77.0""",14,2,0,3.24,48.0,2.71,51.0,2.6,46.0,79.0,0.7,
Andre,http://ufcstats.com/fighter-details/5f61780fe5e9b6d0,"73.0""",13,6,0,2.81,49.0,2.79,53.0,3.15,51.0,86.0,1.3,
Armen,http://ufcstats.com/fighter-details/369ea36e450ae62a,"71.0""",9,5,0,5.84,53.0,3.31,53.0,0.17,33.0,41.0,0.0,
Ivana,http://ufcstats.com/fighter-details/38c5817ade8a8014,"70.0""",7,3,0,1.91,41.0,2.05,56.0,2.12,38.0,61.0,0.8,
Seth,http://ufcstats.com/fighter-details/93b9496275bbbf80,"76.0""",14,8,0,2.17,41.0,2.08,55.0,0.46,50.0,47.0,2.3,
Peter,http://ufcstats.com/fighter-details/7ea5d60d2e6a8ad0,"72.0""",5,3,0,2.61,29.0,8.24,48.0,0.0,0.0,0.0,0.0,
Anthony,http://ufcstats.com/fighter-details/cbb682f5fcc44bfc,"72.0""",24,10,0,3.05,47.0,3.44,54.0,0.61,50.0,60.0,1.1,
Sergio,http://ufcstats.com/fighter-details/de75d1c45a39e221,"69.0""",18,5,0,3.88,37.0,2.91,65.0,0.85,40.0,67.0,0.4,
Forrest,http://ufcstats.com/fighter-details/e86bc32f5997a8f7,"71.0""",26,10,0,2.27,29.0,2.2,57.0,1.3,100.0,66.0,0.0,
Dino,http://ufcstats.com/fighter-details/81b57acd6975ac06,--,1,3,0,0.66,30.0,3.28,31.0,0.0,0.0,0.0,0.0,
Cody,http://ufcstats.com/fighter-details/5904b0b38dc6718d,"73.0""",13,6,1,1.41,25.0,2.8,51.0,2.82,30.0,0.0,0.0,
Nam,http://ufcstats.com/fighter-details/80dbeb1dd5b53e64,"70.0""",21,17,0,4.52,37.0,6.55,59.0,0.18,18.0,60.0,0.2,
Constantinos,http://ufcstats.com/fighter-details/05560764359161e4,"73.0""",13,5,0,2.19,35.0,2.73,54.0,0.4,42.0,65.0,0.3,
Wayne,http://ufcstats.com/fighter-details/09a82bd51ff61376,--,7,7,0,0.0,0.0,0.0,0.0,0.0,0.0,0.0,0.0,
Dave,http://ufcstats.com/fighter-details/99020eeb8cd5689d,--,13,7,0,0.0,0.0,2.0,25.0,0.0,0.0,0.0,10.0,
Aaron,http://ufcstats.com/fighter-details/34c2b3656f88f7ef,"71.0""",12,5,0,1.51,53.0,3.66,43.0,0.86,50.0,44.0,0.6,
Elizabeth,http://ufcstats.com/fighter-details/dcbf01d605681ad1,"65.0""",6,6,0,2.6,33.0,3.07,58.0,0.75,25.0,53.0,0.2,
John,http://ufcstats.com/fighter-details/e9ac7bfb65c25497,"75.0""",22,11,0,1.72,34.0,4.03,49.0,0.0,0.0,7.0,0.0,
Kyler,http://ufcstats.com/fighter-details/60425d07ef4b91a7,"72.0""",12,5,0,4.75,43.0,3.83,58.0,2.82,47.0,75.0,0.3,
Mario,http://ufcstats.com/fighter-details/44f234a36324e6c8,"73.0""",8,0,0,1.35,73.0,1.16,40.0,18.87,50.0,50.0,0.0,
Nick,http://ufcstats.com/fighter-details/7922e8269adcc25a,--,5,1,0,0.0,0.0,0.0,0.0,0.0,0.0,0.0,0.0,
Nick,http://ufcstats.com/fighter-details/a5cb1c29461853ca,"66.0""",7,1,0,3.2,43.0,6.03,42.0,8.0,44.0,100.0,0.0,
Adam,http://ufcstats.com/fighter-details/fa399f7f6e17f7f5,--,9,0,0,4.61,50.0,2.83,71.0,2.96,60.0,100.0,3.0,
Vinc,http://ufcstats.com/fighter-details/c77a953488e5607d,"72.0""",14,5,0,3.78,46.0,3.17,54.0,2.5,51.0,31.0,0.2,
Brad,http://ufcstats.com/fighter-details/c945adc22c2bfe8f,"68.0""",25,14,0,3.02,31.0,4.63,55.0,2.47,44.0,58.0,0.4,
Jamie,http://ufcstats.com/fighter-details/830f60497fab345a,"80.0""",13,11,0,2.65,47.0,3.62,50.0,1.26,40.0,67.0,0.1,
Aaron,http://ufcstats.com/fighter-details/5537efc6e496dd84,"70.0""",14,5,0,6.16,53.0,3.11,45.0,6.54,50.0,0.0,0.0,
Fabiola,http://ufcstats.com/fighter-details/9561eb5f0d63ffcc,--,5,0,0,0.0,0.0,0.0,0.0,0.0,0.0,0.0,0.0,
Oskar,http://ufcstats.com/fighter-details/1cf7ccf64a5bf24e,"76.0""",11,3,1,3.3,52.0,3.93,51.0,0.61,40.0,38.0,1.5,
Nick,http://ufcstats.com/fighter-details/df7d386a54e07446,--,12,7,1,0.0,0.0,0.0,0.0,0.0,0.0,0.0,0.0,
Mike,http://ufcstats.com/fighter-details/236a37d96d476164,"71.0""",17,7,0,2.62,42.0,2.36,62.0,3.08,42.0,71.0,0.2,
Joao,http://ufcstats.com/fighter-details/9a967e8e43dcef63,--,4,1,0,0.76,14.0,4.56,33.0,0.0,0.0,0.0,0.0,
Jonathan,http://ufcstats.com/fighter-details/1c7308d2957a12d2,"73.0""",9,3,0,0.4,42.0,0.87,31.0,0.0,0.0,36.0,3.0,
Sean,http://ufcstats.com/fighter-details/0d506315895efffc,"76.0""",14,6,0,3.84,39.0,3.73,64.0,0.39,18.0,66.0,0.4,
Domingo,http://ufcstats.com/fighter-details/4bf6b225ff6099c4,"73.0""",8,3,0,1.31,47.0,2.96,40.0,1.2,42.0,54.0,0.8,
Paddy,http://ufcstats.com/fighter-details/7826923b47f8d72a,"73.0""",23,4,0,5.49,52.0,3.89,42.0,0.69,21.0,44.0,1.2,
Damian,http://ufcstats.com/fighter-details/fdd22e895a70e4a8,"79.0""",9,1,0,7.5,56.0,3.75,56.0,0.0,0.0,100.0,0.0,
Daniel,http://ufcstats.com/fighter-details/361d49960a196976,"69.0""",28,17,0,2.85,49.0,3.26,45.0,1.42,24.0,54.0,1.5,
Jesus,http://ufcstats.com/fighter-details/25af5e832f17b474,--,16,5,1,3.23,38.0,4.37,52.0,2.5,100.0,100.0,0.0,
Pingyuan,http://ufcstats.com/fighter-details/31bbd39c0a075d4e,"72.0""",13,7,0,2.36,33.0,2.99,54.0,0.25,20.0,56.0,1.0,
Luana,http://ufcstats.com/fighter-details/a3a542074109b347,"62.0""",11,5,0,3.29,39.0,4.06,60.0,2.33,37.0,71.0,0.2,
Mario,http://ufcstats.com/fighter-details/39d309957c5c210d,"79.0""",12,0,0,2.85,69.0,1.93,58.0,2.38,26.0,100.0,0.9,
Gaetano,http://ufcstats.com/fighter-details/8765559b6a29a421,"65.0""",15,7,1,0.99,55.0,2.44,42.0,0.0,0.0,30.0,0.0,
Patricio,http://ufcstats.com/fighter-details/98a58c26c5b1ed17,"67.0""",37,9,0,2.77,45.0,4.61,55.0,1.26,33.0,74.0,0.5,
Maki,http://ufcstats.com/fighter-details/c549573c0df4d676,"75.0""",13,9,0,4.1,44.0,3.93,55.0,2.24,52.0,50.0,0.8,
Dmitry,http://ufcstats.com/fighter-details/9756095cb76b67c3,--,24,5,1,0.0,0.0,0.0,0.0,0.0,0.0,0.0,0.0,
Jamal,http://ufcstats.com/fighter-details/f41b9f5efc7162d6,"77.0""",11,5,0,3.57,46.0,3.97,49.0,2.0,46.0,70.0,0.0,
Ross,http://ufcstats.com/fighter-details/7215953cd5c6254d,--,6,17,0,2.62,23.0,2.77,58.0,1.19,100.0,0.0,0.0,
Dustin,http://ufcstats.com/fighter-details/029eaff01e6bb8f0,"72.0""",30,10,0,5.24,50.0,4.57,52.0,1.15,35.0,64.0,1.2,
Igor,http://ufcstats.com/fighter-details/53278852bcd91e11,"74.0""",28,13,0,2.25,45.0,4.26,40.0,0.87,29.0,51.0,0.2,
John,http://ufcstats.com/fighter-details/b18fb36a4aa00093,--,2,2,0,2.6,26.0,2.83,50.0,0.0,0.0,87.0,0.7,
Julia,http://ufcstats.com/fighter-details/abb68e3c7ca128f2,"63.0""",14,6,0,6.22,56.0,5.18,59.0,0.62,80.0,57.0,0.3,
Brandon,http://ufcstats.com/fighter-details/543cd2258f4fa339,--,1,1,0,0.43,50.0,0.0,0.0,0.0,0.0,0.0,0.0,
Mike,http://ufcstats.com/fighter-details/3bb030257966b022,--,1,1,0,2.0,38.0,1.33,57.0,0.0,0.0,0.0,0.0,
Santiago,http://ufcstats.com/fighter-details/6d1bffff14897645,"73.0""",31,9,0,4.78,41.0,4.68,61.0,0.6,27.0,71.0,0.0,
Grigory,http://ufcstats.com/fighter-details/d3fa5c5955397532,"68.0""",13,3,0,3.63,37.0,4.2,55.0,0.0,0.0,45.0,0.0,
Alexander,http://ufcstats.com/fighter-details/56bf3ed155bd0fcd,--,9,3,0,4.01,57.0,9.81,33.0,0.0,0.0,0.0,0.0,
Felipe,http://ufcstats.com/fighter-details/303e017a9074f3aa,--,9,2,0,0.0,0.0,0.0,0.0,0.0,0.0,0.0,0.0,
Parker,http://ufcstats.com/fighter-details/ac40f7e3cbecdda4,"75.0""",14,9,0,6.55,50.0,6.32,51.0,1.35,26.0,66.0,0.5,
Ihor,http://ufcstats.com/fighter-details/260bd4cef10b033f,"75.0""",20,8,0,4.44,50.0,4.96,50.0,0.73,18.0,66.0,0.0,
Callan,http://ufcstats.com/fighter-details/8fc9ae9c7527dfcb,"72.0""",18,9,0,3.18,50.0,4.72,58.0,3.29,66.0,100.0,0.0,
Dylan,http://ufcstats.com/fighter-details/61e47575b24a06bf,"77.0""",10,6,0,3.1,48.0,5.78,46.0,0.0,0.0,33.0,1.1,
Ruan,http://ufcstats.com/fighter-details/7e208569469c8bc8,"75.0""",11,6,0,0.85,37.0,5.92,22.0,0.75,16.0,33.0,2.3,
Devin,http://ufcstats.com/fighter-details/065eb44700e641a4,"73.0""",9,4,0,2.88,41.0,3.67,51.0,0.0,0.0,0.0,0.6,
Marcin,http://ufcstats.com/fighter-details/6370c1c1e12723d5,"73.0""",17,9,0,5.52,54.0,3.15,54.0,0.14,20.0,53.0,0.0,
Wagner,http://ufcstats.com/fighter-details/7f6ef4e1227600bc,"74.0""",12,3,0,1.72,40.0,3.06,50.0,0.0,0.0,22.0,0.0,
Francisco,http://ufcstats.com/fighter-details/3920d0cc288f9b0d,"69.0""",12,5,0,3.68,43.0,4.31,54.0,0.76,19.0,40.0,0.8,
Trevor,http://ufcstats.com/fighter-details/f5ff7bcdcfeba3ad,"75.0""",34,11,2,2.59,60.0,2.02,48.0,3.38,55.0,74.0,1.0,
Ricardo,http://ufcstats.com/fighter-details/b51d0ed3782a1bf5,"78.0""",10,2,0,2.21,57.0,7.83,37.0,0.0,0.0,0.0,0.0,
Carlo,http://ufcstats.com/fighter-details/4f853e98886283cf,"72.0""",31,18,1,2.03,47.0,4.07,35.0,0.43,9.0,57.0,1.7,
Carlos,http://ufcstats.com/fighter-details/7ee0fd831c0fe7c3,"78.0""",24,7,0,4.41,54.0,4.3,47.0,0.18,100.0,77.0,0.0,
Michel,http://ufcstats.com/fighter-details/e51fcd9cd84c0b93,"67.0""",26,4,0,2.38,47.0,2.51,57.0,3.94,36.0,47.0,0.6,
Philip,http://ufcstats.com/fighter-details/6597b611f1c32555,--,10,14,0,0.8,72.0,0.7,63.0,0.0,0.0,0.0,0.0,
Kyle,http://ufcstats.com/fighter-details/873626e5547b5235,"70.0""",18,10,0,3.25,34.0,5.69,48.0,0.0,0.0,45.0,0.0,
Dorian,http://ufcstats.com/fighter-details/ee4b670e159f4a33,--,8,5,0,0.0,0.0,0.0,0.0,0.0,0.0,0.0,0.0,
Chris,http://ufcstats.com/fighter-details/0597a4528ebd1307,--,19,4,0,1.44,66.0,2.59,48.0,0.0,0.0,33.0,2.2,
Niko,http://ufcstats.com/fighter-details/d8da10db80131bec,"76.0""",16,11,0,5.11,43.0,5.57,48.0,1.06,30.0,50.0,0.6,
Shane,http://ufcstats.com/fighter-details/5114f1b5ad4cdf72,--,5,5,0,0.83,26.0,2.25,62.0,1.78,20.0,0.0,0.0,
Brent,http://ufcstats.com/fighter-details/46caf130099206cd,--,8,0,0,1.73,39.0,2.27,59.0,5.0,38.0,0.0,2.0,
Jiri,http://ufcstats.com/fighter-details/009341ed974bad72,"80.0""",32,6,1,5.61,55.0,5.67,45.0,0.49,60.0,68.0,0.2,
Lara,http://ufcstats.com/fighter-details/e99821959a840bb8,"67.0""",7,2,0,5.64,58.0,6.5,47.0,3.15,47.0,50.0,0.3,
Joe,http://ufcstats.com/fighter-details/a36556bb1565e32d,"72.0""",11,5,0,3.39,36.0,3.93,59.0,0.0,0.0,70.0,1.8,
Cole,http://ufcstats.com/fighter-details/2a470ad41c22c25a,"68.0""",6,2,0,1.47,44.0,2.72,43.0,2.4,50.0,83.0,1.0,
Daniel,http://ufcstats.com/fighter-details/66e0a70352fef46a,--,8,0,0,2.77,68.0,1.17,38.0,1.21,50.0,81.0,9.0,
Lucie,http://ufcstats.com/fighter-details/3cf66c62d9069f43,"67.0""",14,10,0,3.6,37.0,4.07,50.0,0.7,31.0,67.0,0.6,
Claudio,http://ufcstats.com/fighter-details/d747eb273a40a920,"72.0""",13,5,0,1.54,46.0,2.62,48.0,3.29,33.0,60.0,1.0,
Juan,http://ufcstats.com/fighter-details/fdba548aff9763d9,"71.0""",23,6,0,1.27,39.0,1.27,67.0,1.0,100.0,0.0,0.0,
Bubba,http://ufcstats.com/fighter-details/6cf2352cdb3de59d,--,3,3,0,2.87,67.0,2.6,23.0,4.0,57.0,80.0,0.0,
Juan Manuel,http://ufcstats.com/fighter-details/85d0fafb8b75d634,--,11,4,0,4.91,23.0,7.17,51.0,0.0,0.0,0.0,0.0,
Hugh,http://ufcstats.com/fighter-details/308279bd246c211f,--,6,3,0,4.47,63.0,3.27,57.0,4.0,66.0,69.0,0.0,
Josh,http://ufcstats.com/fighter-details/16867810070dc520,--,17,8,0,0.0,0.0,0.0,0.0,0.0,0.0,0.0,0.0,
Jens,http://ufcstats.com/fighter-details/44260175069b6276,"70.0""",27,19,1,2.12,37.0,3.13,56.0,0.22,33.0,63.0,0.3,
Andrey,http://ufcstats.com/fighter-details/22e07d3da1aa3475,"78.0""",10,4,0,3.84,56.0,3.14,55.0,0.29,16.0,64.0,0.0,
CM,http://ufcstats.com/fighter-details/a8c9d16fe2a14d72,"73.0""",0,1,0,1.1,23.0,4.87,40.0,0.87,11.0,0.0,0.0,
Joe,http://ufcstats.com/fighter-details/c1085e1701b13eca,"75.0""",16,3,0,3.52,44.0,3.22,52.0,1.45,30.0,62.0,0.9,
Mike,http://ufcstats.com/fighter-details/f5990c11974d8e9c,"74.0""",27,14,1,2.74,45.0,2.84,60.0,1.8,35.0,70.0,1.5,
Pat,http://ufcstats.com/fighter-details/4fd140eea593526e,"73.0""",9,2,0,3.12,56.0,4.56,22.0,0.0,0.0,33.0,0.0,
Qiu,http://ufcstats.com/fighter-details/126bdc1710a8cbf4,"66.0""",16,9,0,3.51,46.0,1.78,67.0,0.67,18.0,68.0,0.0,
Bao,http://ufcstats.com/fighter-details/d365ee924f5cc3fc,--,19,10,1,0.0,0.0,0.0,0.0,0.0,0.0,0.0,0.0,
Gary,http://ufcstats.com/fighter-details/f7b4cbe93f3bac06,--,3,5,0,0.0,0.0,0.0,0.0,0.0,0.0,0.0,0.0,
Billy,http://ufcstats.com/fighter-details/aa171d55d4b5208f,"70.0""",18,7,0,7.44,54.0,5.83,42.0,1.47,24.0,61.0,1.0,
Nate,http://ufcstats.com/fighter-details/52cae54377b433b7,"72.0""",12,4,0,4.96,44.0,2.8,66.0,0.25,33.0,60.0,0.0,
Vinicius,http://ufcstats.com/fighter-details/2a8502954f49e682,--,8,4,0,3.67,51.0,4.1,41.0,5.07,70.0,100.0,0.7,
Jimmy,http://ufcstats.com/fighter-details/ddbe4fa2ea573393,--,3,1,1,2.08,70.0,5.94,16.0,4.46,25.0,0.0,0.0,
Josh,http://ufcstats.com/fighter-details/876f478f796495f7,"72.0""",6,3,0,3.57,42.0,6.38,53.0,0.34,11.0,71.0,0.0,
Ryan,http://ufcstats.com/fighter-details/cc23ed51619421a3,--,13,7,1,2.31,41.0,1.67,48.0,0.0,0.0,0.0,1.9,
Michel,http://ufcstats.com/fighter-details/5e84a859c6a82288,"73.0""",8,3,0,2.91,29.0,5.98,48.0,0.0,0.0,36.0,0.0,
Landon,http://ufcstats.com/fighter-details/267f4a6568abe245,"70.0""",7,3,1,6.77,40.0,7.7,55.0,0.5,33.0,100.0,0.0,
Jose,http://ufcstats.com/fighter-details/36549928f90f1d36,"69.0""",9,5,0,3.6,45.0,3.0,64.0,2.7,47.0,42.0,0.6,
Cristian,http://ufcstats.com/fighter-details/7debc13b36343605,"70.0""",19,5,0,3.67,43.0,3.71,56.0,3.14,55.0,85.0,0.6,
Benji,http://ufcstats.com/fighter-details/01b39decaf0abf6a,--,21,7,0,2.62,49.0,2.31,51.0,1.06,41.0,71.0,0.4,
Jordan,http://ufcstats.com/fighter-details/45bc8f98d62bd096,--,23,5,0,1.35,23.0,2.38,66.0,0.0,0.0,80.0,0.0,
Charles,http://ufcstats.com/fighter-details/feedf3053472fe56,"72.0""",12,5,0,2.5,53.0,2.45,54.0,1.99,44.0,100.0,0.5,
Loik,http://ufcstats.com/fighter-details/8c169fbe1ac33637,"69.0""",18,6,1,2.89,44.0,3.76,46.0,4.65,57.0,42.0,0.0,
Gilbert,http://ufcstats.com/fighter-details/6cc25d19a891f435,--,1,3,0,0.0,0.0,7.46,37.0,4.86,100.0,0.0,0.0,
Josh,http://ufcstats.com/fighter-details/ff2c606c8bc365e3,--,9,8,0,0.6,33.0,3.6,50.0,0.0,0.0,0.0,9.0,
Marwan,http://ufcstats.com/fighter-details/6eedb757f13b9978,"72.0""",9,0,0,7.75,52.0,5.9,57.0,0.0,0.0,100.0,0.8,
Amir,http://ufcstats.com/fighter-details/bc7f7f0ba3db74d2,--,11,10,0,0.67,25.0,0.0,100.0,0.0,0.0,50.0,0.0,
Ricky,http://ufcstats.com/fighter-details/9b1e3fb4f8cbd5b7,"77.0""",12,6,0,2.55,48.0,2.62,46.0,0.95,18.0,55.0,0.0,
Shavkat,http://ufcstats.com/fighter-details/01afe0916a40c7c5,"77.0""",19,0,0,3.25,60.0,2.17,51.0,1.4,25.0,85.0,1.2,
Sora,http://ufcstats.com/fighter-details/63ff619c52ff7976,--,4,1,0,0.0,0.0,0.0,0.0,0.0,0.0,0.0,0.0,
Aleksandar,http://ufcstats.com/fighter-details/333b9e5c723ac873,"78.0""",14,6,0,4.13,50.0,2.86,51.0,0.64,21.0,85.0,0.1,
Jessica,http://ufcstats.com/fighter-details/ffdeb4fbea09ce75,--,1,5,0,2.5,44.0,3.55,64.0,0.75,20.0,0.0,0.8,
Zygimantas,http://ufcstats.com/fighter-details/641ca2c2ed91b93c,"71.0""",9,3,0,0.96,60.0,2.25,30.0,0.0,0.0,33.0,2.4,
Thomas,http://ufcstats.com/fighter-details/ea398c802d9998ee,--,0,1,0,0.0,0.0,0.0,0.0,0.0,0.0,0.0,0.0,
Hector,http://ufcstats.com/fighter-details/d1759b2b7be9be56,--,10,6,1,2.27,41.0,4.6,56.0,2.3,55.0,66.0,0.5,
Matt,http://ufcstats.com/fighter-details/96c05ba5ab9eccaf,--,2,3,0,3.03,50.0,0.67,75.0,2.53,16.0,100.0,0.0,
Steve,http://ufcstats.com/fighter-details/4311e9d23604205c,--,5,2,0,0.0,0.0,0.0,0.0,0.0,0.0,0.0,0.0,
Amador,http://ufcstats.com/fighter-details/ac31f869959860bc,--,5,4,0,4.93,51.0,2.07,69.0,1.0,33.0,0.0,0.0,
Mitch,http://ufcstats.com/fighter-details/e99eb0ef25885de5,"71.0""",8,3,0,3.51,44.0,3.98,37.0,0.59,33.0,25.0,0.0,
Andrew,http://ufcstats.com/fighter-details/3b5f2faaa2f2c1f6,--,4,4,0,0.0,0.0,0.0,0.0,0.0,0.0,0.0,0.0,
Ian,http://ufcstats.com/fighter-details/abc8e1423cf5b74e,--,7,8,0,0.0,0.0,0.0,0.0,0.0,0.0,0.0,0.0,
Luis,http://ufcstats.com/fighter-details/7bc475b0fc2020ab,--,20,10,2,2.4,35.0,5.6,42.0,1.5,20.0,100.0,0.0,
Ricardo,http://ufcstats.com/fighter-details/1ae8f3c723aacff4,"72.0""",17,8,0,2.91,36.0,3.97,54.0,2.51,57.0,67.0,1.0,
Davi,http://ufcstats.com/fighter-details/0052de90691d4a93,"70.0""",10,4,0,2.64,37.0,3.44,56.0,1.95,40.0,83.0,0.6,
Dorian,http://ufcstats.com/fighter-details/fa4dcb2c8de482ee,"70.0""",8,3,0,2.3,52.0,2.67,47.0,1.82,25.0,33.0,0.0,
Vernon,http://ufcstats.com/fighter-details/30b577b112bef42d,--,3,1,0,4.0,25.0,8.0,55.0,0.0,0.0,0.0,0.0,
Kevin,http://ufcstats.com/fighter-details/6859f67468ba8489,--,17,16,0,1.26,54.0,1.12,57.0,2.0,56.0,30.0,0.8,
Raou,http://ufcstats.com/fighter-details/ed069a95aaaf4f56,--,0,1,0,2.01,16.0,6.75,60.0,0.0,0.0,0.0,0.0,
Mitch,http://ufcstats.com/fighter-details/0be6776db31d98ec,"64.0""",10,3,0,1.73,36.0,2.65,61.0,2.54,37.0,61.0,0.0,
Hussain,http://ufcstats.com/fighter-details/9d61d8cb1c354867,--,2,3,0,0.0,0.0,0.0,0.0,0.0,0.0,0.0,0.0,
David,http://ufcstats.com/fighter-details/31e1ea6fe6b682f8,--,2,3,0,0.0,0.0,0.0,0.0,0.0,0.0,0.0,0.0,
Ed,http://ufcstats.com/fighter-details/8c90c1563972e44d,"71.0""",7,3,0,2.71,38.0,2.96,63.0,0.28,16.0,53.0,0.0,
Bec,http://ufcstats.com/fighter-details/907e60fd13407e1e,"64.0""",7,8,0,4.48,42.0,5.66,57.0,0.71,40.0,68.0,0.4,
Gideon,http://ufcstats.com/fighter-details/ea3ef6206c7907d5,--,17,15,1,2.08,40.0,2.58,53.0,1.49,100.0,0.0,0.0,
Joe,http://ufcstats.com/fighter-details/d92e6e17f637fe4d,--,13,0,0,0.0,0.0,0.0,0.0,0.0,0.0,0.0,0.0,
Stevie,http://ufcstats.com/fighter-details/31a13532e724ca2b,"70.0""",23,9,0,3.73,44.0,2.93,54.0,0.75,46.0,55.0,0.6,
Keenan,http://ufcstats.com/fighter-details/bdd16cd6b29cb499,--,3,3,0,0.0,0.0,0.0,0.0,0.0,0.0,0.0,0.0,
Iony,http://ufcstats.com/fighter-details/a303588c33d8c5ae,--,2,1,0,1.2,42.0,1.4,53.0,2.0,50.0,75.0,0.0,
Abdul,http://ufcstats.com/fighter-details/eae431e70064e046,"73.0""",12,7,0,3.64,49.0,4.01,54.0,0.84,33.0,51.0,0.2,
Antony,http://ufcstats.com/fighter-details/c36e1f4fa755ffb4,--,33,15,0,2.89,28.0,5.42,42.0,0.0,0.0,100.0,0.0,
Mateusz,http://ufcstats.com/fighter-details/849c5d9979df5357,"66.0""",20,4,0,5.21,46.0,4.69,53.0,3.38,52.0,50.0,0.5,
Rafael,http://ufcstats.com/fighter-details/972197a8c61ac413,"67.0""",9,4,0,2.19,32.0,3.29,58.0,2.82,33.0,75.0,0.5,
Greg,http://ufcstats.com/fighter-details/49d78120e0a4f607,"73.0""",24,8,0,2.61,39.0,2.92,58.0,0.0,0.0,0.0,0.0,
Paul,http://ufcstats.com/fighter-details/3f56b99447f00607,--,12,7,0,0.72,34.0,2.99,41.0,0.0,0.0,50.0,0.0,
Dennis,http://ufcstats.com/fighter-details/4a35913bd9aa4161,--,45,62,1,0.0,0.0,0.0,0.0,0.0,0.0,0.0,0.0,
Karl,http://ufcstats.com/fighter-details/11337d069261bf3a,"78.0""",6,1,0,2.04,44.0,3.84,38.0,1.06,22.0,53.0,0.0,
Elise,http://ufcstats.com/fighter-details/ac7c765882f2c68c,"63.0""",8,5,0,3.41,53.0,3.26,51.0,0.46,60.0,53.0,0.0,
John,http://ufcstats.com/fighter-details/fb4ca5c7e4448645,--,11,6,0,0.0,0.0,0.0,0.0,0.0,0.0,0.0,0.0,
Johnny,http://ufcstats.com/fighter-details/3ba3b5cc94498437,--,13,5,0,3.29,64.0,0.84,47.0,1.15,25.0,50.0,0.0,
James,http://ufcstats.com/fighter-details/e9ec08ebb3f92aa3,--,11,10,0,0.0,0.0,0.0,0.0,0.0,0.0,0.0,0.0,
Zach,http://ufcstats.com/fighter-details/23dec7c47cb418f8,"77.0""",10,3,0,4.48,54.0,3.92,43.0,2.8,61.0,52.0,1.3,
,http://ufcstats.com/fighter-details/be5fd2ae27d20842,--,11,1,0,0.0,0.0,0.0,0.0,0.0,0.0,0.0,0.0,
Stephen,http://ufcstats.com/fighter-details/24d98df7556ac8af,"76.0""",9,4,0,1.41,60.0,4.93,23.0,3.52,100.0,0.0,0.0,
Chad,http://ufcstats.com/fighter-details/d8022d5526b1d937,--,33,18,0,0.53,20.0,1.97,46.0,0.99,33.0,25.0,2.0,
Jason,http://ufcstats.com/fighter-details/02500fb9fd79a974,--,20,3,0,0.51,40.0,4.07,43.0,1.91,12.0,50.0,0.0,
Wilson,http://ufcstats.com/fighter-details/5aedf14771ca82d2,"65.0""",23,10,0,1.83,29.0,3.04,55.0,5.15,42.0,47.0,0.6,
Ben,http://ufcstats.com/fighter-details/ee7b7768a4e6dc45,--,17,2,1,1.8,46.0,1.53,54.0,7.0,43.0,0.0,0.0,
Goran,http://ufcstats.com/fighter-details/132f860d02953f4c,"81.0""",15,8,0,1.69,37.0,2.69,59.0,1.69,50.0,33.0,1.1,
Leigh,http://ufcstats.com/fighter-details/918db42c3637916f,--,18,10,2,0.75,41.0,1.36,68.0,0.0,0.0,33.0,0.0,
Ren,http://ufcstats.com/fighter-details/b2d9758cdd124143,"69.0""",9,4,0,4.67,64.0,5.32,36.0,0.0,0.0,66.0,1.4,
Paulo,http://ufcstats.com/fighter-details/01dfb60661153735,"73.0""",12,3,0,4.89,45.0,5.18,56.0,0.0,0.0,100.0,0.0,
Chance,http://ufcstats.com/fighter-details/1ddb480b601cefb1,"75.0""",14,4,0,1.1,20.0,3.62,49.0,1.35,26.0,16.0,0.3,
Montse,http://ufcstats.com/fighter-details/60193e707634e560,"68.0""",7,2,0,2.95,27.0,3.65,57.0,1.91,37.0,85.0,0.3,
Marion,http://ufcstats.com/fighter-details/c7d297714d9ab1a4,"68.0""",9,8,1,3.2,41.0,3.52,59.0,0.62,63.0,50.0,0.8,
Solomon,http://ufcstats.com/fighter-details/ce6b5b93a96dd15b,"72.0""",8,2,0,5.2,44.0,3.53,61.0,2.0,50.0,100.0,0.0,
John,http://ufcstats.com/fighter-details/1507214bbc7a79e2,--,18,28,4,0.0,0.0,0.0,0.0,0.0,0.0,0.0,0.0,
Herman,http://ufcstats.com/fighter-details/f57cf3d54a641385,--,1,3,0,0.0,0.0,0.0,0.0,0.0,0.0,0.0,0.0,
Marco Polo,http://ufcstats.com/fighter-details/edd02825c29028fe,"71.0""",8,7,0,6.0,37.0,5.52,59.0,0.0,0.0,46.0,0.0,
Dominick,http://ufcstats.com/fighter-details/2e19380f34871c6a,"77.0""",16,5,0,4.99,53.0,3.4,49.0,0.25,28.0,82.0,0.2,
Alex,http://ufcstats.com/fighter-details/dc07493a87dc0a6e,"73.0""",13,5,0,4.46,46.0,6.92,48.0,1.5,28.0,0.0,0.0,
Kyle,http://ufcstats.com/fighter-details/7333d6e0f6428acb,--,15,7,0,0.0,0.0,0.0,0.0,0.0,0.0,0.0,0.0,
Javier,http://ufcstats.com/fighter-details/4a574b8512fc1b30,"73.0""",23,5,0,8.91,55.0,2.53,47.0,2.0,50.0,50.0,0.0,
Victor,http://ufcstats.com/fighter-details/e9bbcc6530e4cbe6,"74.0""",11,5,0,5.8,63.0,4.75,42.0,0.0,0.0,100.0,0.0,
Gaston,http://ufcstats.com/fighter-details/64db35f7782fe274,--,6,2,0,7.79,62.0,3.9,44.0,0.0,0.0,0.0,11.7,
Johnny,http://ufcstats.com/fighter-details/319fa1bd3176bded,--,2,1,0,0.0,0.0,0.0,0.0,0.0,0.0,0.0,0.0,
Mike,http://ufcstats.com/fighter-details/b7ad576b8ae115e6,"74.0""",10,5,0,3.2,39.0,4.13,64.0,0.96,33.0,75.0,0.5,
Lucrezia,http://ufcstats.com/fighter-details/042cc07ad5a53a33,--,8,2,0,4.07,46.0,4.4,45.0,1.0,33.0,0.0,0.0,
Amanda,http://ufcstats.com/fighter-details/beecb672a279223e,"66.0""",13,7,0,4.26,39.0,3.29,60.0,2.05,52.0,82.0,0.6,
Vitor,http://ufcstats.com/fighter-details/a757c06bbdba61d2,--,20,5,0,1.0,28.0,1.95,48.0,1.58,26.0,100.0,1.2,
Will,http://ufcstats.com/fighter-details/8f4616698508f24d,--,10,2,0,1.83,28.0,1.64,74.0,1.15,100.0,50.0,2.9,
Claudio,http://ufcstats.com/fighter-details/972c456ff38b2015,"77.0""",11,5,0,3.59,51.0,4.9,30.0,0.56,50.0,66.0,0.0,
Brendson,http://ufcstats.com/fighter-details/49edd0d90f60fb7d,"81.0""",17,10,0,3.04,42.0,3.91,53.0,0.85,42.0,21.0,0.6,
Esteban,http://ufcstats.com/fighter-details/323d4ca260dfa0ba,"69.0""",15,3,0,7.27,43.0,5.83,54.0,0.35,66.0,66.0,0.2,
Mike,http://ufcstats.com/fighter-details/3c921b1a30fdcbdd,"76.0""",11,5,0,1.8,32.0,1.64,65.0,0.67,100.0,54.0,0.0,
Alex,http://ufcstats.com/fighter-details/bf9bc96336922271,--,10,5,0,2.48,41.0,2.53,64.0,0.0,0.0,64.0,0.0,
Tabatha,http://ufcstats.com/fighter-details/d25240135aee03e5,"61.0""",12,4,0,4.0,37.0,4.83,57.0,2.51,37.0,65.0,0.1,
Matt,http://ufcstats.com/fighter-details/343d57cde1a14338,--,6,1,0,3.7,44.0,4.8,47.0,1.0,22.0,81.0,0.0,
John,http://ufcstats.com/fighter-details/b3e5a460b6851080,--,3,5,1,0.0,0.0,0.0,0.0,0.0,0.0,0.0,0.0,
Rex,http://ufcstats.com/fighter-details/ad23903ef3af7406,--,7,2,0,17.65,58.0,5.29,72.0,0.0,0.0,0.0,0.0,
Mike,http://ufcstats.com/fighter-details/d6a740cf6e898e27,--,18,7,0,4.06,44.0,3.49,43.0,0.0,0.0,76.0,0.0,
Dave,http://ufcstats.com/fighter-details/98b76850b5f1e836,--,18,4,0,4.29,59.0,5.53,42.0,0.0,0.0,25.0,0.0,
Haisam,http://ufcstats.com/fighter-details/d8a58e797518f011,--,0,0,0,0.0,0.0,0.0,0.0,0.0,0.0,0.0,0.0,
Brad,http://ufcstats.com/fighter-details/37ed1ab2f8b819f4,"71.0""",10,4,0,4.71,53.0,3.53,53.0,1.77,36.0,63.0,0.0,
Matthew,http://ufcstats.com/fighter-details/d023ae89a2a4a41e,"76.0""",8,3,0,3.01,42.0,2.74,54.0,3.51,50.0,89.0,0.5,
Joe,http://ufcstats.com/fighter-details/d512d9f204059f57,"70.0""",44,17,0,2.41,51.0,1.69,57.0,2.45,55.0,62.0,0.6,
Jeremiah,http://ufcstats.com/fighter-details/f1a9ad7485e5024a,--,7,8,0,0.0,0.0,0.0,0.0,0.0,0.0,0.0,0.0,
Aaron,http://ufcstats.com/fighter-details/f2c8ebbeafd45f2b,"69.0""",30,14,1,3.45,34.0,3.78,61.0,1.18,34.0,60.0,0.1,
Jason,http://ufcstats.com/fighter-details/995af04c697d78b7,--,10,7,0,0.0,0.0,9.68,33.0,0.0,0.0,50.0,0.0,
Luke,http://ufcstats.com/fighter-details/b1de86d835638319,"69.0""",13,0,0,5.56,57.0,3.32,64.0,0.0,0.0,37.0,0.0,
Moise,http://ufcstats.com/fighter-details/9be3728f3f7badb2,--,23,11,3,0.8,34.0,1.0,71.0,1.0,50.0,37.0,0.0,
Jordan,http://ufcstats.com/fighter-details/c07efc18b231f170,"72.0""",14,7,0,1.56,35.0,2.32,59.0,1.45,35.0,20.0,1.2,
Nick,http://ufcstats.com/fighter-details/b13da0b1a3aed3e7,"74.0""",14,4,0,3.52,42.0,3.48,62.0,1.36,36.0,52.0,0.3,
Robbie,http://ufcstats.com/fighter-details/fa9746fa5d23c202,"68.0""",6,1,0,5.11,38.0,9.15,38.0,4.04,33.0,0.0,0.0,
Mike,http://ufcstats.com/fighter-details/af90b10c785ced3e,"70.0""",10,5,0,1.68,39.0,2.99,53.0,2.58,27.0,0.0,1.0,
Albert,http://ufcstats.com/fighter-details/868a78f2e810a837,--,13,6,0,0.0,0.0,0.0,0.0,0.0,0.0,0.0,0.0,
Rafael,http://ufcstats.com/fighter-details/2f5754b48eab1486,--,4,2,0,0.0,0.0,0.0,0.0,0.0,0.0,0.0,0.0,
Maria,http://ufcstats.com/fighter-details/9ec12134b1515f12,--,2,3,0,2.93,34.0,4.13,56.0,2.0,50.0,100.0,0.0,
Shannon,http://ufcstats.com/fighter-details/1c7cce2f5c17160d,--,56,83,0,1.0,100.0,6.0,50.0,0.0,0.0,0.0,0.0,
Diego,http://ufcstats.com/fighter-details/09f579be4520394a,"69.0""",10,2,0,1.37,40.0,2.14,52.0,1.79,60.0,64.0,0.9,
Jorge,http://ufcstats.com/fighter-details/cb46dface0e28a2c,"73.0""",20,9,0,3.16,48.0,2.64,54.0,0.84,50.0,63.0,0.1,
Dante,http://ufcstats.com/fighter-details/288aaa8f82040e02,--,16,7,0,2.27,53.0,4.0,25.0,0.0,0.0,16.0,0.0,
Mario,http://ufcstats.com/fighter-details/0f7210aa8d61af8d,--,6,8,0,0.0,0.0,8.41,20.0,0.0,0.0,0.0,0.0,
Francisco,http://ufcstats.com/fighter-details/7ea4a9f07df33a45,"70.0""",11,7,0,4.07,41.0,3.16,68.0,1.01,63.0,68.0,0.6,
Jonathan,http://ufcstats.com/fighter-details/145df84ea4dfd904,--,4,2,0,4.36,49.0,3.9,60.0,0.0,0.0,0.0,0.0,
Jimmie,http://ufcstats.com/fighter-details/9c907996820d2d69,"68.0""",23,5,0,4.03,40.0,3.9,60.0,0.88,27.0,92.0,0.1,
Irwin,http://ufcstats.com/fighter-details/06a80a685ea98573,"67.0""",10,6,0,3.36,44.0,5.07,57.0,1.0,16.0,70.0,0.0,
Jerome,http://ufcstats.com/fighter-details/c9587d81e1d33925,"72.0""",10,6,0,3.21,33.0,2.6,51.0,0.0,0.0,40.0,0.0,
Nicdali,http://ufcstats.com/fighter-details/60917f79b7271d83,--,9,10,0,1.82,20.0,2.42,78.0,0.0,0.0,0.0,0.0,
Pedro,http://ufcstats.com/fighter-details/b44f39a5c6596953,--,20,11,0,1.93,34.0,3.02,50.0,0.26,28.0,78.0,0.0,
Theo,http://ufcstats.com/fighter-details/8aabef76351401d0,"65.0""",5,1,0,5.93,48.0,8.4,40.0,2.0,40.0,0.0,0.0,
Justin,http://ufcstats.com/fighter-details/3b2485c8d5c8b580,--,14,18,1,0.67,37.0,3.2,47.0,0.0,0.0,0.0,0.0,
Kali,http://ufcstats.com/fighter-details/610caee730f9b89e,"63.0""",6,3,0,3.73,46.0,9.4,44.0,2.0,33.0,0.0,0.0,
Karl,http://ufcstats.com/fighter-details/37d5b176d438d2a5,"74.0""",9,6,0,2.57,51.0,2.42,57.0,0.72,40.0,40.0,0.5,
Andre,http://ufcstats.com/fighter-details/a54a35a670d8e852,--,14,2,1,0.0,0.0,0.0,0.0,0.0,0.0,0.0,0.0,
David,http://ufcstats.com/fighter-details/775bad6d700d2302,--,5,8,0,0.0,0.0,0.0,0.0,0.0,0.0,0.0,0.0,
Joey,http://ufcstats.com/fighter-details/c058823a2595ab09,--,4,3,0,0.0,0.0,0.0,0.0,0.0,0.0,0.0,0.0,
Tyrone,http://ufcstats.com/fighter-details/d1e6a6536ee62517,--,43,12,1,0.0,0.0,0.0,0.0,0.0,0.0,0.0,0.0,
Ryan,http://ufcstats.com/fighter-details/35dc6220b113b7ec,--,21,12,1,0.0,0.0,22.5,45.0,0.0,0.0,0.0,0.0,
Taylor,http://ufcstats.com/fighter-details/c5ec23983dc2d8f4,--,3,12,0,0.0,0.0,0.0,0.0,0.0,0.0,0.0,0.0,
Daniel,http://ufcstats.com/fighter-details/22edaf53ad59a967,"74.0""",15,7,0,0.73,20.0,2.27,46.0,2.46,44.0,40.0,2.5,
Buddy,http://ufcstats.com/fighter-details/b2a2da86546ddb19,--,12,3,0,2.17,34.0,2.08,70.0,0.0,0.0,76.0,0.7,
Danny,http://ufcstats.com/fighter-details/a6cba6bb66c1a8c9,"74.0""",18,8,0,3.18,39.0,3.73,50.0,0.24,9.0,57.0,0.2,
Roosevelt,http://ufcstats.com/fighter-details/37c5366d18ed6c05,"73.0""",12,6,0,2.84,43.0,3.1,52.0,1.18,26.0,50.0,0.7,
Kenny,http://ufcstats.com/fighter-details/6e0273f9478be71e,"74.0""",15,5,0,3.72,47.0,3.02,52.0,1.37,26.0,57.0,0.8,
Gillian,http://ufcstats.com/fighter-details/38c7f72747f4f712,"63.0""",17,8,0,2.71,48.0,2.86,56.0,2.76,40.0,38.0,0.9,
Chad,http://ufcstats.com/fighter-details/b2aa1e07b5b3306e,--,13,2,0,0.0,0.0,0.0,0.0,0.0,0.0,0.0,0.0,
Mark,http://ufcstats.com/fighter-details/4604ab1de9058474,--,1,0,0,0.0,0.0,5.8,13.0,0.0,0.0,0.0,0.0,
Colin,http://ufcstats.com/fighter-details/1a1a4d7a29041d77,--,10,12,0,6.19,69.0,7.91,37.0,2.58,100.0,50.0,5.2,
Alvin,http://ufcstats.com/fighter-details/cbe79765d44bd172,"68.0""",15,9,0,1.57,50.0,1.29,51.0,1.24,50.0,25.0,1.2,
Damonte,http://ufcstats.com/fighter-details/2782235b078b72a7,"77.0""",6,1,1,0.0,0.0,0.0,0.0,0.0,0.0,0.0,0.0,
Vagner,http://ufcstats.com/fighter-details/d403b1a6f278c95e,"73.0""",14,4,0,2.64,42.0,4.5,48.0,1.4,33.0,50.0,1.9,
Carlos Eduardo,http://ufcstats.com/fighter-details/4f736494fc733095,"73.0""",9,4,0,1.24,34.0,1.85,55.0,0.0,0.0,52.0,1.4,
Pedro,http://ufcstats.com/fighter-details/5921fd3f889afa3b,--,1,0,0,0.0,0.0,0.0,0.0,0.0,0.0,0.0,0.0,
Lucas,http://ufcstats.com/fighter-details/e0d3d9b564f95635,"64.0""",18,2,0,5.09,49.0,3.67,56.0,1.64,75.0,76.0,0.0,
Shem,http://ufcstats.com/fighter-details/52b6bf4528130e86,"73.0""",12,3,1,3.03,39.0,4.4,49.0,1.0,13.0,88.0,0.0,
Keith,http://ufcstats.com/fighter-details/c75b99887c8c3f5a,--,12,4,1,1.13,73.0,0.21,66.0,4.63,75.0,100.0,4.6,
Luke,http://ufcstats.com/fighter-details/00e11b5c8b7bfeeb,"77.0""",16,6,0,4.1,49.0,2.68,53.0,0.7,29.0,65.0,1.0,
Kevin,http://ufcstats.com/fighter-details/1abf785143f8d5ec,--,15,16,1,2.64,30.0,2.38,60.0,0.0,0.0,50.0,0.0,
Gregory,http://ufcstats.com/fighter-details/d1c65d2cf2925ddd,"75.0""",19,6,0,5.53,51.0,4.78,50.0,1.9,34.0,75.0,0.4,
Kleydson,http://ufcstats.com/fighter-details/102a8fdf8cbf7467,"67.0""",8,4,0,4.58,57.0,2.29,53.0,0.6,22.0,53.0,0.6,
Levi,http://ufcstats.com/fighter-details/9ac4e43ed56429ed,"76.0""",6,0,0,4.5,78.0,2.1,22.0,0.0,0.0,100.0,0.0,
Paul,http://ufcstats.com/fighter-details/26eddcda9d6b2ffe,--,10,9,2,0.84,100.0,1.68,68.0,0.0,0.0,50.0,0.0,
Ricco,http://ufcstats.com/fighter-details/50cc91ce2982785d,--,53,25,0,1.85,51.0,1.15,61.0,2.3,39.0,40.0,1.0,
Manuel,http://ufcstats.com/fighter-details/5a6e4d2f0c76a242,--,11,5,0,0.81,33.0,3.23,38.0,9.09,75.0,0.0,0.0,
Yair,http://ufcstats.com/fighter-details/cbf5e6f231b55443,"71.0""",21,6,0,4.65,46.0,3.78,52.0,0.71,29.0,59.0,0.6,
Mike,http://ufcstats.com/fighter-details/18b602842a24f7c5,"82.0""",11,7,0,4.35,53.0,4.24,41.0,0.0,0.0,37.0,0.0,
Marina,http://ufcstats.com/fighter-details/cd2c4d30c6e13b47,"65.0""",17,6,2,4.51,46.0,3.01,55.0,0.27,50.0,61.0,0.3,
Daniel,http://ufcstats.com/fighter-details/8a1f3b5c526cd6e6,"74.0""",20,5,0,7.2,49.0,5.4,57.0,0.51,50.0,64.0,0.1,
Ray,http://ufcstats.com/fighter-details/90e0985df05e51bc,"70.0""",16,8,0,0.9,27.0,3.89,40.0,1.42,50.0,44.0,0.0,
Ronaldo,http://ufcstats.com/fighter-details/f2900678e98f6d6a,"65.0""",17,3,0,2.71,43.0,3.8,44.0,1.09,36.0,64.0,0.8,
Drako,http://ufcstats.com/fighter-details/dc3b9cf7641b7ab6,"69.0""",7,3,0,3.37,36.0,4.4,58.0,2.93,66.0,75.0,0.7,
Victor,http://ufcstats.com/fighter-details/f6e5972c9d16c40e,"67.0""",7,4,0,1.59,37.0,6.11,50.0,0.0,0.0,0.0,0.0,
Piera,http://ufcstats.com/fighter-details/e375cb5caf4717b6,"63.0""",12,2,0,4.04,46.0,3.13,53.0,4.04,50.0,81.0,0.0,
Christian,http://ufcstats.com/fighter-details/5ec591b78349ba7e,"71.0""",12,4,0,3.85,50.0,2.85,56.0,1.75,40.0,67.0,1.1,
Pete,http://ufcstats.com/fighter-details/776d4262c4da38bf,"71.0""",5,2,0,9.28,43.0,12.83,42.0,0.0,0.0,100.0,0.0,
Imanol,http://ufcstats.com/fighter-details/6e8349a0a0476d60,"64.0""",7,0,0,5.71,55.0,2.42,58.0,1.3,33.0,0.0,0.0,
Nick,http://ufcstats.com/fighter-details/7195e2a932686f82,--,7,1,0,2.31,17.0,6.92,44.0,0.0,0.0,0.0,0.0,
Marcos,http://ufcstats.com/fighter-details/ab943cd2c3c17825,"75.0""",22,10,1,3.7,57.0,2.9,51.0,1.4,45.0,59.0,0.5,
Brett,http://ufcstats.com/fighter-details/9141bb39310773c7,"81.0""",17,10,0,3.17,44.0,3.2,46.0,0.0,0.0,58.0,0.0,
Brian,http://ufcstats.com/fighter-details/f304aff405c4a8fa,--,14,9,0,4.79,38.0,5.76,58.0,1.22,50.0,100.0,0.6,
Pete,http://ufcstats.com/fighter-details/36f3d235493d35ad,--,2,4,0,0.66,15.0,1.71,65.0,0.0,0.0,0.0,0.0,
Max,http://ufcstats.com/fighter-details/59a27d2e6d0802ac,"71.0""",5,1,0,1.7,31.0,5.8,42.0,3.0,33.0,0.0,1.5,
Marcelo,http://ufcstats.com/fighter-details/2804ce8dadab5770,"71.0""",16,10,0,4.92,39.0,6.42,55.0,0.46,50.0,66.0,0.0,
Shane,http://ufcstats.com/fighter-details/75e0d3cc2262b732,"72.0""",11,7,0,2.04,34.0,2.65,60.0,2.46,33.0,42.0,1.9,
Jared,http://ufcstats.com/fighter-details/c4b6099f0d25f75e,--,8,4,0,3.33,57.0,2.41,39.0,2.5,50.0,50.0,1.2,
Tim,http://ufcstats.com/fighter-details/3b83fec860a45ca1,--,3,4,0,0.6,40.0,2.4,40.0,1.0,100.0,16.0,0.0,
Alexandr,http://ufcstats.com/fighter-details/c0badf3243907e59,"75.0""",18,3,0,3.78,51.0,2.13,54.0,4.49,55.0,28.0,0.9,
Ricardo,http://ufcstats.com/fighter-details/744e098e065cfdbe,"76.0""",11,3,0,2.17,55.0,4.77,46.0,1.63,10.0,100.0,3.3,
Yoel,http://ufcstats.com/fighter-details/f77c68bb4be8516d,"73.0""",13,5,0,3.44,49.0,3.05,60.0,1.57,30.0,78.0,0.0,
Anthony,http://ufcstats.com/fighter-details/6f81399074fcdbba,"70.0""",8,0,0,5.87,52.0,4.0,65.0,2.0,22.0,100.0,0.0,
Kaleio,http://ufcstats.com/fighter-details/33df417d0017eb0c,"69.0""",6,2,0,2.6,48.0,3.27,50.0,1.0,8.0,0.0,1.0,
Roberto,http://ufcstats.com/fighter-details/15ea371202eb25e1,"70.0""",8,5,1,4.56,49.0,6.44,44.0,0.0,0.0,71.0,0.0,
Mara,http://ufcstats.com/fighter-details/82cbb809d5ee565c,"69.0""",12,9,0,2.54,37.0,2.48,71.0,1.83,44.0,66.0,0.2,
Cortavious,http://ufcstats.com/fighter-details/8173f134396cb971,"68.0""",9,4,0,1.91,38.0,3.46,39.0,2.29,66.0,64.0,0.8,
Juancamilo,http://ufcstats.com/fighter-details/4a043165cf47cab2,"64.0""",4,2,0,2.18,30.0,2.18,63.0,2.72,33.0,0.0,0.0,
,http://ufcstats.com/fighter-details/a13d755965a4ec9f,"71.0""",27,6,0,6.02,51.0,5.44,52.0,1.35,62.0,84.0,0.1,
Jesse,http://ufcstats.com/fighter-details/5580771f383e141f,"70.0""",21,12,0,3.54,47.0,3.39,57.0,0.46,28.0,57.0,0.5,
George,http://ufcstats.com/fighter-details/3c0437fbeda06962,"72.0""",15,13,1,3.43,34.0,2.47,60.0,1.05,57.0,59.0,0.1,
Joao,http://ufcstats.com/fighter-details/0f6528b461e47462,--,7,2,4,0.0,0.0,0.0,0.0,0.0,0.0,0.0,0.0,
Aaron,http://ufcstats.com/fighter-details/11f8860028b68fcf,"77.0""",18,6,0,4.03,47.0,4.41,45.0,0.36,33.0,85.0,0.4,
Charles,http://ufcstats.com/fighter-details/40093d1d2d78394e,"69.0""",14,8,0,3.08,36.0,3.86,47.0,1.67,35.0,38.0,1.0,
Karol,http://ufcstats.com/fighter-details/351c4ec637380ad5,"67.0""",19,7,0,5.88,56.0,4.59,49.0,1.17,48.0,70.0,0.2,
Jacob,http://ufcstats.com/fighter-details/f7faf5b19e0dec2e,"74.0""",13,7,0,7.19,46.0,10.66,44.0,1.12,18.0,50.0,0.6,
Raul,http://ufcstats.com/fighter-details/fe2babf95de24fb1,"67.0""",12,1,0,1.34,42.0,1.24,52.0,6.1,54.0,25.0,0.9,
Hilarie,http://ufcstats.com/fighter-details/b9163ec845c3bfc8,"63.0""",4,2,0,2.33,33.0,6.13,44.0,0.0,0.0,100.0,0.0,
Jake,http://ufcstats.com/fighter-details/4f2fcbefb668689d,--,12,5,0,2.68,53.0,2.33,49.0,6.51,68.0,0.0,1.8,
Jared,http://ufcstats.com/fighter-details/91ea901c458e95dd,"75.0""",14,4,0,2.08,46.0,1.52,59.0,1.83,41.0,66.0,0.1,
Kevin,http://ufcstats.com/fighter-details/598a58db87b890ee,--,2,6,0,0.0,0.0,0.0,0.0,0.0,0.0,0.0,0.0,
Zach,http://ufcstats.com/fighter-details/208b6926916867c7,--,3,2,0,0.0,0.0,14.21,25.0,0.0,0.0,0.0,0.0,
Shannon,http://ufcstats.com/fighter-details/51c655162e462ceb,"66.0""",13,9,0,5.96,39.0,7.39,55.0,0.0,0.0,100.0,0.0,
Nick,http://ufcstats.com/fighter-details/ff3a915256b899c0,--,26,19,1,2.8,35.0,4.33,35.0,0.0,0.0,100.0,0.0,
Kristian,http://ufcstats.com/fighter-details/af49a6c491ca22a3,--,4,3,0,0.75,50.0,2.49,41.0,0.0,0.0,0.0,0.0,
Ben,http://ufcstats.com/fighter-details/bd58d34e39b7b12a,"78.0""",39,14,0,3.71,42.0,4.63,47.0,0.68,34.0,70.0,0.4,
Rick,http://ufcstats.com/fighter-details/872b018076f831b0,--,4,6,0,0.53,33.0,1.06,33.0,0.0,0.0,50.0,0.0,
Khalil,http://ufcstats.com/fighter-details/749f572d1d3161fb,"76.0""",15,7,0,3.88,40.0,4.33,49.0,0.0,0.0,58.0,0.1,
Ronda,http://ufcstats.com/fighter-details/8bdac25ce0bb874d,"66.0""",12,2,0,4.17,52.0,4.14,44.0,6.26,68.0,50.0,4.8,
Ray,http://ufcstats.com/fighter-details/cba3a2dfbc06ce79,--,2,1,0,0.54,21.0,3.22,28.0,2.69,33.0,0.0,0.0,
Roberta,http://ufcstats.com/fighter-details/9d7fbf438766791f,--,4,1,0,0.87,46.0,3.0,26.0,0.0,0.0,100.0,0.0,
Phil,http://ufcstats.com/fighter-details/8e382b585a92affe,"80.0""",11,7,0,3.51,49.0,4.15,50.0,0.46,36.0,53.0,0.2,
Cam,http://ufcstats.com/fighter-details/8ebc3a8da015d70c,"78.0""",15,3,0,4.6,48.0,2.12,52.0,1.34,44.0,33.0,0.3,
Kain,http://ufcstats.com/fighter-details/712aa894b3a344df,--,2,2,0,0.0,0.0,1.63,14.0,0.0,0.0,0.0,4.1,
Brad,http://ufcstats.com/fighter-details/09f8c233de88998d,--,1,2,0,0.0,0.0,0.0,0.0,0.0,0.0,0.0,0.0,
Brandon,http://ufcstats.com/fighter-details/6e15f63b6c2e2c15,"68.0""",17,9,0,5.54,41.0,4.25,43.0,0.65,75.0,45.0,1.1,
Jairzinho,http://ufcstats.com/fighter-details/2cd428e9606856fd,"78.0""",15,6,0,3.48,48.0,2.63,52.0,0.0,0.0,72.0,0.0,
Mauricio,http://ufcstats.com/fighter-details/140745cbbcb023ac,"76.0""",27,14,1,3.57,50.0,2.79,54.0,2.01,48.0,49.0,0.7,
Murilo,http://ufcstats.com/fighter-details/90e7447d8b7f3f35,--,20,13,1,2.48,45.0,1.85,53.0,1.97,45.0,37.0,1.2,
Marco,http://ufcstats.com/fighter-details/597db668b01c442c,--,9,4,2,0.0,0.0,0.0,0.0,0.0,0.0,0.0,0.0,
Rodrigo,http://ufcstats.com/fighter-details/94070f6544c4b2a5,--,4,5,1,1.28,35.0,7.0,41.0,0.0,0.0,0.0,0.0,
Rodolfo,http://ufcstats.com/fighter-details/c4731f43693b96b8,--,10,16,1,1.13,36.0,1.0,62.0,2.0,33.0,33.0,0.0,
Robert,http://ufcstats.com/fighter-details/92aed9d16794f42b,"72.0""",11,3,0,3.37,34.0,5.2,45.0,1.0,22.0,71.0,0.0,
Gabe,http://ufcstats.com/fighter-details/ccba80d4820ef557,--,18,8,0,1.7,31.0,5.16,41.0,2.04,11.0,28.0,0.0,
Mauricio,http://ufcstats.com/fighter-details/9c393e836a852f30,"75.0""",13,2,0,4.19,58.0,4.09,58.0,0.0,0.0,85.0,0.0,
Eddie,http://ufcstats.com/fighter-details/7b9aa973e5c04624,--,1,1,0,0.2,25.0,1.4,47.0,2.0,12.0,0.0,0.0,
Anthony,http://ufcstats.com/fighter-details/657c21cb133f1445,--,33,22,0,2.56,64.0,1.67,28.0,1.43,31.0,21.0,0.0,
Paul,http://ufcstats.com/fighter-details/babc0b19e89cec6e,--,7,4,0,1.4,33.0,1.4,75.0,0.0,0.0,100.0,20.9,
Montserrat Conejo,http://ufcstats.com/fighter-details/1235b31de15d0c6e,"61.0""",10,5,0,2.21,29.0,6.19,44.0,1.75,50.0,44.0,0.6,
Mike,http://ufcstats.com/fighter-details/353de740bb6c7e75,"73.0""",15,3,0,1.55,47.0,2.9,59.0,4.66,43.0,0.0,0.7,
Bas,http://ufcstats.com/fighter-details/03688dc3c3af3ac1,--,28,4,1,5.59,61.0,2.06,79.0,0.0,0.0,0.0,0.0,
Mashrabjon,http://ufcstats.com/fighter-details/e5a898f2a1afec67,"67.0""",20,4,1,0.0,0.0,0.0,0.0,0.0,0.0,0.0,0.0,
Nursulton,http://ufcstats.com/fighter-details/49d2a08964c5eb11,"76.0""",36,9,2,2.59,46.0,2.89,48.0,0.75,66.0,33.0,0.0,
Casey,http://ufcstats.com/fighter-details/5b1b383265433f51,--,7,3,0,0.0,0.0,0.0,0.0,0.0,0.0,0.0,0.0,
Yusup,http://ufcstats.com/fighter-details/b1669a810fae4220,--,16,4,1,0.57,45.0,0.96,66.0,5.73,60.0,0.0,1.0,
Cameron,http://ufcstats.com/fighter-details/3c8a5200436e19f3,"67.0""",9,3,0,5.3,46.0,4.14,51.0,0.89,28.0,47.0,0.7,
Pete,http://ufcstats.com/fighter-details/7956f026e2672c47,--,3,15,0,0.0,0.0,0.0,0.0,0.0,0.0,0.0,0.0,
Danny,http://ufcstats.com/fighter-details/cb7ee07982de2a28,"71.0""",9,1,0,2.07,57.0,0.2,25.0,3.0,75.0,100.0,1.0,
Pat,http://ufcstats.com/fighter-details/b8bbdeff718dbb7d,"70.0""",21,5,0,1.69,59.0,1.09,50.0,4.48,50.0,50.0,1.5,
Amir,http://ufcstats.com/fighter-details/2650e2f846a30f64,"75.0""",6,5,0,4.71,46.0,3.55,60.0,0.57,27.0,60.0,0.3,
Nazim,http://ufcstats.com/fighter-details/ff62013d2fce6d13,"69.0""",11,2,1,4.79,49.0,5.49,49.0,1.1,45.0,72.0,0.2,
Frankie,http://ufcstats.com/fighter-details/9ba2226646046b63,"66.0""",13,7,0,3.94,47.0,3.5,52.0,1.74,31.0,61.0,0.1,
Terrance,http://ufcstats.com/fighter-details/a78f7a9135eb6249,"67.0""",8,2,0,3.82,40.0,3.82,52.0,0.0,0.0,0.0,0.0,
Saparbeg,http://ufcstats.com/fighter-details/88d7b6d8230e1f3f,"78.0""",9,3,0,4.03,48.0,2.96,47.0,2.52,41.0,33.0,0.0,
Tarec,http://ufcstats.com/fighter-details/0749d968e932df53,"70.0""",16,7,0,4.05,47.0,3.06,62.0,0.52,36.0,84.0,0.1,
Jason,http://ufcstats.com/fighter-details/4ac1ecf8ce59ef23,"71.0""",12,4,0,2.5,39.0,2.94,52.0,2.33,40.0,23.0,0.0,
Kiru,http://ufcstats.com/fighter-details/296a120cb880477b,"73.0""",12,3,0,4.05,52.0,2.64,41.0,0.92,33.0,50.0,0.5,
Tatsuya,http://ufcstats.com/fighter-details/cc4e571964b084d4,"73.0""",11,5,0,6.67,44.0,9.91,43.0,0.0,0.0,66.0,0.0,
Mridul,http://ufcstats.com/fighter-details/96c76dd695eb3b88,"68.0""",8,1,0,0.91,28.0,2.74,36.0,0.0,0.0,0.0,0.0,
Kaushik,http://ufcstats.com/fighter-details/6a6c4709ebc5499a,"71.0""",5,1,0,0.81,28.0,5.35,41.0,0.0,0.0,33.0,1.2,
Benoit,http://ufcstats.com/fighter-details/c2299ec916bc7c56,"73.0""",17,3,0,5.62,58.0,4.09,42.0,4.19,35.0,72.0,1.8,
Ovince,http://ufcstats.com/fighter-details/50db8711c70196cd,"80.0""",27,18,0,3.03,47.0,3.33,47.0,1.09,36.0,67.0,0.5,
Lukasz,http://ufcstats.com/fighter-details/fb41432b622992a9,"71.0""",13,3,0,2.06,35.0,3.88,57.0,1.01,25.0,66.0,0.0,
Yukio,http://ufcstats.com/fighter-details/94a5aaf573f780ad,--,6,7,0,0.3,25.0,2.4,50.0,4.5,100.0,0.0,9.0,
Augusto,http://ufcstats.com/fighter-details/441eacbe20e0e80b,"77.0""",16,5,1,4.6,49.0,3.83,48.0,0.23,40.0,56.0,0.0,
Alessio,http://ufcstats.com/fighter-details/7f955f71fa2ce7ac,"72.0""",19,11,0,3.96,47.0,2.8,59.0,2.18,78.0,62.0,0.0,
Wataru,http://ufcstats.com/fighter-details/d7907a9a968e4d29,--,11,14,0,1.11,61.0,2.08,31.0,0.0,0.0,0.0,0.0,
Gokhan,http://ufcstats.com/fighter-details/4690d47bf725fd98,"73.0""",1,2,0,7.09,58.0,4.57,53.0,0.0,0.0,100.0,0.0,
Kazushi,http://ufcstats.com/fighter-details/9b5b5a75523728f3,--,26,17,1,1.26,41.0,2.03,51.0,1.26,31.0,48.0,1.7,
Hayato,http://ufcstats.com/fighter-details/85e26e2468b4e82f,--,38,13,2,2.45,49.0,1.94,59.0,1.87,69.0,56.0,0.3,
Ryuta,http://ufcstats.com/fighter-details/ff9578cdbfabd323,--,24,24,6,1.8,48.0,3.44,58.0,0.52,100.0,36.0,1.6,
Justin,http://ufcstats.com/fighter-details/9b198c73e3d0d289,"70.0""",12,7,0,3.42,43.0,2.96,68.0,2.43,20.0,0.0,0.0,
Ivan,http://ufcstats.com/fighter-details/394f55ebca199124,--,14,9,0,3.01,47.0,1.19,76.0,0.49,18.0,36.0,2.5,
Roman,http://ufcstats.com/fighter-details/72c4b253d2f5ebf2,--,10,6,0,1.95,39.0,2.89,57.0,1.77,18.0,50.0,0.0,
Luis,http://ufcstats.com/fighter-details/12e0fdc606f7e274,"73.0""",16,7,1,5.16,50.0,3.65,60.0,0.64,17.0,44.0,0.2,
John,http://ufcstats.com/fighter-details/3e36811b7bc1f6ad,--,4,8,1,0.99,50.0,1.86,40.0,0.0,0.0,50.0,0.0,
Muslim,http://ufcstats.com/fighter-details/447f9858ae78f921,"70.0""",22,6,0,3.37,49.0,2.96,62.0,1.07,32.0,72.0,0.0,
Gabriel,http://ufcstats.com/fighter-details/74d5f71eeb0c66c7,--,5,2,1,0.0,0.0,0.0,0.0,0.0,0.0,0.0,0.0,
Brandon,http://ufcstats.com/fighter-details/a049aa06508b9c7b,--,8,6,0,2.88,40.0,6.08,20.0,0.0,0.0,57.0,0.0,
Quillan,http://ufcstats.com/fighter-details/17734443a833cdf7,"75.0""",12,1,0,5.01,57.0,3.03,45.0,7.25,35.0,80.0,0.8,
Sean,http://ufcstats.com/fighter-details/7c0847d3854a95f2,--,18,21,0,1.49,33.0,2.03,65.0,4.06,50.0,0.0,0.0,
Boston,http://ufcstats.com/fighter-details/98e946879ba20c0f,"69.0""",6,3,0,4.13,37.0,7.75,59.0,0.0,0.0,100.0,0.0,
John,http://ufcstats.com/fighter-details/010986ee359fb863,"74.0""",14,3,0,1.68,32.0,1.68,68.0,2.85,46.0,66.0,0.5,
Vinicius,http://ufcstats.com/fighter-details/65cdf4ec31143d86,"70.0""",14,7,0,5.48,43.0,6.5,48.0,0.36,11.0,86.0,0.0,
Dylan,http://ufcstats.com/fighter-details/a7a3fb5f6c67b122,"69.0""",5,2,0,4.34,37.0,11.57,46.0,0.0,0.0,0.0,0.0,
Josh,http://ufcstats.com/fighter-details/9deff9e3e8d94d47,"79.0""",13,4,0,2.08,52.0,2.47,34.0,1.09,33.0,33.0,0.4,
Johnny,http://ufcstats.com/fighter-details/b23388ff8ac6637b,--,3,1,0,1.32,40.0,2.64,50.0,9.89,50.0,0.0,9.9,
Josh,http://ufcstats.com/fighter-details/f65dcb22dada2223,"64.0""",11,5,0,1.99,36.0,2.96,55.0,1.06,33.0,40.0,2.1,
Josh,http://ufcstats.com/fighter-details/983e281d257c24dc,--,8,3,0,0.0,0.0,0.0,0.0,0.0,0.0,0.0,0.0,
Samuel,http://ufcstats.com/fighter-details/438d497617ecb16e,"74.0""",11,1,0,5.95,75.0,0.0,100.0,0.0,0.0,100.0,0.0,
Diego,http://ufcstats.com/fighter-details/82e7929bf6c2b689,"72.0""",31,13,0,2.69,37.0,3.02,56.0,1.51,24.0,46.0,0.8,
Eddie,http://ufcstats.com/fighter-details/7f0b4a75ef3039a3,"74.0""",15,8,0,3.45,43.0,3.3,43.0,1.13,26.0,42.0,0.0,
Julian,http://ufcstats.com/fighter-details/c6da1c24fe473418,--,0,1,0,0.0,0.0,0.0,0.0,0.0,0.0,0.0,0.0,
Bobby,http://ufcstats.com/fighter-details/6a0047ac8c99fece,--,10,35,0,0.0,0.0,0.0,100.0,0.0,0.0,100.0,0.0,
Donald,http://ufcstats.com/fighter-details/bb140b121283acbb,--,31,17,0,0.58,50.0,1.16,55.0,0.0,0.0,50.0,0.0,
Joby,http://ufcstats.com/fighter-details/b12fc8a41e82d3a2,"68.0""",11,4,0,3.22,36.0,2.82,63.0,0.95,71.0,51.0,0.4,
Emmanuel,http://ufcstats.com/fighter-details/243a336eaa2d2eb4,"71.0""",15,3,0,4.45,35.0,4.17,55.0,0.25,6.0,16.0,0.5,
Erick,http://ufcstats.com/fighter-details/ef3663798164adf0,--,8,3,0,0.0,0.0,0.0,0.0,0.0,0.0,0.0,0.0,
Andrew,http://ufcstats.com/fighter-details/fccf811c1e8b01c7,"74.0""",13,7,0,4.3,43.0,5.1,50.0,2.55,36.0,100.0,0.0,
Robert,http://ufcstats.com/fighter-details/546f8599a63c29da,"66.0""",8,2,0,0.96,40.0,1.78,46.0,3.61,62.0,50.0,0.7,
Jesse,http://ufcstats.com/fighter-details/59aaf2730b84698a,--,23,7,0,0.0,0.0,6.45,35.0,0.0,0.0,50.0,0.0,
Luke,http://ufcstats.com/fighter-details/96428b9e9bd048ea,"67.0""",13,5,0,6.61,52.0,4.37,50.0,0.71,30.0,72.0,0.2,
Jerrod,http://ufcstats.com/fighter-details/12f1b140e248bdb9,"72.0""",16,3,0,0.88,64.0,1.14,46.0,2.2,33.0,50.0,1.6,
Cory,http://ufcstats.com/fighter-details/65f09bacd3957381,"70.0""",18,6,0,4.86,45.0,3.47,56.0,1.15,34.0,56.0,0.2,
Hugo,http://ufcstats.com/fighter-details/9d51bcc281aa0514,--,2,3,0,0.0,0.0,0.0,0.0,0.0,0.0,0.0,0.0,
Raul,http://ufcstats.com/fighter-details/f9ad10f6a49e5452,--,3,3,0,0.0,0.0,0.0,0.0,0.0,0.0,0.0,0.0,
Joseph,http://ufcstats.com/fighter-details/696002b59f09d73b,--,7,7,0,1.82,42.0,12.12,60.0,0.0,0.0,0.0,0.0,
Hector,http://ufcstats.com/fighter-details/449c890bd90f3374,"64.0""",14,4,0,3.31,52.0,2.33,65.0,3.49,25.0,71.0,1.4,
Chris,http://ufcstats.com/fighter-details/29f935654825331b,--,5,1,0,0.23,50.0,3.22,17.0,0.0,0.0,0.0,3.5,
Roldan,http://ufcstats.com/fighter-details/57887765f831e228,--,4,2,0,2.71,46.0,2.15,51.0,1.94,60.0,68.0,0.0,
Yuhi,http://ufcstats.com/fighter-details/4c12aa7ca246e7a4,--,0,4,0,0.0,0.0,0.0,0.0,0.0,0.0,0.0,0.0,
Martin,http://ufcstats.com/fighter-details/16a64f93f6678b7b,"75.0""",4,3,1,4.0,33.0,12.0,40.0,0.0,0.0,0.0,0.0,
Jonathan,http://ufcstats.com/fighter-details/3143e5daff9e5b71,--,3,4,0,3.6,51.0,2.53,74.0,0.0,0.0,80.0,0.0,
Duda,http://ufcstats.com/fighter-details/d6ead04919a894b1,"73.0""",3,1,0,6.01,39.0,2.72,73.0,6.44,60.0,0.0,0.0,
Shaheen,http://ufcstats.com/fighter-details/19809d475ed832d5,"75.0""",6,1,0,0.82,42.0,1.65,40.0,0.0,0.0,0.0,2.8,
Neemias,http://ufcstats.com/fighter-details/86989ee8fe97884d,"76.0""",7,3,1,1.67,34.0,2.0,52.0,0.0,0.0,0.0,0.0,
Sean,http://ufcstats.com/fighter-details/39792c2f42c9f527,--,17,6,1,0.0,0.0,0.0,0.0,0.0,0.0,0.0,0.0,
Jorge,http://ufcstats.com/fighter-details/f8dc544e7077d014,"75.0""",25,12,0,1.69,35.0,2.62,56.0,0.58,30.0,52.0,0.8,
Mike,http://ufcstats.com/fighter-details/bc656db347f31e19,"69.0""",19,12,0,3.44,49.0,3.58,36.0,2.66,50.0,53.0,1.1,
Will,http://ufcstats.com/fighter-details/4920292f5d9b76df,--,9,5,0,1.47,39.0,5.53,56.0,1.0,50.0,100.0,0.0,
Richie,http://ufcstats.com/fighter-details/9f95d6b5b459cc6b,"67.0""",7,2,0,3.87,49.0,4.87,42.0,0.0,0.0,25.0,0.0,
Jose,http://ufcstats.com/fighter-details/8299206ccebc44a7,--,10,3,0,0.0,0.0,0.0,0.0,0.0,0.0,0.0,0.0,
Art,http://ufcstats.com/fighter-details/012fc7cd0779c09a,--,18,8,0,1.4,12.0,7.31,52.0,0.0,0.0,100.0,0.0,
Adriano,http://ufcstats.com/fighter-details/c6e6926a81adcd00,--,0,1,0,0.0,0.0,0.0,0.0,0.0,0.0,0.0,0.0,
Paulo,http://ufcstats.com/fighter-details/7ca4c3f8aa8bacae,--,0,3,0,0.0,0.0,0.0,0.0,0.0,0.0,0.0,0.0,
Evangelista,http://ufcstats.com/fighter-details/99bf06f20491cb54,"76.0""",21,18,0,3.94,36.0,6.01,49.0,0.78,100.0,50.0,0.4,
Luis,http://ufcstats.com/fighter-details/7701377be464d2ef,--,63,10,1,4.4,57.0,4.0,64.0,0.0,0.0,0.0,0.0,
Iliarde,http://ufcstats.com/fighter-details/14aa21bc82cac57d,"67.0""",30,13,1,3.0,30.0,6.1,57.0,1.66,23.0,83.0,0.0,
Leonardo,http://ufcstats.com/fighter-details/9c65736747ca92ec,"75.0""",18,7,1,2.82,46.0,3.4,54.0,0.88,25.0,86.0,0.2,
Thiago,http://ufcstats.com/fighter-details/dea070ed4a2a8281,"76.0""",22,11,0,3.72,48.0,2.57,53.0,0.88,33.0,65.0,0.1,
Bruno,http://ufcstats.com/fighter-details/da1d8d76404bb6b5,--,15,2,0,1.18,46.0,2.27,56.0,3.0,37.0,66.0,0.3,
Andre,http://ufcstats.com/fighter-details/5b5b78116d1fc3eb,--,38,10,0,2.77,34.0,4.17,41.0,2.5,29.0,75.0,0.0,
Gleristone,http://ufcstats.com/fighter-details/d12ee718fb35c35c,--,33,7,0,3.4,31.0,4.4,64.0,0.0,0.0,75.0,0.0,
Yana,http://ufcstats.com/fighter-details/3143bf892608139a,"68.0""",17,8,0,4.41,57.0,3.12,52.0,0.78,47.0,51.0,0.1,
Taila,http://ufcstats.com/fighter-details/f7467152fd9f18a2,"68.0""",19,3,0,3.39,48.0,2.64,58.0,2.0,76.0,86.0,1.1,
Marilia,http://ufcstats.com/fighter-details/4cb79988b2a9bd07,--,10,3,0,4.4,54.0,4.07,53.0,1.0,100.0,66.0,1.0,
Edivan,http://ufcstats.com/fighter-details/78719f6663ad9160,"78.0""",12,3,1,1.55,48.0,7.09,26.0,0.0,0.0,25.0,0.0,
Daniel,http://ufcstats.com/fighter-details/b67d6bacc68d4c92,"67.0""",14,2,0,4.76,40.0,5.03,51.0,3.01,40.0,73.0,0.0,
Gabriel,http://ufcstats.com/fighter-details/f2f140ce7532e327,"70.0""",12,2,0,4.35,60.0,4.31,45.0,3.8,54.0,87.0,1.2,
Luana,http://ufcstats.com/fighter-details/5078e1dacf9d25f4,"67.0""",10,2,0,2.99,52.0,2.93,63.0,2.17,47.0,85.0,1.2,
Djorden,http://ufcstats.com/fighter-details/312f7d7b2b2f7de4,"75.0""",11,2,0,7.0,44.0,5.98,48.0,0.67,33.0,86.0,0.0,
Mairon,http://ufcstats.com/fighter-details/480779d7f9a424d3,"72.0""",18,1,0,3.33,48.0,2.24,65.0,0.0,0.0,69.0,0.0,
Nick,http://ufcstats.com/fighter-details/1d147d4163a6989b,--,1,1,0,0.0,0.0,0.0,0.0,0.0,0.0,0.0,0.0,
Bob,http://ufcstats.com/fighter-details/9f3d6ddef3d3cccc,--,11,20,0,3.19,55.0,1.88,49.0,0.58,100.0,72.0,0.0,
Daniel,http://ufcstats.com/fighter-details/7e47047d0971d566,"73.0""",10,6,0,2.23,46.0,3.1,58.0,0.36,7.0,53.0,0.7,
Jeka,http://ufcstats.com/fighter-details/57186c150c645200,"69.0""",14,5,0,2.75,50.0,2.82,40.0,2.17,80.0,66.0,0.5,
Diego,http://ufcstats.com/fighter-details/4f4dac51adc1af4f,--,22,20,1,1.64,32.0,3.58,62.0,1.33,40.0,0.0,0.7,
Gokhan,http://ufcstats.com/fighter-details/1a97a3ef4c758fae,"75.0""",12,2,0,5.87,47.0,6.18,38.0,0.0,0.0,100.0,0.0,
Harris,http://ufcstats.com/fighter-details/026b4f7049085842,--,36,26,0,0.84,25.0,3.46,36.0,2.36,60.0,57.0,0.0,
Alexander,http://ufcstats.com/fighter-details/2097b1a5ff47dfb0,--,35,6,0,1.43,66.0,2.06,42.0,0.0,0.0,75.0,0.0,
Yuki,http://ufcstats.com/fighter-details/e5c38954c006f15c,--,25,22,2,1.09,43.0,1.2,57.0,0.43,100.0,66.0,0.0,
Kyosuke,http://ufcstats.com/fighter-details/23bd78c3f89bdb54,--,3,7,4,0.33,45.0,0.93,46.0,0.0,0.0,0.0,0.0,
Yuta,http://ufcstats.com/fighter-details/7c3c48cf54a2848e,"71.0""",21,6,2,2.16,41.0,2.5,50.0,3.03,43.0,41.0,1.2,
Paul,http://ufcstats.com/fighter-details/7b143a54451263d9,"73.0""",14,2,0,0.53,26.0,1.9,51.0,0.53,16.0,33.0,7.4,
Keisuke,http://ufcstats.com/fighter-details/b7bcf6dfbbb7c16c,"69.0""",11,3,1,2.76,49.0,2.42,48.0,3.76,40.0,61.0,1.9,
Masaaki,http://ufcstats.com/fighter-details/f4a031ac205ac580,--,1,8,1,1.4,35.0,3.76,41.0,0.0,0.0,58.0,0.0,
Takenori,http://ufcstats.com/fighter-details/276c60b14b571dd4,--,19,11,7,0.46,33.0,12.92,9.0,0.0,0.0,0.0,0.0,
Takashi,http://ufcstats.com/fighter-details/8abac218746e04ca,"73.0""",16,7,0,2.21,41.0,3.73,44.0,0.76,37.0,60.0,0.0,
Shogo,http://ufcstats.com/fighter-details/c982b98d33825763,"66.0""",5,1,0,2.14,25.0,25.71,29.0,0.0,0.0,0.0,0.0,
Uran,http://ufcstats.com/fighter-details/02f484417a6fa69d,"79.0""",9,1,0,2.14,25.0,3.66,44.0,0.0,0.0,50.0,1.7,
Jeimeson,http://ufcstats.com/fighter-details/f6f9d41669dd3eaa,--,8,5,0,0.66,30.0,0.82,84.0,2.47,50.0,0.0,2.5,
Tom,http://ufcstats.com/fighter-details/36ab6af06e312b41,--,25,12,0,0.0,0.0,0.0,0.0,0.0,0.0,0.0,0.0,
Townsend,http://ufcstats.com/fighter-details/20bd6c3e03c46ee6,--,0,2,0,0.0,0.0,0.0,0.0,0.0,0.0,0.0,0.0,
Ben,http://ufcstats.com/fighter-details/484acc7b0f856ce9,"77.0""",22,13,2,3.23,50.0,3.58,51.0,0.2,40.0,66.0,1.3,
Chad W.,http://ufcstats.com/fighter-details/4fe9492959834bf7,--,7,2,0,0.0,0.0,0.0,0.0,0.0,0.0,0.0,0.0,
Chris,http://ufcstats.com/fighter-details/b35a159f525764eb,--,16,8,0,1.48,22.0,2.96,75.0,3.7,100.0,0.0,0.0,
Christien,http://ufcstats.com/fighter-details/67f0d1b1b0b39bec,"72.0""",10,2,1,1.39,45.0,6.95,23.0,0.0,0.0,12.0,0.0,
Lumumba,http://ufcstats.com/fighter-details/402ea3b5ee233852,--,6,5,0,2.54,41.0,2.37,48.0,7.63,75.0,0.0,2.5,
Matt,http://ufcstats.com/fighter-details/5b8ba8f5512893b1,"68.0""",8,4,0,4.83,41.0,2.81,61.0,0.36,16.0,81.0,0.7,
Brandon,http://ufcstats.com/fighter-details/72b7c071910990b1,--,5,1,0,0.0,0.0,0.0,0.0,0.0,0.0,0.0,0.0,
Mikheil,http://ufcstats.com/fighter-details/22a1f83edb865aee,"71.0""",13,3,0,2.27,28.0,3.03,52.0,0.0,0.0,100.0,0.0,
Mark,http://ufcstats.com/fighter-details/771b60ff889661c8,--,9,2,0,2.2,35.0,3.33,48.0,3.0,75.0,25.0,2.0,
Eric,http://ufcstats.com/fighter-details/f59f1d3a2ff13edd,"76.0""",14,8,2,1.89,34.0,3.38,56.0,1.81,36.0,50.0,1.8,
Kerry,http://ufcstats.com/fighter-details/030f08370fd1c2bb,--,24,13,0,0.94,11.0,4.84,63.0,0.0,0.0,0.0,0.0,
Eric,http://ufcstats.com/fighter-details/66e981516e2476d1,--,15,6,0,1.43,42.0,1.07,54.0,3.0,42.0,0.0,1.0,
Brendan,http://ufcstats.com/fighter-details/89a407032911e27e,"78.0""",10,5,0,2.92,37.0,2.22,57.0,2.32,46.0,72.0,0.4,
Matheus,http://ufcstats.com/fighter-details/a296ad1d238d97df,"75.0""",14,7,0,1.33,36.0,3.0,47.0,0.0,0.0,100.0,0.0,
Antonio,http://ufcstats.com/fighter-details/a3244e3238541482,--,5,5,0,0.72,26.0,2.12,55.0,1.31,40.0,0.0,0.4,
Fabiano,http://ufcstats.com/fighter-details/0bc7e61d204f2137,--,11,10,0,1.31,31.0,3.2,38.0,1.09,33.0,40.0,0.0,
Samy,http://ufcstats.com/fighter-details/1208ffc5be6e31ad,--,10,6,0,1.68,34.0,2.62,38.0,0.94,50.0,66.0,0.9,
Pat,http://ufcstats.com/fighter-details/de12bd65e2f46478,--,5,2,0,1.87,26.0,8.24,52.0,0.0,0.0,0.0,0.0,
Joe,http://ufcstats.com/fighter-details/f41fad444939056b,--,2,5,0,2.84,52.0,2.64,48.0,0.0,0.0,44.0,0.0,
Semmy,http://ufcstats.com/fighter-details/d5ed14b2153c6ed2,--,26,14,1,1.2,50.0,1.31,53.0,0.0,0.0,47.0,1.1,
Adam,http://ufcstats.com/fighter-details/89ea01f5a7ada40c,--,10,6,0,0.0,0.0,0.0,0.0,0.0,0.0,0.0,0.0,
Ollie,http://ufcstats.com/fighter-details/b701f095e6ccb149,"71.0""",4,3,0,3.23,30.0,7.9,45.0,0.0,0.0,0.0,0.0,
Daniel,http://ufcstats.com/fighter-details/bd02e222a6166d50,--,2,3,0,0.0,0.0,0.0,0.0,0.0,0.0,0.0,0.0,
Colleen,http://ufcstats.com/fighter-details/aa943b9bc00cb0ed,--,11,7,0,2.17,48.0,2.5,50.0,2.5,50.0,60.0,0.0,
Matt,http://ufcstats.com/fighter-details/67c1d46f4ed16f9e,"70.0""",17,10,0,4.07,40.0,4.11,55.0,0.6,45.0,43.0,1.2,
Alex,http://ufcstats.com/fighter-details/fdfef29ba17ee525,--,15,10,0,1.22,40.0,2.27,42.0,0.0,0.0,22.0,4.9,
Bailey,http://ufcstats.com/fighter-details/b0353e7f5038dd09,"76.0""",5,1,0,0.0,0.0,9.86,53.0,0.0,0.0,0.0,0.0,
Darrill,http://ufcstats.com/fighter-details/5a558ba1ff5e9121,--,14,8,0,1.2,33.0,4.35,38.0,0.0,0.0,50.0,1.1,
Bob,http://ufcstats.com/fighter-details/d86e913c548c07c2,--,20,17,1,0.0,0.0,0.0,0.0,0.0,0.0,0.0,0.0,
Nate,http://ufcstats.com/fighter-details/040426baba8a45e8,--,11,10,0,0.0,0.0,0.0,0.0,0.0,0.0,0.0,0.0,
Lacey,http://ufcstats.com/fighter-details/e44c679c30403cba,--,11,10,0,0.0,0.0,0.0,0.0,0.0,0.0,0.0,0.0,
Mark,http://ufcstats.com/fighter-details/c1684f00c626f4c0,--,1,1,0,0.0,0.0,0.0,0.0,0.0,0.0,0.0,0.0,
Wes,http://ufcstats.com/fighter-details/b4443fae47e7eb9d,"77.0""",9,3,0,2.91,46.0,3.11,43.0,2.39,21.0,0.0,3.6,
Brian,http://ufcstats.com/fighter-details/99c80d2bd5dbe5a9,--,1,1,0,1.27,44.0,0.87,45.0,0.0,0.0,50.0,1.0,
Eric,http://ufcstats.com/fighter-details/79cbdf233e5e0496,--,2,0,0,0.0,0.0,0.0,0.0,0.0,0.0,0.0,0.0,
Justin,http://ufcstats.com/fighter-details/9fa568ad2bf2cb0b,"66.0""",11,5,0,3.56,51.0,2.16,55.0,3.42,63.0,82.0,0.5,
Brad,http://ufcstats.com/fighter-details/34e552520a934063,"76.0""",11,6,0,3.52,41.0,4.31,57.0,0.32,15.0,63.0,0.7,
Greg,http://ufcstats.com/fighter-details/0b235384fe23fc9c,--,3,4,0,3.9,55.0,7.79,37.0,11.69,100.0,0.0,0.0,
Louis Lee,http://ufcstats.com/fighter-details/4327506eb9ee342f,"70.0""",10,0,0,5.35,58.0,0.81,71.0,2.43,66.0,100.0,0.0,
Zachary,http://ufcstats.com/fighter-details/03dee485905dbc9f,"74.0""",7,1,0,2.4,37.0,8.8,68.0,0.0,0.0,0.0,0.0,
Mike,http://ufcstats.com/fighter-details/0c01568b1ac77bff,--,13,15,1,5.5,68.0,3.33,50.0,0.0,0.0,33.0,0.0,
Demba,http://ufcstats.com/fighter-details/b9af9f8834e39d3e,"74.0""",10,3,0,1.5,40.0,5.25,22.0,0.0,0.0,60.0,0.0,
Matt,http://ufcstats.com/fighter-details/d1ce40aca99a9b70,--,8,4,0,0.51,20.0,0.81,50.0,3.03,100.0,0.0,3.0,
Kenneth,http://ufcstats.com/fighter-details/55e94a9b525dcf45,--,4,7,0,3.21,66.0,1.28,0.0,0.0,0.0,40.0,14.4,
Neil,http://ufcstats.com/fighter-details/49a74b9fb2e45fdf,"64.0""",16,13,0,3.56,41.0,3.79,58.0,0.78,27.0,53.0,1.6,
Rony,http://ufcstats.com/fighter-details/d6b68eaf4b68b160,--,0,2,0,0.0,0.0,0.43,0.0,0.0,0.0,0.0,0.0,
Ray,http://ufcstats.com/fighter-details/646d5dbe509accd4,--,2,2,0,0.86,31.0,1.71,72.0,0.0,0.0,66.0,0.0,
Brendan,http://ufcstats.com/fighter-details/e4bb7e483c4ad318,--,23,19,1,2.6,45.0,0.6,84.0,5.0,62.0,100.0,0.0,
Tetsuya,http://ufcstats.com/fighter-details/5e1062e066c601e6,--,14,8,1,0.0,0.0,0.0,0.0,0.0,0.0,0.0,0.0,
Stefan,http://ufcstats.com/fighter-details/348dff4e03bd18c6,"75.0""",12,4,0,1.83,50.0,2.83,64.0,2.0,33.0,25.0,0.5,
Pete,http://ufcstats.com/fighter-details/0359313549d230a1,"75.0""",10,7,0,2.6,42.0,3.65,51.0,0.91,21.0,47.0,0.9,
Matthew,http://ufcstats.com/fighter-details/4aa58269d0664b5b,"75.0""",11,8,0,3.77,42.0,4.24,54.0,1.01,57.0,45.0,0.4,
Andrei,http://ufcstats.com/fighter-details/5f2f0da6fd6a84fd,--,34,9,2,0.78,15.0,2.44,60.0,1.74,80.0,55.0,0.4,
Mackens,http://ufcstats.com/fighter-details/51b1e2fd9872005b,"72.0""",8,4,0,2.91,45.0,3.48,46.0,2.14,50.0,50.0,2.1,
Brandon,http://ufcstats.com/fighter-details/3ed134d85dfbd7b4,--,2,2,0,0.0,0.0,0.0,0.0,0.0,0.0,0.0,0.0,
YeDam,http://ufcstats.com/fighter-details/762572d67204fadb,"63.0""",7,4,0,1.07,27.0,2.4,58.0,0.5,20.0,42.0,0.0,
DongHyun,http://ufcstats.com/fighter-details/0505e27a5d00704a,"67.0""",7,3,1,4.91,63.0,3.35,41.0,0.0,0.0,0.0,0.0,
Kim In,http://ufcstats.com/fighter-details/88b250ba222c3a98,--,3,6,0,0.87,37.0,5.19,60.0,0.0,0.0,0.0,0.0,
Ray,http://ufcstats.com/fighter-details/2f04c4183523be2e,--,8,9,0,5.29,27.0,17.65,41.0,0.0,0.0,0.0,0.0,
Ivan,http://ufcstats.com/fighter-details/b23fca14c7b79935,--,12,4,0,0.86,26.0,5.33,29.0,0.0,0.0,0.0,0.0,
Alex,http://ufcstats.com/fighter-details/253d3f9e97ca149a,"74.0""",8,5,0,4.94,48.0,3.1,46.0,1.84,55.0,67.0,1.8,
Nicholas,http://ufcstats.com/fighter-details/efab191f204ffa17,--,1,1,0,4.38,55.0,3.94,59.0,0.0,0.0,0.0,0.0,
Matt,http://ufcstats.com/fighter-details/86dfed7cc24a9fa7,"68.0""",11,7,0,1.98,39.0,2.64,46.0,2.05,20.0,38.0,0.9,
Nick,http://ufcstats.com/fighter-details/1975c2272ba40e71,--,7,3,0,0.0,0.0,1.73,43.0,1.0,10.0,0.0,2.0,
Adrian,http://ufcstats.com/fighter-details/e7ec11096eac0282,--,56,29,4,0.0,0.0,0.0,0.0,0.0,0.0,0.0,0.0,
Fredy,http://ufcstats.com/fighter-details/0ccab7c889ede9ea,"65.0""",3,2,0,1.58,26.0,1.89,61.0,2.84,25.0,84.0,0.0,
Carl,http://ufcstats.com/fighter-details/dadaeb402526dca5,--,10,8,0,0.0,0.0,3.33,75.0,0.0,0.0,0.0,0.0,
Igor,http://ufcstats.com/fighter-details/6ad8e4296f7522d9,"69.0""",8,1,0,7.17,52.0,4.33,47.0,9.69,71.0,50.0,0.0,
Dan,http://ufcstats.com/fighter-details/c670aa48827d6be6,--,101,19,1,0.0,0.0,0.0,0.0,0.0,0.0,0.0,0.0,
Rosi,http://ufcstats.com/fighter-details/5dfe71ade71f3a4b,--,13,5,0,3.31,39.0,7.42,41.0,0.75,10.0,80.0,0.0,
Rodrigo,http://ufcstats.com/fighter-details/c06d6b18862f9a53,"71.0""",9,2,0,2.25,27.0,8.76,42.0,3.37,25.0,66.0,0.0,
Scott,http://ufcstats.com/fighter-details/5c38639f860a5542,--,0,1,0,2.4,67.0,0.53,50.0,0.0,0.0,72.0,3.0,
Edmen,http://ufcstats.com/fighter-details/4144798612ef96e5,"75.0""",16,5,0,3.8,48.0,3.6,49.0,1.62,37.0,66.0,0.4,
Leon,http://ufcstats.com/fighter-details/9eed2bcc9e0b92af,"74.0""",7,2,0,6.33,52.0,8.18,32.0,1.46,50.0,0.0,0.0,
Don,http://ufcstats.com/fighter-details/da4628f173337902,"67.0""",12,5,0,3.42,50.0,5.87,31.0,0.97,25.0,20.0,1.9,
Liliya,http://ufcstats.com/fighter-details/f300763147320d12,"65.0""",8,2,0,2.7,30.0,2.58,74.0,0.0,0.0,0.0,0.0,
Kamal,http://ufcstats.com/fighter-details/ece280745f8727b8,"68.0""",9,5,2,3.06,32.0,2.99,70.0,2.07,50.0,80.0,0.0,
Ken,http://ufcstats.com/fighter-details/63b65af1c5cb02cb,"72.0""",28,17,2,1.47,46.0,4.3,39.0,0.94,60.0,44.0,2.5,
Frank,http://ufcstats.com/fighter-details/fcaae0385b514f11,--,23,10,2,4.75,53.0,4.66,57.0,0.35,50.0,37.0,1.1,
Shang,http://ufcstats.com/fighter-details/5a7350645bc9bd6e,"63.0""",32,8,0,1.27,32.0,1.27,60.0,2.0,100.0,0.0,0.0,
Sean,http://ufcstats.com/fighter-details/0f3a990526c5e706,"77.0""",4,2,0,7.41,43.0,15.0,42.0,0.93,11.0,0.0,0.0,
Priya,http://ufcstats.com/fighter-details/5f23eaf9e9c34667,"59.0""",5,2,0,1.33,16.0,3.2,40.0,0.0,0.0,55.0,0.0,
Jason,http://ufcstats.com/fighter-details/285e32e41f61a5b1,--,3,3,0,0.0,0.0,0.0,0.0,0.0,0.0,0.0,0.0,
Eric,http://ufcstats.com/fighter-details/a0c64f272b65d441,"68.0""",12,6,0,2.57,42.0,1.88,63.0,2.83,51.0,46.0,0.2,
Sean,http://ufcstats.com/fighter-details/029880cdbf5ca089,"67.0""",36,4,1,2.17,35.0,2.71,55.0,4.09,46.0,56.0,0.4,
Chase,http://ufcstats.com/fighter-details/01b352b6a9074d5c,"78.0""",16,12,0,6.04,45.0,6.65,52.0,0.09,50.0,74.0,0.0,
Valentina,http://ufcstats.com/fighter-details/132deb59abae64b1,"66.0""",26,4,1,3.04,52.0,2.0,63.0,2.65,61.0,76.0,0.3,
Antonina,http://ufcstats.com/fighter-details/d7338bcb141abd2c,"67.0""",10,4,0,3.86,55.0,2.93,52.0,0.43,42.0,53.0,0.4,
Shi,http://ufcstats.com/fighter-details/d683f4870742b273,"60.0""",17,6,0,3.12,36.0,2.92,53.0,0.81,30.0,57.0,0.0,
Katsuyori,http://ufcstats.com/fighter-details/d4da8995fc91e7ef,--,4,11,1,2.06,35.0,2.4,53.0,0.49,50.0,53.0,0.7,
Jake,http://ufcstats.com/fighter-details/fe435e440b5de0ff,"72.0""",31,9,1,2.45,36.0,1.8,56.0,2.83,29.0,35.0,1.2,
Henrique,http://ufcstats.com/fighter-details/5d1700cfbaafbe06,"72.0""",13,4,1,3.6,33.0,6.0,16.0,0.0,0.0,50.0,0.0,
Shunichi,http://ufcstats.com/fighter-details/10657c60ce349e0f,--,30,18,11,0.14,33.0,4.68,30.0,0.0,0.0,0.0,0.0,
Youmin,http://ufcstats.com/fighter-details/b94ac19bad67a389,--,6,1,0,0.0,0.0,0.0,0.0,0.0,0.0,0.0,0.0,
Wade,http://ufcstats.com/fighter-details/a9a314cc77d90b6e,--,11,5,0,4.29,86.0,2.14,0.0,0.0,0.0,75.0,0.0,
Raja,http://ufcstats.com/fighter-details/d9e1942637bd57a4,--,18,11,1,0.0,0.0,0.0,0.0,0.0,0.0,0.0,0.0,
Yuya,http://ufcstats.com/fighter-details/a79bfbc01b2264d6,--,26,14,2,1.02,100.0,4.07,55.0,0.0,0.0,0.0,0.0,
Wes,http://ufcstats.com/fighter-details/ad863b0d57952c57,--,7,1,0,0.0,0.0,0.0,0.0,0.0,0.0,0.0,0.0,
Alexander,http://ufcstats.com/fighter-details/ed3ea649b34ddb6c,--,56,9,0,4.36,60.0,1.71,63.0,0.0,0.0,0.0,0.0,
Josh,http://ufcstats.com/fighter-details/1d36f1ac66cf689d,--,11,4,0,1.4,33.0,1.75,60.0,0.0,0.0,61.0,0.8,
Josh,http://ufcstats.com/fighter-details/821cd80aab70d5f9,--,6,3,0,0.87,32.0,0.87,58.0,0.0,0.0,23.0,0.0,
Akira,http://ufcstats.com/fighter-details/b0c95dc8e858452c,--,14,17,5,1.03,34.0,2.63,53.0,1.79,73.0,82.0,0.4,
Liudvik,http://ufcstats.com/fighter-details/1a54231796e24a3f,"71.0""",9,4,1,2.5,30.0,5.67,55.0,0.0,0.0,66.0,0.0,
Jack,http://ufcstats.com/fighter-details/b8a85389d115e35a,"71.0""",17,3,0,3.6,58.0,2.31,56.0,3.22,39.0,74.0,0.6,
Landon,http://ufcstats.com/fighter-details/35cc17760b06f36d,--,11,19,1,0.0,0.0,0.0,0.0,0.0,0.0,0.0,0.0,
Ivan,http://ufcstats.com/fighter-details/1f4b1d7d12601c5f,"74.0""",15,0,1,0.0,0.0,0.0,0.0,0.0,0.0,0.0,0.0,
Brandon,http://ufcstats.com/fighter-details/585f9ffdb0cd0466,--,7,6,0,0.68,33.0,1.36,0.0,0.0,0.0,0.0,10.2,
Ronal,http://ufcstats.com/fighter-details/762226efa2b01654,"71.0""",7,1,0,0.63,66.0,6.17,25.0,0.0,0.0,25.0,0.0,
Sam,http://ufcstats.com/fighter-details/b8aef0faf4ce9b31,"67.0""",15,8,0,2.46,33.0,3.55,59.0,1.45,43.0,70.0,0.9,
Kiril,http://ufcstats.com/fighter-details/cf772fb504842dc3,--,11,4,0,2.87,28.0,4.48,61.0,0.0,0.0,0.0,0.0,
Serhiy,http://ufcstats.com/fighter-details/1a2bf44edb8055b6,"72.0""",12,2,0,4.49,39.0,4.26,54.0,1.58,25.0,20.0,1.3,
Steven,http://ufcstats.com/fighter-details/d188a3b817860ec6,"70.0""",29,16,0,3.21,41.0,2.96,54.0,0.47,21.0,55.0,1.6,
Siala,http://ufcstats.com/fighter-details/3cf68c1d17f66af7,--,12,5,0,1.08,26.0,1.96,50.0,1.47,50.0,80.0,0.0,
Xavier,http://ufcstats.com/fighter-details/9a08c2753184ac6d,--,5,5,0,1.02,36.0,1.53,57.0,3.83,100.0,0.0,0.0,
Assuerio,http://ufcstats.com/fighter-details/e091482fa6648261,--,16,8,0,1.42,46.0,4.2,54.0,2.66,34.0,25.0,1.8,
Anderson,http://ufcstats.com/fighter-details/1f454354805b6f75,"77.0""",34,11,0,3.05,61.0,2.05,60.0,0.5,77.0,69.0,0.8,
Wanderlei,http://ufcstats.com/fighter-details/a1f6999fe57236e0,"74.0""",35,13,1,2.79,40.0,2.19,60.0,0.97,53.0,62.0,0.6,
Thiago,http://ufcstats.com/fighter-details/2924886ee9c4c527,"74.0""",19,6,0,3.92,50.0,2.55,67.0,1.03,47.0,70.0,0.7,
Paulo Cesar,http://ufcstats.com/fighter-details/55b8dc4e54fe2c59,--,2,6,0,0.4,15.0,2.72,47.0,0.42,100.0,16.0,0.4,
Jean,http://ufcstats.com/fighter-details/9211aae062b799d6,--,19,12,3,0.73,22.0,2.93,52.0,0.0,0.0,0.0,0.0,
Edson,http://ufcstats.com/fighter-details/a1153013cb5f628f,--,14,12,0,2.69,14.0,5.37,50.0,0.0,0.0,0.0,0.0,
Sidney,http://ufcstats.com/fighter-details/a6c32678efd4f434,--,8,4,0,2.86,65.0,3.3,34.0,3.3,100.0,0.0,0.0,
Jay,http://ufcstats.com/fighter-details/53bb0d40905b87c0,--,10,11,1,1.13,34.0,3.07,40.0,0.0,0.0,38.0,1.0,
Antonio,http://ufcstats.com/fighter-details/8349d55cdecd393a,"82.0""",19,12,1,2.89,45.0,3.09,50.0,0.82,29.0,66.0,0.8,
Fabio,http://ufcstats.com/fighter-details/2ba479b409011527,--,1,8,0,0.09,11.0,5.9,38.0,0.0,0.0,0.0,0.0,
Erick,http://ufcstats.com/fighter-details/5866fc86183a9fb8,"74.0""",19,9,0,2.5,48.0,4.18,49.0,0.85,35.0,56.0,1.4,
Leandro,http://ufcstats.com/fighter-details/159da492e000afbf,"72.0""",20,6,1,2.39,48.0,2.08,63.0,1.76,37.0,65.0,0.4,
Claudio,http://ufcstats.com/fighter-details/6f7c616b98e18c29,"71.0""",14,4,0,2.48,42.0,3.0,46.0,2.85,26.0,44.0,1.1,
Wagner,http://ufcstats.com/fighter-details/fb79582c410d049e,--,6,3,0,1.69,29.0,2.87,65.0,0.0,0.0,58.0,0.0,
Rafael,http://ufcstats.com/fighter-details/a31358d90d4bb40a,--,28,6,0,0.67,50.0,0.73,67.0,0.0,0.0,25.0,1.0,
Joaquim,http://ufcstats.com/fighter-details/ae7fe94f117f98cf,"69.0""",14,6,0,3.43,43.0,4.17,53.0,0.34,50.0,70.0,0.8,
Felipe,http://ufcstats.com/fighter-details/1b38a2b897f6209c,"77.0""",8,2,0,5.4,50.0,1.8,59.0,1.0,100.0,71.0,0.0,
Dayana,http://ufcstats.com/fighter-details/b19aecbfbb5508cc,--,7,4,0,6.33,51.0,5.93,57.0,0.0,0.0,42.0,0.0,
Bruno,http://ufcstats.com/fighter-details/294aa73dbf37d281,"65.0""",15,8,2,3.95,51.0,4.69,51.0,2.01,25.0,72.0,0.2,
Bruno,http://ufcstats.com/fighter-details/12ebd7d157e91701,"74.0""",23,13,0,3.86,48.0,5.35,41.0,0.77,22.0,74.0,0.0,
Gabriel,http://ufcstats.com/fighter-details/002ca196477ce572,"71.0""",8,2,0,1.3,34.0,3.47,45.0,1.5,25.0,38.0,0.5,
Jacob,http://ufcstats.com/fighter-details/f6f2ea21a67be3a7,"67.0""",6,4,0,4.17,44.0,4.92,56.0,1.51,100.0,66.0,0.0,
Natalia,http://ufcstats.com/fighter-details/262d32ebda89efc4,"65.0""",20,5,1,4.81,45.0,2.36,66.0,0.43,30.0,90.0,0.0,
Jansey,http://ufcstats.com/fighter-details/0d09efd31eb9fadf,"67.0""",7,2,0,0.46,40.0,2.32,33.0,0.0,0.0,0.0,0.0,
Maria,http://ufcstats.com/fighter-details/4408865b4e65e374,"64.0""",8,1,0,3.0,57.0,1.13,62.0,2.0,100.0,55.0,0.5,
Karine,http://ufcstats.com/fighter-details/9d62c2d8ee151f08,"67.0""",19,7,0,2.24,38.0,2.74,52.0,1.93,50.0,26.0,1.6,
Erik,http://ufcstats.com/fighter-details/21b813b919776d90,"71.0""",9,4,0,2.06,67.0,1.52,40.0,3.26,80.0,60.0,0.0,
Janaina,http://ufcstats.com/fighter-details/4784a5b4a452464a,"60.0""",5,1,0,0.0,0.0,1.5,62.0,0.0,0.0,0.0,0.0,
Jhonata,http://ufcstats.com/fighter-details/4e33534d1e036444,"66.0""",8,2,0,4.86,52.0,9.85,44.0,0.0,0.0,0.0,0.0,
Jean,http://ufcstats.com/fighter-details/52ef95b5860fb28c,"69.0""",17,3,0,4.82,51.0,4.5,53.0,1.2,60.0,78.0,0.6,
Danny,http://ufcstats.com/fighter-details/d964a59c48381cb6,"69.0""",11,2,0,6.35,54.0,7.1,61.0,2.06,36.0,75.0,0.2,
Frank,http://ufcstats.com/fighter-details/79f60d34ad48d7a3,--,7,1,0,0.0,0.0,0.0,0.0,0.0,0.0,0.0,0.0,
Samuel,http://ufcstats.com/fighter-details/04e0507b94014dbb,"72.0""",13,5,1,2.58,27.0,8.61,37.0,0.0,0.0,0.0,0.0,
Douglas,http://ufcstats.com/fighter-details/3a314d9fa7c6825d,"68.0""",29,7,0,3.54,38.0,4.09,56.0,0.54,42.0,71.0,0.2,
Leonardo,http://ufcstats.com/fighter-details/28e088bbcaaa6366,--,12,4,0,1.07,40.0,0.54,50.0,24.11,50.0,0.0,0.0,
Marcus,http://ufcstats.com/fighter-details/f717b6002486f73f,--,6,4,0,0.0,0.0,0.0,0.0,0.0,0.0,0.0,0.0,
Elias,http://ufcstats.com/fighter-details/52ba464d9068d871,"73.0""",13,3,0,3.67,49.0,2.97,51.0,1.62,38.0,85.0,0.2,
Sim,http://ufcstats.com/fighter-details/79e2cb1e813f881b,"67.0""",7,2,0,2.85,42.0,3.64,55.0,3.49,25.0,100.0,0.0,
Jamey,http://ufcstats.com/fighter-details/f0fad0e9f3b65752,"70.0""",7,4,0,0.79,21.0,1.92,74.0,0.0,0.0,50.0,0.0,
Ricky,http://ufcstats.com/fighter-details/5987b2458f4b5290,"69.0""",22,7,1,3.03,42.0,3.9,61.0,4.49,41.0,76.0,0.3,
Aaron,http://ufcstats.com/fighter-details/d5f820c11a121050,"73.0""",12,5,0,3.6,52.0,2.53,56.0,3.78,34.0,83.0,0.5,
Wes,http://ufcstats.com/fighter-details/e0f7c4f3f67bc808,--,24,14,1,0.98,51.0,2.95,37.0,0.0,0.0,40.0,2.3,
Marlon,http://ufcstats.com/fighter-details/9eedac48b497de5a,--,3,4,0,0.0,0.0,0.0,0.0,0.0,0.0,0.0,0.0,
Tony,http://ufcstats.com/fighter-details/57bad6a84230f0c9,"70.0""",12,4,0,1.81,63.0,0.76,65.0,0.71,50.0,50.0,0.7,
Everett,http://ufcstats.com/fighter-details/59c6d5af765df641,"77.0""",4,1,0,0.81,66.0,2.19,30.0,0.0,0.0,42.0,1.2,
Lodune,http://ufcstats.com/fighter-details/265589bdd93e7ce5,--,15,9,0,2.72,42.0,6.17,57.0,0.0,0.0,75.0,0.0,
Rob,http://ufcstats.com/fighter-details/3b65c9dd39741bc4,--,13,5,0,1.2,33.0,1.73,73.0,0.0,0.0,50.0,0.0,
Rory,http://ufcstats.com/fighter-details/546015aa2ad945fd,"77.0""",11,9,0,2.55,39.0,2.42,63.0,0.39,25.0,64.0,0.8,
Rana Rudra Pratap,http://ufcstats.com/fighter-details/254ed71756cfd18c,"69.0""",11,2,0,0.0,0.0,9.05,27.0,0.0,0.0,0.0,0.0,
Kiran,http://ufcstats.com/fighter-details/f985ca2370a37078,"65.0""",7,4,0,0.0,0.0,19.51,23.0,0.0,0.0,0.0,0.0,
Elvis,http://ufcstats.com/fighter-details/817e0bdf08efce2e,"77.0""",7,11,2,1.13,37.0,4.6,53.0,0.0,0.0,0.0,1.2,
Mitchell,http://ufcstats.com/fighter-details/71ef1111bf829b82,--,4,1,0,5.5,56.0,9.98,46.0,1.53,20.0,0.0,0.0,
Gian,http://ufcstats.com/fighter-details/a46fdda658fee832,"74.0""",19,5,0,0.8,100.0,3.41,19.0,0.0,0.0,0.0,0.0,
Jamie,http://ufcstats.com/fighter-details/e6679e38e7fab7a8,"66.0""",14,4,0,2.21,25.0,7.73,38.0,0.0,0.0,0.0,0.0,
Jeremia,http://ufcstats.com/fighter-details/a7ac3b1b0c4146db,"63.0""",6,3,0,2.8,42.0,7.37,29.0,0.0,0.0,75.0,0.0,
AJ,http://ufcstats.com/fighter-details/fce9b4056a8ef559,--,1,2,0,0.0,0.0,0.0,0.0,0.0,0.0,0.0,0.0,
Yokthai,http://ufcstats.com/fighter-details/436cdea7bdfdc016,--,0,1,0,0.0,0.0,0.0,0.0,0.0,0.0,0.0,0.0,
Jeri,http://ufcstats.com/fighter-details/44a1dd0ef4373edc,--,3,1,0,0.0,0.0,0.0,0.0,0.0,0.0,0.0,0.0,
Dennis,http://ufcstats.com/fighter-details/5f87a5c00b3d17ed,"70.0""",23,11,0,3.87,32.0,2.67,65.0,0.87,32.0,65.0,0.3,
Chas,http://ufcstats.com/fighter-details/4bd6b4800070b069,"72.0""",19,3,0,2.01,40.0,3.21,49.0,1.74,34.0,39.0,2.3,
Matt,http://ufcstats.com/fighter-details/caced97768818230,--,0,1,0,0.0,0.0,0.54,0.0,0.0,0.0,66.0,0.0,
Zach,http://ufcstats.com/fighter-details/c337c3c85b1871e0,--,10,11,0,0.53,50.0,2.4,32.0,5.0,27.0,100.0,1.0,
Brian,http://ufcstats.com/fighter-details/9db861c26b63daa8,--,9,9,1,4.0,48.0,1.85,70.0,9.23,100.0,100.0,0.0,
Joe,http://ufcstats.com/fighter-details/80e6d71e14c1d356,--,16,5,3,0.0,0.0,0.0,0.0,0.0,0.0,0.0,0.0,
Ray,http://ufcstats.com/fighter-details/a2d1d3d144fed708,--,8,1,0,0.0,0.0,0.0,0.0,0.0,0.0,0.0,0.0,
Kestutis,http://ufcstats.com/fighter-details/1979c80150f630c4,--,24,8,2,4.95,52.0,5.05,54.0,1.55,50.0,100.0,1.6,
Maurice,http://ufcstats.com/fighter-details/33e33d51f289d2a1,--,12,14,0,0.41,46.0,0.47,60.0,0.89,50.0,20.0,0.9,
Patrick,http://ufcstats.com/fighter-details/46c8ec317aff28ac,--,20,17,0,0.0,0.0,0.0,0.0,0.0,0.0,0.0,0.0,
Scott,http://ufcstats.com/fighter-details/3410cf010558dc8b,"70.0""",18,11,0,1.9,27.0,5.87,50.0,0.12,6.0,58.0,0.5,
Eric,http://ufcstats.com/fighter-details/9114c8ded5ccd71d,--,1,1,0,0.0,0.0,0.0,0.0,0.0,0.0,0.0,0.0,
Josh,http://ufcstats.com/fighter-details/f626aa1c85f8af03,--,9,8,0,0.73,28.0,1.4,54.0,0.0,0.0,57.0,2.0,
David,http://ufcstats.com/fighter-details/e955046551f8c7dd,--,5,1,0,0.0,0.0,0.0,0.0,0.0,0.0,0.0,0.0,
Adam,http://ufcstats.com/fighter-details/754968e325d6f60d,--,0,3,0,0.0,0.0,0.0,0.0,0.0,0.0,0.0,0.0,
Dillon,http://ufcstats.com/fighter-details/ffee353f55e3aa2c,--,0,0,0,0.0,0.0,0.0,0.0,0.0,0.0,0.0,0.0,
Trevor,http://ufcstats.com/fighter-details/f797f0c57a83353e,"75.0""",15,10,0,3.29,55.0,3.31,51.0,1.7,32.0,60.0,0.7,
Anthony,http://ufcstats.com/fighter-details/d4c9dcd330403612,"76.0""",38,22,0,3.19,49.0,5.04,44.0,0.44,22.0,50.0,0.6,
Colton,http://ufcstats.com/fighter-details/2e25c1d983c26311,"71.0""",7,4,0,1.64,41.0,2.3,51.0,4.09,36.0,25.0,1.4,
Gilbert,http://ufcstats.com/fighter-details/54ed8dc6f8c31207,--,12,6,0,1.09,41.0,2.73,35.0,3.51,60.0,0.0,1.2,
Leslie,http://ufcstats.com/fighter-details/76984112f697631f,"66.0""",10,7,1,7.56,40.0,8.41,51.0,0.0,0.0,62.0,0.0,
Devonte,http://ufcstats.com/fighter-details/207773daeb4afa7b,"76.0""",11,4,0,4.55,53.0,3.91,49.0,0.35,25.0,85.0,0.3,
Cole,http://ufcstats.com/fighter-details/56709e66f1c6008f,"67.0""",7,2,0,1.78,35.0,1.96,49.0,1.67,33.0,45.0,1.7,
Nate,http://ufcstats.com/fighter-details/0bbb69f69c9a2eea,"69.0""",6,1,0,1.28,38.0,2.04,35.0,0.0,0.0,33.0,2.3,
Braxton,http://ufcstats.com/fighter-details/eaa9402e5a7990ad,"72.0""",5,2,0,6.46,48.0,11.54,32.0,0.0,0.0,100.0,0.0,
Elijah,http://ufcstats.com/fighter-details/7478b7f959ba61f5,"71.0""",10,1,0,4.18,48.0,2.96,46.0,2.98,53.0,53.0,1.1,
Jacobe,http://ufcstats.com/fighter-details/85497ffd934ecf7e,"72.0""",12,0,0,6.89,67.0,2.78,47.0,7.78,91.0,100.0,0.7,
Walter,http://ufcstats.com/fighter-details/625b65b45c1c6888,--,4,5,0,2.95,36.0,3.53,68.0,2.16,33.0,57.0,0.0,
Justin,http://ufcstats.com/fighter-details/c5776fa8f4bf77aa,--,10,7,1,0.0,0.0,0.0,0.0,0.0,0.0,0.0,0.0,
Dmitrii,http://ufcstats.com/fighter-details/75afb06215a07341,"74.0""",9,3,0,1.44,42.0,3.81,55.0,0.0,0.0,75.0,0.0,
Louis,http://ufcstats.com/fighter-details/d2bc285ead803db0,"68.0""",17,9,0,4.67,47.0,4.11,53.0,1.69,35.0,32.0,1.8,
Cameron,http://ufcstats.com/fighter-details/5c84f673b7bb7c15,"69.0""",12,6,0,4.07,37.0,3.52,58.0,0.0,0.0,62.0,0.0,
Shimon,http://ufcstats.com/fighter-details/1b0491ef0f9c965e,"74.0""",8,2,0,3.52,34.0,8.67,56.0,3.52,33.0,50.0,0.0,
Richie,http://ufcstats.com/fighter-details/f75c5ca0d91b9115,"68.0""",3,1,1,1.98,77.0,2.26,65.0,8.49,66.0,0.0,0.0,
Devin,http://ufcstats.com/fighter-details/7684c8137b4545ba,"72.0""",4,2,0,2.6,68.0,6.73,25.0,4.0,26.0,100.0,0.0,
Denis,http://ufcstats.com/fighter-details/03b1e846b09f721d,--,4,7,0,0.0,0.0,5.45,33.0,0.0,0.0,0.0,0.0,
Peter,http://ufcstats.com/fighter-details/1fcfc3709fe58151,"75.0""",17,7,1,2.14,40.0,2.9,58.0,1.53,32.0,77.0,0.5,
Renato,http://ufcstats.com/fighter-details/d468288756ae3982,"75.0""",37,11,0,2.23,45.0,1.53,57.0,2.48,42.0,65.0,2.6,
Rameau Thierry,http://ufcstats.com/fighter-details/d1152823307d7e7c,"78.0""",18,18,0,2.26,45.0,2.61,56.0,1.93,47.0,78.0,0.9,
Axel,http://ufcstats.com/fighter-details/1d2d98ddd05b38fb,"74.0""",11,1,1,4.07,45.0,5.29,61.0,2.22,36.0,0.0,0.0,
Alexander,http://ufcstats.com/fighter-details/f1451d605bad178e,"75.0""",14,4,0,1.16,60.0,1.35,26.0,1.45,50.0,50.0,0.0,
Joe,http://ufcstats.com/fighter-details/af65aa688d13eedf,"70.0""",13,6,0,1.97,53.0,1.85,50.0,2.06,48.0,14.0,1.4,
Chris,http://ufcstats.com/fighter-details/324c7a749128df8d,--,0,0,0,0.0,0.0,2.8,37.0,0.0,0.0,33.0,0.0,
Joe,http://ufcstats.com/fighter-details/83b743fedde154fb,--,0,4,0,0.0,0.0,0.0,0.0,0.0,0.0,0.0,0.0,
Paul,http://ufcstats.com/fighter-details/9775eabcb1be1a00,--,2,2,0,0.0,0.0,0.0,0.0,0.0,0.0,0.0,0.0,
Song,http://ufcstats.com/fighter-details/32490e80ddab1e5a,"71.0""",22,9,0,4.49,46.0,5.82,51.0,0.42,30.0,73.0,0.0,
Song,http://ufcstats.com/fighter-details/efb96bf3e9ada36f,"67.0""",22,9,1,4.42,43.0,3.94,55.0,0.78,39.0,73.0,0.1,
YoungJae,http://ufcstats.com/fighter-details/0efb0d4ebb950fcb,"70.0""",6,1,1,3.33,58.0,2.33,55.0,0.0,0.0,45.0,0.0,
Hyeonjong,http://ufcstats.com/fighter-details/c5dc1bf9b78f262c,--,8,1,0,0.0,0.0,0.0,0.0,0.0,0.0,0.0,0.0,
Emrah,http://ufcstats.com/fighter-details/fe759b24e344d7eb,"71.0""",14,5,0,1.47,46.0,1.73,48.0,5.0,21.0,0.0,0.0,
Chael,http://ufcstats.com/fighter-details/48d1f690b763934c,"73.0""",29,15,1,3.08,43.0,1.1,62.0,3.81,59.0,66.0,0.4,
Cody,http://ufcstats.com/fighter-details/3324129f3745b300,--,3,7,0,0.0,0.0,0.0,0.0,0.0,0.0,0.0,0.0,
Jin,http://ufcstats.com/fighter-details/7c9c6a884be167fe,"69.0""",9,4,0,5.1,36.0,7.63,52.0,1.5,25.0,100.0,0.0,
Benardo,http://ufcstats.com/fighter-details/b6c37948cb226e8c,"66.0""",12,3,0,4.24,56.0,4.88,49.0,2.53,71.0,76.0,0.0,
Emiliano,http://ufcstats.com/fighter-details/4c9b84d559822830,--,16,7,0,4.79,50.0,4.79,48.0,0.0,0.0,100.0,8.3,
Sean,http://ufcstats.com/fighter-details/bd5403efbaa445c0,"70.0""",14,8,0,3.18,61.0,2.14,56.0,1.33,55.0,52.0,0.0,
Punahele,http://ufcstats.com/fighter-details/64facb6cc564262d,"72.0""",13,4,0,4.42,53.0,3.31,47.0,1.97,51.0,48.0,0.1,
Hecher,http://ufcstats.com/fighter-details/ec3bd30378d63dd1,"70.0""",15,1,0,4.53,47.0,2.5,61.0,2.0,36.0,69.0,1.0,
Dmitry,http://ufcstats.com/fighter-details/85ff1b9471d35238,"77.0""",11,0,0,2.95,70.0,2.53,35.0,3.16,66.0,100.0,3.2,
Ben,http://ufcstats.com/fighter-details/326f94d6cfb1bf25,"72.0""",7,3,0,2.31,31.0,4.3,47.0,0.0,0.0,0.0,0.0,
Krzysztof,http://ufcstats.com/fighter-details/59583ff832fe9d68,"77.0""",26,12,1,3.37,39.0,3.13,58.0,0.52,25.0,71.0,1.0,
George,http://ufcstats.com/fighter-details/896c322f56b8be5a,"71.0""",14,7,0,2.61,27.0,2.52,67.0,2.32,31.0,53.0,1.6,
Greg,http://ufcstats.com/fighter-details/9c669abd35b2522f,"73.0""",9,4,0,3.21,63.0,2.61,52.0,1.49,27.0,44.0,1.0,
Alex,http://ufcstats.com/fighter-details/d18dbcb0f8e2b55d,--,8,3,1,2.95,25.0,5.02,59.0,2.82,30.0,0.0,0.0,
Joe,http://ufcstats.com/fighter-details/a4e85a58fbce64b2,"65.0""",18,7,0,3.36,41.0,5.37,67.0,0.85,21.0,70.0,1.9,
Mario,http://ufcstats.com/fighter-details/cac3aaa66c20bee1,--,7,2,0,1.43,23.0,5.23,42.0,0.0,0.0,0.0,0.0,
Andre,http://ufcstats.com/fighter-details/d0e50a3d1b250708,"70.0""",13,8,0,2.77,44.0,4.31,49.0,1.25,53.0,58.0,0.2,
Mario,http://ufcstats.com/fighter-details/72782745eb47161a,"79.0""",15,3,0,2.82,50.0,2.99,28.0,0.52,25.0,37.0,0.5,
Manoel,http://ufcstats.com/fighter-details/5870c541798124ae,"70.0""",14,1,0,4.15,45.0,3.71,51.0,0.0,0.0,60.0,1.6,
Bobby,http://ufcstats.com/fighter-details/aee8eecfc4bfb1e7,--,10,6,0,0.99,39.0,1.38,65.0,3.98,78.0,64.0,1.3,
Jacare,http://ufcstats.com/fighter-details/7a703c565ccaa18f,"72.0""",26,10,0,2.53,47.0,2.83,62.0,2.57,39.0,57.0,1.3,
Edimilson,http://ufcstats.com/fighter-details/6c7020b859c7a3ce,"74.0""",15,5,0,4.65,44.0,2.91,58.0,0.0,0.0,50.0,0.0,
Livinha,http://ufcstats.com/fighter-details/dab8cfbb6b1db10a,"63.0""",14,4,0,1.75,45.0,3.6,56.0,2.54,45.0,40.0,1.4,
Bruno,http://ufcstats.com/fighter-details/0e5c4e72237461bb,"70.0""",10,3,0,3.73,39.0,5.3,45.0,0.5,16.0,60.0,0.0,
Ketlen,http://ufcstats.com/fighter-details/8bd4200561c77a62,"63.0""",16,6,0,4.01,56.0,3.86,52.0,0.46,13.0,53.0,0.2,
Heraldo,http://ufcstats.com/fighter-details/22b43be04d7454d0,"73.0""",9,2,1,1.62,33.0,1.62,50.0,0.0,0.0,0.0,0.0,
Charon,http://ufcstats.com/fighter-details/c278e8843b8abfec,--,14,26,0,0.0,0.0,0.0,0.0,0.0,0.0,0.0,0.0,
Chris,http://ufcstats.com/fighter-details/411d012af19ecb59,--,6,3,0,1.83,36.0,1.95,60.0,0.0,0.0,50.0,0.9,
Andreas,http://ufcstats.com/fighter-details/b9eb5b4ed07d1525,--,9,3,0,0.0,0.0,0.0,0.0,0.0,0.0,0.0,0.0,
Ryan,http://ufcstats.com/fighter-details/a67f5afa8d6a1b80,"79.0""",24,11,0,3.11,39.0,3.92,43.0,1.21,34.0,59.0,1.7,
Ron,http://ufcstats.com/fighter-details/743fd9080892501d,--,8,3,0,0.0,0.0,0.0,0.0,0.0,0.0,0.0,0.0,
Tommy,http://ufcstats.com/fighter-details/1411c630ba711b64,"71.0""",21,7,0,2.56,51.0,5.12,35.0,2.02,33.0,33.0,0.0,
Patrick,http://ufcstats.com/fighter-details/ae4650eb56ab6a11,--,7,3,0,0.0,0.0,0.0,0.0,0.0,0.0,0.0,0.0,
Sean,http://ufcstats.com/fighter-details/ab850a77a0fa487d,"74.0""",12,6,0,4.24,32.0,4.02,60.0,0.14,33.0,68.0,0.0,
Felicia,http://ufcstats.com/fighter-details/39d91e95949de3d9,"68.0""",9,3,0,3.21,48.0,4.54,45.0,1.18,18.0,27.0,0.2,
Sam,http://ufcstats.com/fighter-details/221b2a3070c7ce3e,--,9,5,0,3.27,62.0,3.27,54.0,1.75,11.0,75.0,1.8,
Nick,http://ufcstats.com/fighter-details/7d68f3bec89e08ec,--,3,4,0,1.4,25.0,1.4,66.0,0.0,0.0,0.0,0.0,
Mario,http://ufcstats.com/fighter-details/5f2197acaba7d5ef,--,13,4,0,2.81,52.0,1.53,47.0,2.09,42.0,71.0,1.4,
Eric,http://ufcstats.com/fighter-details/b9664eae2ac75262,"73.0""",12,6,0,3.71,45.0,5.72,55.0,1.31,20.0,75.0,1.0,
Waachiim,http://ufcstats.com/fighter-details/71caa995674203aa,--,12,13,1,10.0,100.0,10.0,0.0,0.0,0.0,0.0,0.0,
Daniel,http://ufcstats.com/fighter-details/f86cb5f25d545e0e,"82.0""",6,3,0,2.6,35.0,5.3,46.0,0.74,66.0,0.0,0.0,
Serghei,http://ufcstats.com/fighter-details/e2f6b2769aaedd6c,"78.0""",18,6,0,3.57,47.0,4.23,52.0,3.82,59.0,63.0,0.5,
Daniel,http://ufcstats.com/fighter-details/87f3bbf52e6c9dc9,"79.0""",15,6,0,2.42,49.0,1.6,53.0,0.0,0.0,28.0,2.5,
Pete,http://ufcstats.com/fighter-details/c3ea8deeba00462b,--,25,23,0,1.63,48.0,1.33,55.0,0.3,100.0,46.0,0.3,
Austin,http://ufcstats.com/fighter-details/37cc294027f55e4d,"71.0""",12,4,0,3.54,57.0,3.15,41.0,3.37,40.0,100.0,0.8,
Georges,http://ufcstats.com/fighter-details/6506c1d34da9c013,"76.0""",26,2,0,3.78,53.0,1.4,72.0,4.16,74.0,83.0,1.1,
Bobby,http://ufcstats.com/fighter-details/6436029b50a9c255,--,8,3,0,1.0,20.0,2.89,34.0,7.48,45.0,100.0,0.0,
Andreas,http://ufcstats.com/fighter-details/69a400af4420cd6a,--,10,4,0,2.83,37.0,4.74,57.0,1.55,66.0,80.0,0.0,
Ron,http://ufcstats.com/fighter-details/6dd758d34da8d254,"75.0""",14,8,0,3.22,60.0,3.26,51.0,0.0,0.0,71.0,0.0,
Cody,http://ufcstats.com/fighter-details/bf7ad5628363eec9,"64.0""",21,8,1,4.32,46.0,3.91,60.0,2.17,37.0,76.0,0.0,
Cristina,http://ufcstats.com/fighter-details/175852708cb55776,--,5,2,0,2.5,50.0,3.07,52.0,0.85,100.0,40.0,1.7,
Brian,http://ufcstats.com/fighter-details/579fcdfcabd23a7b,"74.0""",12,6,0,3.28,42.0,2.65,59.0,0.12,12.0,60.0,0.3,
Josh,http://ufcstats.com/fighter-details/30ea504870f8597b,"74.0""",4,8,0,3.22,54.0,3.54,54.0,0.0,0.0,87.0,1.0,
Dion,http://ufcstats.com/fighter-details/289a57039d742bfe,--,35,14,0,1.09,37.0,5.0,47.0,0.0,0.0,33.0,0.0,
Lucas,http://ufcstats.com/fighter-details/93e4754d0984c82f,--,1,5,0,1.6,25.0,3.2,66.0,12.0,100.0,0.0,0.0,
Clifford,http://ufcstats.com/fighter-details/5abf827d62f98fee,"78.0""",13,3,0,1.94,33.0,2.49,58.0,1.94,100.0,60.0,0.0,
Kalib,http://ufcstats.com/fighter-details/c8136ab8aa32c974,"74.0""",17,11,1,2.71,48.0,4.43,53.0,1.46,33.0,25.0,0.6,
Laureano,http://ufcstats.com/fighter-details/a12a8314adc1c1c9,"71.0""",9,5,0,3.31,34.0,3.73,54.0,0.83,26.0,48.0,0.0,
Damian,http://ufcstats.com/fighter-details/42a7e90605df3c8a,"70.0""",10,6,0,1.86,36.0,3.1,52.0,2.64,35.0,43.0,0.6,
Adam,http://ufcstats.com/fighter-details/16044bd8762cf794,--,0,1,0,0.0,0.0,0.0,0.0,0.0,0.0,0.0,0.0,
Dominique,http://ufcstats.com/fighter-details/68c11c27d4d56572,"74.0""",14,9,0,2.32,49.0,2.42,50.0,2.95,42.0,76.0,0.0,
Ricky,http://ufcstats.com/fighter-details/09a6ed4ee97a5606,"74.0""",6,0,0,4.07,70.0,2.93,50.0,0.0,0.0,91.0,0.0,
Kody,http://ufcstats.com/fighter-details/aebaa8cec15b083d,"71.0""",8,1,0,3.85,32.0,6.2,52.0,1.07,25.0,100.0,0.5,
Eric,http://ufcstats.com/fighter-details/377bc9dc0b2745f9,--,5,1,0,0.0,0.0,0.0,0.0,0.0,0.0,0.0,0.0,
Steve,http://ufcstats.com/fighter-details/0b5b6876c2a4723f,"75.0""",9,4,0,3.92,55.0,1.86,49.0,0.44,50.0,58.0,0.0,
Ray,http://ufcstats.com/fighter-details/6000b5ae6c462142,--,14,7,0,0.0,0.0,0.0,100.0,0.0,0.0,0.0,0.0,
Dmitri,http://ufcstats.com/fighter-details/738acab0c6934dd8,--,0,1,0,0.0,0.0,0.0,0.0,0.0,0.0,0.0,0.0,
Jeremy,http://ufcstats.com/fighter-details/18968f97ad34f15c,"71.0""",29,22,0,3.15,40.0,3.14,58.0,1.11,38.0,62.0,0.4,
Aljamain,http://ufcstats.com/fighter-details/cb696ebfb6598724,"71.0""",26,5,0,4.26,52.0,2.15,59.0,2.54,32.0,44.0,0.6,
Marc,http://ufcstats.com/fighter-details/310c4d4b2b32796b,--,21,10,0,0.45,26.0,1.79,46.0,0.0,0.0,0.0,0.0,
Joe,http://ufcstats.com/fighter-details/79899ecf62020f6d,"70.0""",33,16,0,2.05,44.0,2.44,60.0,2.75,44.0,39.0,2.2,
Maia,http://ufcstats.com/fighter-details/2fee10d5cf86bfca,"62.0""",6,5,0,1.57,54.0,3.13,33.0,3.91,100.0,50.0,0.0,
Gable,http://ufcstats.com/fighter-details/f7e856a73c96048e,--,3,0,0,0.0,0.0,0.0,0.0,0.0,0.0,0.0,0.0,
Luke,http://ufcstats.com/fighter-details/27b1a406ac171b19,--,6,3,0,3.75,56.0,2.34,53.0,3.75,33.0,50.0,1.9,
Darren,http://ufcstats.com/fighter-details/a17ad5a5048e8c3f,"74.0""",12,8,0,3.05,45.0,3.29,48.0,1.75,45.0,67.0,0.1,
Kyle,http://ufcstats.com/fighter-details/bb61823f76361297,"76.0""",11,3,0,1.41,35.0,2.42,43.0,1.32,20.0,60.0,0.0,
Alex,http://ufcstats.com/fighter-details/df5a77121ba84a5d,--,19,11,1,1.77,42.0,1.45,52.0,0.35,66.0,66.0,0.7,
Tyler,http://ufcstats.com/fighter-details/2cf520143e76cd2e,--,30,10,0,2.8,23.0,4.6,56.0,0.5,100.0,0.0,0.5,
Navajo,http://ufcstats.com/fighter-details/b4b496ec2197ee3e,"79.0""",9,0,0,6.25,52.0,2.67,58.0,0.98,28.0,82.0,0.0,
Dan,http://ufcstats.com/fighter-details/cc3147b49c7d7d92,--,12,5,0,2.97,46.0,4.42,37.0,0.78,100.0,100.0,0.0,
Lazar,http://ufcstats.com/fighter-details/4d25497994da569c,"68.0""",12,5,0,1.82,29.0,1.97,59.0,0.0,0.0,0.0,0.0,
Denis,http://ufcstats.com/fighter-details/a421465acbe59c77,--,13,3,0,1.51,23.0,6.06,36.0,0.0,0.0,80.0,1.0,
Julija,http://ufcstats.com/fighter-details/a78a87d8c2bbb1cb,"66.0""",11,10,2,2.74,38.0,4.45,46.0,0.78,20.0,54.0,1.4,
Dustin,http://ufcstats.com/fighter-details/71505842fb6455c3,"75.0""",16,8,0,3.3,45.0,3.23,47.0,2.08,37.0,46.0,1.1,
Niklas,http://ufcstats.com/fighter-details/62f7097c04311193,"74.0""",12,6,0,2.12,48.0,2.25,49.0,0.66,100.0,55.0,0.7,
Ken,http://ufcstats.com/fighter-details/fbf0947399d14323,"71.0""",11,4,0,3.85,49.0,2.9,48.0,1.24,33.0,60.0,0.6,
Ryan,http://ufcstats.com/fighter-details/8d477c3fbe001f9d,--,8,1,0,2.53,36.0,2.53,71.0,0.0,0.0,0.0,0.0,
George,http://ufcstats.com/fighter-details/61dd409cb40d1a55,--,7,9,0,0.0,0.0,0.0,0.0,0.0,0.0,0.0,0.0,
Rick,http://ufcstats.com/fighter-details/5b5307450405abf0,"71.0""",19,9,0,3.8,41.0,2.17,62.0,2.53,48.0,63.0,0.9,
Darko,http://ufcstats.com/fighter-details/025f0b1b58fbad01,"76.0""",13,4,0,2.61,45.0,4.04,58.0,3.42,50.0,83.0,0.0,
Greg,http://ufcstats.com/fighter-details/91181b29be041f1c,--,0,1,0,0.0,0.0,0.0,0.0,0.0,0.0,0.0,0.0,
Curtis,http://ufcstats.com/fighter-details/e09dbbd5fe3f0fe2,--,11,12,1,0.69,67.0,3.2,29.0,0.0,0.0,20.0,0.0,
Sam,http://ufcstats.com/fighter-details/501b07aec9b8fc2d,"70.0""",20,12,1,4.17,28.0,4.08,57.0,0.63,38.0,77.0,0.1,
Tim,http://ufcstats.com/fighter-details/e1a4568fec1fc24f,--,12,10,0,0.0,0.0,0.0,0.0,0.0,0.0,0.0,0.0,
Jesse,http://ufcstats.com/fighter-details/8c39367b53eadf8a,"70.0""",5,3,0,5.03,51.0,5.28,47.0,3.87,57.0,100.0,0.0,
Gennaro,http://ufcstats.com/fighter-details/495add4fbede0a44,--,0,1,0,0.0,0.0,0.0,0.0,0.0,0.0,0.0,0.0,
Dave,http://ufcstats.com/fighter-details/980b4e712489098e,--,25,8,0,3.04,45.0,1.88,59.0,0.72,33.0,33.0,0.0,
Daniel,http://ufcstats.com/fighter-details/15347cd4cdf01b03,"71.0""",24,7,0,4.76,43.0,2.99,57.0,0.84,15.0,81.0,1.1,
Gerald,http://ufcstats.com/fighter-details/04f9fe830cf13482,--,9,7,0,0.0,0.0,4.0,38.0,0.0,0.0,0.0,16.4,
Sean,http://ufcstats.com/fighter-details/0d8011111be000b2,"76.0""",30,7,0,6.04,42.0,4.57,60.0,0.71,64.0,76.0,0.2,
Mark,http://ufcstats.com/fighter-details/ef1182eb28c17d4e,"70.0""",18,4,0,1.4,45.0,4.07,40.0,0.0,0.0,66.0,0.0,
Hans,http://ufcstats.com/fighter-details/523f6ad11dbe9b53,--,22,8,3,3.16,61.0,2.84,41.0,2.4,36.0,62.0,0.0,
Stefan,http://ufcstats.com/fighter-details/ebc1f40e00e0c481,"84.0""",33,13,0,3.12,47.0,4.04,46.0,0.56,46.0,55.0,1.7,
Josh,http://ufcstats.com/fighter-details/601cf40c09090853,--,1,4,0,0.0,0.0,0.0,0.0,0.0,0.0,0.0,0.0,
Mike,http://ufcstats.com/fighter-details/c0c36a5b3d5bbdd5,--,11,4,0,3.34,43.0,8.85,47.0,1.59,25.0,33.0,0.8,
Kyle,http://ufcstats.com/fighter-details/d30415ec5e8783cd,--,0,1,0,0.0,0.0,0.0,0.0,0.0,0.0,0.0,0.0,
Tatiana,http://ufcstats.com/fighter-details/b08012bbe542592a,"66.0""",13,1,0,2.86,60.0,1.63,44.0,4.52,45.0,57.0,0.7,
Masanori,http://ufcstats.com/fighter-details/3a7513372f79c8c8,--,22,11,3,1.8,50.0,1.2,63.0,0.0,0.0,60.0,0.0,
Genki,http://ufcstats.com/fighter-details/99dd0147dc4ef80c,--,15,4,2,1.55,39.0,2.23,33.0,3.58,60.0,50.0,4.2,
Lucasz,http://ufcstats.com/fighter-details/b160e4f251283d70,"75.0""",8,1,0,5.7,67.0,4.89,28.0,0.0,0.0,100.0,0.0,
Daisuke,http://ufcstats.com/fighter-details/8215e4fe24e8e81b,--,10,8,1,0.0,0.0,0.22,80.0,3.27,50.0,0.0,3.3,
Takashi,http://ufcstats.com/fighter-details/06c60fc2c8dcd7bd,--,1,3,0,1.37,40.0,2.08,53.0,1.33,66.0,0.0,0.0,
Naho,http://ufcstats.com/fighter-details/b205d4f2ff44bc89,--,12,5,0,2.59,48.0,2.45,71.0,2.05,100.0,66.0,0.0,
,http://ufcstats.com/fighter-details/1dd1a3aacde66f72,"66.0""",10,4,0,3.96,48.0,3.2,62.0,0.0,0.0,72.0,0.0,
George,http://ufcstats.com/fighter-details/6c7e25571490aa3b,"73.0""",17,7,0,3.53,39.0,2.42,57.0,1.37,20.0,38.0,0.7,
Amar,http://ufcstats.com/fighter-details/7aa88401f93ce836,--,24,7,0,1.98,37.0,2.19,70.0,0.27,100.0,88.0,0.3,
Magomed,http://ufcstats.com/fighter-details/fe1fdc6be470f773,--,18,6,0,0.0,0.0,2.4,42.0,9.0,100.0,0.0,9.0,
Justin,http://ufcstats.com/fighter-details/31f9a1f56cbb6ac5,"80.0""",7,3,0,2.68,48.0,7.64,34.0,2.87,100.0,0.0,0.0,
,http://ufcstats.com/fighter-details/3cf18e01cb6cbde3,"72.0""",19,7,0,4.43,50.0,2.35,62.0,0.67,35.0,72.0,0.5,
Rama,http://ufcstats.com/fighter-details/6d537248fe7cccf1,"66.0""",8,4,0,2.2,42.0,3.53,48.0,1.0,11.0,0.0,0.0,
Aji,http://ufcstats.com/fighter-details/22af3546bd967280,--,6,4,0,0.0,0.0,0.0,0.0,0.0,0.0,0.0,0.0,
Baisangur,http://ufcstats.com/fighter-details/d1feea7a4bdcd503,"79.0""",11,0,0,4.56,59.0,3.78,53.0,2.76,28.0,100.0,0.7,
Louie,http://ufcstats.com/fighter-details/cdb7b38b1b357f26,"76.0""",11,5,0,1.81,68.0,2.03,30.0,4.95,42.0,0.0,0.0,
Jason,http://ufcstats.com/fighter-details/cc5834a495d1ea08,--,0,1,0,2.07,83.0,4.97,36.0,0.0,0.0,0.0,0.0,
Joel,http://ufcstats.com/fighter-details/a6a9ab5a824e8f66,--,2,4,1,0.0,0.0,0.0,0.0,0.0,0.0,0.0,0.0,
Chad,http://ufcstats.com/fighter-details/556347e2b0e33979,--,2,2,0,0.0,0.0,0.0,0.0,0.0,0.0,0.0,0.0,
Danilo,http://ufcstats.com/fighter-details/3d99e5aa85d7576a,--,9,2,0,4.09,55.0,11.73,51.0,0.0,0.0,0.0,0.0,
Takaya,http://ufcstats.com/fighter-details/81d59c1e07478361,--,7,1,0,0.0,0.0,0.0,0.0,0.0,0.0,0.0,0.0,
Martin,http://ufcstats.com/fighter-details/bcad7223af3c19da,--,15,6,0,2.02,38.0,5.91,38.0,0.0,0.0,0.0,0.0,
Daniel,http://ufcstats.com/fighter-details/cc39185f2d7d89e4,"70.0""",20,10,1,0.8,44.0,3.2,40.0,0.0,0.0,0.0,6.0,
Cub,http://ufcstats.com/fighter-details/d247691a6c0e9034,"70.0""",31,14,0,4.84,51.0,3.99,59.0,1.0,50.0,63.0,0.4,
Mike,http://ufcstats.com/fighter-details/9fe85152f351e737,"77.0""",15,6,0,2.36,37.0,2.29,54.0,1.06,50.0,61.0,0.6,
Floyd,http://ufcstats.com/fighter-details/5330fe7e4c3af81c,--,12,3,0,0.78,42.0,1.57,40.0,0.0,0.0,33.0,0.0,
Oumar,http://ufcstats.com/fighter-details/46e2011d92463b7e,"83.0""",12,2,0,3.41,48.0,1.87,66.0,2.45,35.0,66.0,0.3,
Klaudia,http://ufcstats.com/fighter-details/9f5e3c20ce40b344,"69.0""",8,2,0,7.27,48.0,5.5,56.0,0.41,12.0,40.0,0.0,
Bentley,http://ufcstats.com/fighter-details/abd2109bc4cb0291,--,5,1,0,1.3,18.0,1.73,79.0,0.0,0.0,75.0,0.0,
Kevin,http://ufcstats.com/fighter-details/9094a881a7513de3,"71.0""",10,1,0,5.6,69.0,4.03,48.0,1.0,40.0,77.0,2.0,
Leo,http://ufcstats.com/fighter-details/58a36b4ccf5dc30e,--,10,16,0,0.0,0.0,6.58,27.0,0.0,0.0,0.0,0.0,
Tony,http://ufcstats.com/fighter-details/87b7df65c30008c4,--,11,3,0,0.0,0.0,10.12,12.0,0.0,0.0,0.0,0.0,
Tim,http://ufcstats.com/fighter-details/2a542ee8a8b83559,"80.0""",31,10,0,4.23,41.0,2.61,61.0,0.11,100.0,75.0,0.1,
Kevin,http://ufcstats.com/fighter-details/d2d05dda5f887f87,"77.0""",11,2,0,1.13,28.0,8.07,30.0,0.0,0.0,0.0,0.0,
Sebastian,http://ufcstats.com/fighter-details/f201f21cf2c79eb2,"66.0""",10,2,0,4.94,41.0,2.2,65.0,0.51,20.0,84.0,0.0,
Bartosz,http://ufcstats.com/fighter-details/224050896306f00c,"73.0""",8,3,1,2.7,33.0,3.52,47.0,0.0,0.0,0.0,0.0,
Osamu,http://ufcstats.com/fighter-details/e7bc606d269896aa,--,0,4,0,0.0,0.0,0.0,0.0,0.0,0.0,0.0,0.0,
Amber,http://ufcstats.com/fighter-details/bb01bc3c57f39b04,--,1,3,0,0.0,0.0,0.0,0.0,0.0,0.0,0.0,0.0,
Eugenio,http://ufcstats.com/fighter-details/f70144caea5c4c80,--,2,3,0,0.0,0.0,0.0,0.0,0.0,0.0,0.0,0.0,
Albert,http://ufcstats.com/fighter-details/6751b11102b6adfe,--,13,3,1,0.0,0.0,0.0,0.0,0.0,0.0,0.0,0.0,
Justin,http://ufcstats.com/fighter-details/e13abac8089a801a,"74.0""",7,5,0,4.05,54.0,5.11,47.0,0.0,0.0,53.0,0.0,
Junior,http://ufcstats.com/fighter-details/c15fa95b9a12fde4,"75.0""",7,5,0,3.62,53.0,2.66,51.0,0.0,0.0,72.0,0.0,
Khalid,http://ufcstats.com/fighter-details/b4537562f88ac582,"69.0""",13,5,0,2.64,32.0,4.12,46.0,0.0,0.0,61.0,0.2,
Joe,http://ufcstats.com/fighter-details/9bf126927843e184,--,23,7,1,4.18,42.0,4.55,59.0,5.45,40.0,100.0,1.4,
Tatsuro,http://ufcstats.com/fighter-details/4461d7e47375a895,"70.0""",18,1,0,2.94,60.0,2.44,47.0,3.12,46.0,45.0,1.6,
Mairbek,http://ufcstats.com/fighter-details/8f5c8850b2484173,"73.0""",27,6,0,2.98,39.0,3.03,64.0,1.34,63.0,88.0,0.0,
Taiyilake,http://ufcstats.com/fighter-details/7498b3ac79a3b948,"75.0""",12,1,0,9.82,53.0,5.01,58.0,1.47,33.0,100.0,0.0,
Ryo,http://ufcstats.com/fighter-details/34fbfc3f65b64645,--,10,3,0,0.0,0.0,0.0,0.0,0.0,0.0,0.0,0.0,
Nobuhiko,http://ufcstats.com/fighter-details/a25b71fe5e31fa97,--,2,6,2,0.31,24.0,1.92,39.0,1.15,20.0,0.0,0.0,
Yoshiki,http://ufcstats.com/fighter-details/6420efac0578988b,--,30,27,3,2.26,51.0,6.47,44.0,0.0,0.0,66.0,2.3,
Yoko,http://ufcstats.com/fighter-details/01f86e2d604e2f3c,--,15,12,2,5.11,54.0,8.78,48.0,0.0,0.0,0.0,0.0,
Daiju,http://ufcstats.com/fighter-details/4f74c8be51db8a37,--,12,15,2,0.49,30.0,1.64,47.0,0.84,17.0,21.0,1.2,
Hiroyuki,http://ufcstats.com/fighter-details/0d16bdb7d32e88e9,--,21,14,2,3.18,33.0,3.16,60.0,0.9,45.0,66.0,0.0,
Yoshihiro,http://ufcstats.com/fighter-details/d856a0080ac09ed7,--,1,4,0,3.4,54.0,5.69,29.0,0.67,33.0,55.0,0.0,
Makoto,http://ufcstats.com/fighter-details/a7724f51e32e763e,--,6,5,0,1.37,39.0,1.71,55.0,1.48,50.0,25.0,1.1,
Oleg,http://ufcstats.com/fighter-details/1dc56b59cb28425d,--,17,5,2,0.0,0.0,0.0,0.0,0.0,0.0,0.0,0.0,
Payton,http://ufcstats.com/fighter-details/6e743a33d56bdaa4,"70.0""",11,1,0,6.62,56.0,3.41,46.0,0.78,44.0,77.0,0.2,
Nordine,http://ufcstats.com/fighter-details/49858bf46dabf6fb,"74.0""",15,7,0,3.66,51.0,2.62,66.0,1.94,76.0,73.0,0.0,
Murtaza,http://ufcstats.com/fighter-details/6aab5c20395ee722,"74.0""",7,2,0,4.29,57.0,7.09,31.0,0.0,0.0,100.0,0.0,
Tsuyoshi,http://ufcstats.com/fighter-details/eaa0a728cc91ef60,--,0,3,0,0.0,0.0,26.67,50.0,0.0,0.0,0.0,0.0,
Eli,http://ufcstats.com/fighter-details/bfd4d50591033a1f,--,10,0,0,0.0,0.0,0.0,0.0,0.0,0.0,0.0,0.0,
Kiyoshi,http://ufcstats.com/fighter-details/30e8b4505f5ccf92,--,32,13,3,2.44,53.0,1.44,60.0,0.58,60.0,45.0,0.2,
Akitoshi,http://ufcstats.com/fighter-details/c95fbc085e17a532,"70.0""",21,18,2,3.73,43.0,1.94,78.0,0.0,0.0,20.0,1.0,
Issei,http://ufcstats.com/fighter-details/57bf89d42364d39e,"63.0""",10,8,0,1.89,53.0,4.58,44.0,0.92,25.0,33.0,0.0,
Jason,http://ufcstats.com/fighter-details/ad3041e61896b975,--,5,3,0,0.69,29.0,7.37,18.0,0.0,0.0,0.0,0.0,
Akihito,http://ufcstats.com/fighter-details/1bf49bf829964144,--,2,2,0,0.19,50.0,2.05,38.0,5.59,66.0,0.0,0.0,
Michinori,http://ufcstats.com/fighter-details/64788ee44b062ded,"67.0""",11,3,0,1.97,37.0,1.99,50.0,2.4,38.0,43.0,0.2,
Evan,http://ufcstats.com/fighter-details/8f2d9ee27f206f1f,"74.0""",32,8,0,3.05,59.0,2.64,56.0,2.55,43.0,25.0,1.3,
Kasey,http://ufcstats.com/fighter-details/078b732efa497f49,"69.0""",6,1,0,6.6,50.0,6.67,63.0,2.0,33.0,0.0,0.0,
Otari,http://ufcstats.com/fighter-details/b9124c308671e303,"70.0""",9,1,0,4.53,72.0,3.33,55.0,4.0,25.0,0.0,0.0,
Manny,http://ufcstats.com/fighter-details/0eec866a077889f0,"67.0""",12,14,1,2.69,21.0,4.74,58.0,0.49,40.0,66.0,0.2,
Gary,http://ufcstats.com/fighter-details/37ac9e0f4fc86171,--,8,3,0,0.0,0.0,0.0,0.0,0.0,0.0,0.0,0.0,
Regina,http://ufcstats.com/fighter-details/9f5609dba6584ab2,"66.0""",8,0,0,7.6,47.0,7.0,57.0,1.0,33.0,50.0,0.0,
Miesha,http://ufcstats.com/fighter-details/b96619b3acd7d9da,"65.0""",20,10,0,2.62,44.0,3.05,51.0,1.97,30.0,56.0,1.2,
Aaron,http://ufcstats.com/fighter-details/7abf7f8778472b7b,"66.0""",11,1,0,4.85,44.0,5.0,60.0,0.89,18.0,64.0,0.0,
Deividas,http://ufcstats.com/fighter-details/ef927e4fe2117ab8,"68.0""",17,5,0,2.13,43.0,1.82,59.0,2.0,28.0,50.0,0.3,
Thiago,http://ufcstats.com/fighter-details/8a59d346dc976a10,"70.0""",21,7,1,2.0,40.0,2.31,62.0,3.83,42.0,62.0,1.5,
Jeremy,http://ufcstats.com/fighter-details/681d07e328798ec0,--,1,6,0,0.0,0.0,0.0,0.0,0.0,0.0,0.0,0.0,
Brad,http://ufcstats.com/fighter-details/0c6d9ea8306c029e,"74.0""",21,13,0,3.41,43.0,3.32,54.0,0.7,26.0,80.0,0.0,
Ramon,http://ufcstats.com/fighter-details/c5ccd878231c5407,"70.0""",10,4,0,4.07,43.0,6.45,54.0,0.0,0.0,72.0,0.0,
Paul,http://ufcstats.com/fighter-details/9b74de674c355425,"72.0""",11,6,1,4.44,47.0,4.47,55.0,0.27,25.0,56.0,0.5,
Jesse,http://ufcstats.com/fighter-details/dd992d569aaebee6,"73.0""",31,15,0,1.94,65.0,0.55,38.0,7.28,50.0,100.0,3.1,
Torrance,http://ufcstats.com/fighter-details/88e53ec16b801740,--,13,8,1,0.0,0.0,0.0,0.0,0.0,0.0,0.0,0.0,
Louis,http://ufcstats.com/fighter-details/49bddfee9ed54cf3,--,13,4,0,2.06,32.0,1.24,68.0,2.48,28.0,100.0,0.0,
Anthony,http://ufcstats.com/fighter-details/637a4d8825464c62,--,1,3,0,0.0,0.0,0.0,0.0,0.0,0.0,0.0,0.0,
Danielle,http://ufcstats.com/fighter-details/b76c6268dc1d3c05,"60.0""",9,4,0,2.75,29.0,3.31,71.0,0.2,20.0,70.0,0.2,
J.T,http://ufcstats.com/fighter-details/17c6e35e4da505b0,--,7,7,0,3.17,80.0,3.7,26.0,3.96,100.0,0.0,7.9,
James,http://ufcstats.com/fighter-details/f5431394fb284bb9,"75.0""",16,9,0,4.04,51.0,2.99,62.0,2.75,37.0,58.0,0.2,
Cam,http://ufcstats.com/fighter-details/b47c9ea5f2895d6e,"69.0""",9,2,0,5.7,28.0,18.44,32.0,0.0,0.0,0.0,0.0,
Shawn,http://ufcstats.com/fighter-details/5bb70ebd65075c5c,--,5,2,0,1.4,42.0,13.31,21.0,0.0,0.0,0.0,0.0,
Glover,http://ufcstats.com/fighter-details/7ff97850e8c32bda,"76.0""",33,9,0,3.73,49.0,4.43,51.0,2.11,33.0,60.0,0.9,
John,http://ufcstats.com/fighter-details/86061eaba822bfea,--,21,2,2,3.36,35.0,3.2,63.0,1.0,27.0,71.0,0.7,
Ewerton,http://ufcstats.com/fighter-details/de9e331b3e6bae70,--,3,1,0,2.0,39.0,3.22,35.0,0.0,0.0,33.0,0.0,
Tallison,http://ufcstats.com/fighter-details/17923f676f100e16,"83.0""",9,1,0,5.02,64.0,3.86,42.0,2.48,30.0,0.0,0.0,
Tra,http://ufcstats.com/fighter-details/1dab0d1d81dd06db,--,7,5,1,1.83,35.0,3.02,56.0,0.87,100.0,80.0,0.0,
Ramazan,http://ufcstats.com/fighter-details/7d0a1968b38ca439,"63.0""",19,3,0,4.37,40.0,3.93,59.0,0.84,50.0,100.0,0.0,
Taneisha,http://ufcstats.com/fighter-details/87911d22a79d3203,"70.0""",5,1,0,5.67,55.0,3.4,71.0,0.0,0.0,100.0,0.0,
Herman,http://ufcstats.com/fighter-details/61d6368013f8637f,--,15,3,1,0.0,0.0,0.0,0.0,0.0,0.0,0.0,0.0,
Dave,http://ufcstats.com/fighter-details/b9aa0024f295609e,--,7,7,0,2.62,43.0,2.8,48.0,3.28,38.0,100.0,0.0,
David,http://ufcstats.com/fighter-details/4123fd4dcc1fe937,--,6,2,0,2.34,63.0,2.71,37.0,5.54,50.0,0.0,5.5,
James,http://ufcstats.com/fighter-details/5befa793316d3469,--,19,9,0,3.23,32.0,4.77,64.0,3.31,36.0,75.0,0.0,
Jeff,http://ufcstats.com/fighter-details/60f86c449cd31e23,--,2,3,0,1.09,50.0,9.27,19.0,0.0,0.0,100.0,0.0,
David,http://ufcstats.com/fighter-details/2747c60e42d9d75f,"73.0""",8,2,0,4.69,43.0,3.53,55.0,0.94,33.0,77.0,0.0,
Daniel,http://ufcstats.com/fighter-details/fbf0537e420e698e,"69.0""",7,4,0,3.08,46.0,3.93,56.0,0.56,18.0,60.0,0.3,
Motonobu,http://ufcstats.com/fighter-details/d34636a85f0f4c90,--,28,12,7,0.87,23.0,2.8,51.0,1.5,11.0,0.0,0.5,
Jason,http://ufcstats.com/fighter-details/f0264252e191da22,--,0,1,0,0.63,33.0,17.05,32.0,0.0,0.0,0.0,0.0,
Alexia,http://ufcstats.com/fighter-details/545092d13c67aa49,"67.0""",14,1,0,4.62,43.0,2.46,59.0,4.54,57.0,100.0,1.8,
Brandon,http://ufcstats.com/fighter-details/638cfec7ec559d6e,"74.0""",11,5,0,2.7,42.0,3.63,52.0,1.36,66.0,50.0,0.7,
Elias,http://ufcstats.com/fighter-details/34f88592c0ab7a54,"75.0""",16,3,0,4.19,42.0,2.39,53.0,1.27,28.0,59.0,0.0,
Nik,http://ufcstats.com/fighter-details/ca936c67687789e9,--,6,2,0,0.0,0.0,5.48,19.0,0.0,0.0,0.0,4.8,
Paulo,http://ufcstats.com/fighter-details/30a09e43f15f1d75,"74.0""",18,9,0,1.71,39.0,1.99,63.0,1.42,31.0,63.0,1.2,
Colby,http://ufcstats.com/fighter-details/ed7d329d7c29428d,"69.0""",9,1,0,3.24,41.0,2.93,54.0,0.67,7.0,33.0,1.7,
Din,http://ufcstats.com/fighter-details/40a604761ca7d64d,--,26,9,0,1.85,37.0,2.6,59.0,1.38,52.0,76.0,1.2,
Ryan,http://ufcstats.com/fighter-details/b732b326c362fb62,--,20,8,0,2.01,36.0,4.17,30.0,5.59,33.0,0.0,2.2,
Noah,http://ufcstats.com/fighter-details/319c15b8aac5bfde,--,14,7,0,0.44,13.0,4.99,33.0,0.0,0.0,0.0,1.3,
Joel,http://ufcstats.com/fighter-details/2b33e57c4d0a4502,--,5,2,0,0.0,0.0,0.0,0.0,0.0,0.0,0.0,0.0,
Treston,http://ufcstats.com/fighter-details/ed5f04f833459877,--,10,6,0,0.0,0.0,0.0,0.0,0.0,0.0,0.0,0.0,
Nick,http://ufcstats.com/fighter-details/7d3caf0f96f1b33d,"74.0""",38,14,1,1.87,42.0,1.8,49.0,1.06,100.0,35.0,2.6,
James,http://ufcstats.com/fighter-details/9e30f69cc0869301,--,20,16,0,5.13,52.0,3.19,41.0,3.14,36.0,53.0,1.3,
Oli,http://ufcstats.com/fighter-details/dcdd511ff757f15c,"75.0""",17,10,0,1.66,46.0,5.31,46.0,0.0,0.0,50.0,0.5,
Stephen,http://ufcstats.com/fighter-details/4a28cb716c19157a,"75.0""",17,9,1,4.05,46.0,3.0,54.0,0.23,35.0,63.0,0.0,
Josh,http://ufcstats.com/fighter-details/a566371ba2ad7152,"71.0""",22,9,0,2.59,47.0,2.12,64.0,1.92,39.0,54.0,1.3,
Isaac,http://ufcstats.com/fighter-details/5d8006587d6a6711,"69.0""",9,3,0,1.4,44.0,2.2,42.0,4.0,80.0,33.0,0.0,
Simeon,http://ufcstats.com/fighter-details/fea8acf9bfcf09ec,"79.0""",17,6,1,3.85,43.0,3.85,64.0,1.12,40.0,50.0,1.7,
Josh,http://ufcstats.com/fighter-details/083e15da67d9b0fa,--,8,8,0,1.2,50.0,3.13,38.0,2.0,66.0,42.0,2.0,
Ti,http://ufcstats.com/fighter-details/3848cd6cac73e091,--,16,6,0,0.0,0.0,0.0,0.0,0.0,0.0,0.0,0.0,
Gleison,http://ufcstats.com/fighter-details/75e5fec9f72910ef,"71.0""",33,14,0,1.95,31.0,2.51,63.0,4.08,53.0,92.0,0.8,
Chris,http://ufcstats.com/fighter-details/1d1b85389a05df69,--,9,9,0,1.07,40.0,1.13,43.0,1.0,25.0,20.0,2.0,
Nolan,http://ufcstats.com/fighter-details/9eb069062a0cfc13,--,4,3,0,2.57,47.0,2.53,67.0,0.0,0.0,60.0,0.0,
Darren,http://ufcstats.com/fighter-details/9ce6d5a03af801b7,"74.0""",18,5,1,2.3,46.0,3.31,56.0,0.55,46.0,69.0,0.0,
Brett,http://ufcstats.com/fighter-details/7b461ccae8270207,--,0,0,0,0.0,0.0,0.0,0.0,0.0,0.0,0.0,0.0,
Rio,http://ufcstats.com/fighter-details/c830bc2eb134b646,"66.0""",8,1,0,0.0,0.0,2.11,69.0,0.0,0.0,0.0,0.0,
Denis,http://ufcstats.com/fighter-details/0112352cb32f5026,"77.0""",10,10,0,3.61,41.0,5.23,38.0,0.96,42.0,72.0,0.0,
Ryan,http://ufcstats.com/fighter-details/57481f1f10530c61,--,3,3,0,0.0,0.0,0.0,0.0,0.0,0.0,0.0,0.0,
Rafael,http://ufcstats.com/fighter-details/d6a8edb7410223a0,"74.0""",14,2,0,2.77,36.0,5.81,35.0,2.4,33.0,100.0,1.6,
Andrew,http://ufcstats.com/fighter-details/274ca7b799b402cc,--,8,0,0,0.0,0.0,0.0,0.0,0.0,0.0,0.0,0.0,
Dusko,http://ufcstats.com/fighter-details/866fd7b1a6c90e7f,"74.0""",13,6,0,4.73,57.0,4.4,48.0,1.77,21.0,42.0,0.3,
Tuco,http://ufcstats.com/fighter-details/3e8118c1ab52f211,"76.0""",11,5,0,2.12,40.0,4.27,46.0,4.21,47.0,33.0,0.5,
Hideo,http://ufcstats.com/fighter-details/2d5fbe2103f97053,--,34,29,2,1.78,37.0,2.01,65.0,0.87,34.0,44.0,2.3,
Anatoly,http://ufcstats.com/fighter-details/679ae8c4fd022c6b,--,25,2,0,3.51,72.0,0.54,66.0,2.03,100.0,100.0,0.0,
Anelya,http://ufcstats.com/fighter-details/3a89481e3a9d47c0,--,6,1,1,0.0,0.0,0.0,0.0,0.0,0.0,0.0,0.0,
Kazuki,http://ufcstats.com/fighter-details/c4af2feb4b58bc3b,"73.0""",18,7,1,2.26,41.0,3.63,53.0,2.0,38.0,78.0,0.0,
Puja,http://ufcstats.com/fighter-details/19f8a2f6eecd92ac,"59.0""",9,5,0,5.61,48.0,5.82,46.0,0.0,0.0,100.0,0.0,
Tyler,http://ufcstats.com/fighter-details/8e893f269d5696b2,"70.0""",15,7,0,2.95,52.0,2.13,62.0,0.0,0.0,54.0,0.4,
James,http://ufcstats.com/fighter-details/d10b35152277cf98,--,0,1,0,0.0,0.0,2.41,27.0,0.0,0.0,0.0,0.0,
Masanori,http://ufcstats.com/fighter-details/9de7c97e1c0d7927,--,1,2,0,0.16,5.0,1.09,36.0,0.0,0.0,0.0,0.0,
Carl,http://ufcstats.com/fighter-details/5ee87e0432205755,--,3,3,0,0.0,0.0,0.0,0.0,0.0,0.0,0.0,0.0,
Ilia,http://ufcstats.com/fighter-details/54f64b5e283b0ce7,"69.0""",17,0,0,4.81,48.0,3.83,64.0,1.96,61.0,93.0,1.1,
Aleksandre,http://ufcstats.com/fighter-details/4a6dff1b260bcf61,"68.0""",7,1,0,2.93,55.0,2.57,68.0,1.5,33.0,100.0,0.0,
Anthony,http://ufcstats.com/fighter-details/918d9d89d4d52acc,--,5,3,0,3.54,48.0,7.52,45.0,0.0,0.0,100.0,2.2,
Miguel,http://ufcstats.com/fighter-details/33b2f68ef95252e0,"76.0""",44,9,0,3.98,43.0,1.86,74.0,0.0,0.0,17.0,1.6,
Ronys,http://ufcstats.com/fighter-details/cce79e827569f26e,--,35,5,0,0.87,26.0,1.93,57.0,4.0,47.0,16.0,0.5,
Haven,http://ufcstats.com/fighter-details/1ff10dee2f7ae60c,--,0,0,0,0.0,0.0,0.0,0.0,0.0,0.0,0.0,0.0,
Alex,http://ufcstats.com/fighter-details/e4e0f310b3cf23a8,--,5,4,0,2.47,37.0,2.73,69.0,2.0,22.0,50.0,0.0,
Abram,http://ufcstats.com/fighter-details/e175a261a280f7cb,--,4,3,0,0.0,0.0,0.0,0.0,0.0,0.0,0.0,0.0,
Jose,http://ufcstats.com/fighter-details/d2036f31c035e0d1,"65.0""",8,1,0,4.37,36.0,9.84,50.0,1.28,33.0,75.0,0.0,
Desmond,http://ufcstats.com/fighter-details/971aebf56267de20,"69.0""",7,2,0,4.8,64.0,11.78,48.0,0.0,0.0,100.0,0.0,
Manuel,http://ufcstats.com/fighter-details/2e7878927067fdca,"73.0""",17,3,0,7.29,59.0,4.08,54.0,1.72,66.0,90.0,0.9,
Justice,http://ufcstats.com/fighter-details/01762e1d4ff4dc51,"66.0""",12,4,0,0.79,22.0,8.29,53.0,5.92,50.0,0.0,0.0,
Eduardo,http://ufcstats.com/fighter-details/c8d46028907bcece,"70.0""",16,2,0,1.1,34.0,1.24,65.0,2.06,33.0,50.0,0.0,
Salim,http://ufcstats.com/fighter-details/cbf1c7ba5408a66f,"72.0""",10,4,0,2.6,46.0,2.87,58.0,0.0,0.0,83.0,0.0,
Dequan,http://ufcstats.com/fighter-details/3f7dab21b6c971bc,"79.0""",21,12,0,1.23,34.0,3.92,38.0,0.0,0.0,46.0,0.0,
Minoru,http://ufcstats.com/fighter-details/04076783ca83d6ae,--,2,5,0,0.0,0.0,0.0,0.0,0.0,0.0,0.0,0.0,
Slim,http://ufcstats.com/fighter-details/ff2ec83f44000f78,--,5,0,0,0.0,0.0,0.0,0.0,0.0,0.0,0.0,0.0,
Roberto,http://ufcstats.com/fighter-details/20ec0061400178ca,--,6,4,1,0.92,50.0,2.77,57.0,0.0,0.0,0.0,0.0,
Bryan,http://ufcstats.com/fighter-details/008cf84faae9c7a5,--,15,4,0,2.33,48.0,3.93,55.0,2.0,28.0,63.0,0.0,
Alexander,http://ufcstats.com/fighter-details/73abb7a5c57fb443,--,7,7,0,0.0,0.0,0.0,0.0,0.0,0.0,0.0,0.0,
Francisco,http://ufcstats.com/fighter-details/97a6bbe6e6566a94,"70.0""",13,3,0,2.65,42.0,2.42,64.0,0.97,22.0,41.0,0.0,
Angelo,http://ufcstats.com/fighter-details/0cf9f5518d6063bb,--,7,3,0,5.19,54.0,3.9,47.0,0.0,0.0,100.0,0.0,
Frank,http://ufcstats.com/fighter-details/d2d37e8eeb3abc8d,"71.0""",21,9,0,2.79,46.0,1.9,56.0,2.35,47.0,75.0,0.8,
Francisco,http://ufcstats.com/fighter-details/a8283a4f415e1eb9,"70.0""",28,9,0,3.13,45.0,2.67,60.0,0.98,42.0,60.0,0.5,
Damien,http://ufcstats.com/fighter-details/cb1c09c8126dbee0,--,7,6,0,0.0,0.0,0.0,0.0,0.0,0.0,0.0,0.0,
Michael,http://ufcstats.com/fighter-details/5bf31a46becc1204,"71.0""",11,3,0,3.63,53.0,4.4,50.0,0.36,66.0,72.0,0.5,
Antonio,http://ufcstats.com/fighter-details/6d48a2df51749d91,"80.0""",12,7,0,1.27,47.0,5.3,26.0,0.88,9.0,42.0,0.4,
Tor,http://ufcstats.com/fighter-details/8abf70f79e9e27c2,--,16,7,1,1.16,46.0,3.26,32.0,0.62,7.0,66.0,0.3,
Aaron,http://ufcstats.com/fighter-details/cc18abc046b382c9,--,0,1,0,0.0,0.0,0.0,0.0,0.0,0.0,0.0,0.0,
Reynaldo,http://ufcstats.com/fighter-details/e6b233a007cb06c4,--,21,19,0,0.0,0.0,0.0,0.0,0.0,0.0,0.0,0.0,
Abel,http://ufcstats.com/fighter-details/e14b5aa06eea9653,"70.0""",15,8,0,2.65,41.0,2.31,59.0,2.18,45.0,40.0,0.4,
Arman,http://ufcstats.com/fighter-details/eae48ff31db420c2,"72.0""",23,3,0,3.85,50.0,1.8,54.0,3.26,37.0,75.0,0.1,
Rei,http://ufcstats.com/fighter-details/2f43a3e82661fa99,"68.0""",10,1,0,2.24,52.0,2.01,42.0,5.06,37.0,50.0,1.9,
Chris,http://ufcstats.com/fighter-details/df05aa15b2d66f57,"76.0""",21,4,0,1.35,31.0,3.17,47.0,1.19,18.0,0.0,0.6,
Jon,http://ufcstats.com/fighter-details/53ec9cb470e1a4ea,"73.0""",10,5,0,3.0,40.0,3.74,60.0,0.42,33.0,50.0,1.0,
Gavin,http://ufcstats.com/fighter-details/da816417a579a0bd,"66.0""",13,3,0,4.29,44.0,4.18,57.0,3.13,44.0,53.0,1.5,
Jumabieke,http://ufcstats.com/fighter-details/1ed32eaaba9ffe10,--,19,4,1,1.6,28.0,3.08,59.0,0.47,11.0,66.0,0.9,
Tom,http://ufcstats.com/fighter-details/b9aa7d230865b5fe,--,0,3,0,0.0,0.0,2.14,0.0,32.14,100.0,0.0,0.0,
Blair,http://ufcstats.com/fighter-details/63f8775391301891,--,10,6,0,2.25,53.0,0.93,50.0,7.5,60.0,0.0,0.0,
Tai,http://ufcstats.com/fighter-details/c62fbc117d57b943,"75.0""",15,10,0,3.37,48.0,4.61,42.0,0.0,0.0,58.0,0.0,
Zubaira,http://ufcstats.com/fighter-details/aceffa19749c4dc0,"68.0""",20,6,1,3.17,39.0,3.07,63.0,2.13,39.0,100.0,0.0,
Teila,http://ufcstats.com/fighter-details/96eff1a628adcc7f,--,0,1,0,0.0,0.0,0.0,0.0,0.0,0.0,0.0,0.0,
Marco,http://ufcstats.com/fighter-details/9384e71bca6c409d,"74.0""",14,2,0,6.69,58.0,2.58,59.0,1.42,26.0,0.0,0.3,
Nyamjargal,http://ufcstats.com/fighter-details/17cb6d8e8187f304,"71.0""",10,1,0,2.72,42.0,2.47,53.0,3.37,50.0,56.0,2.1,
Albert,http://ufcstats.com/fighter-details/ff6a1f63c254127e,"73.0""",18,4,0,3.76,42.0,3.34,58.0,0.2,20.0,75.0,0.0,
Ricky,http://ufcstats.com/fighter-details/cd3d7e37ff2d679c,"71.0""",13,6,0,4.68,39.0,3.84,51.0,0.85,17.0,44.0,0.3,
Anton,http://ufcstats.com/fighter-details/82529ce93cd9a2cf,"78.0""",8,4,0,2.45,42.0,3.42,54.0,4.98,41.0,16.0,0.0,
Wellington,http://ufcstats.com/fighter-details/4dcfb28c011c11b2,"72.0""",18,8,0,3.23,51.0,4.17,45.0,1.55,20.0,42.0,0.8,
Courtney,http://ufcstats.com/fighter-details/56f4b81ec4db61af,--,0,3,0,0.0,0.0,0.0,0.0,0.0,0.0,0.0,0.0,
Jalin,http://ufcstats.com/fighter-details/4d8fa64202cee4c1,"77.0""",15,9,0,5.79,48.0,4.54,41.0,0.75,55.0,75.0,1.1,
Austin,http://ufcstats.com/fighter-details/885adaff8fe15cf7,--,8,2,0,4.29,66.0,6.43,0.0,0.0,0.0,0.0,0.0,
Marcin,http://ufcstats.com/fighter-details/c9cf753cfdf77fc2,"78.0""",27,11,0,3.56,48.0,3.26,55.0,1.3,33.0,70.0,0.1,
Raphael,http://ufcstats.com/fighter-details/cb680d85b84cbfd9,"73.0""",10,2,0,2.46,48.0,2.85,50.0,1.48,16.0,0.0,0.0,
Takeru,http://ufcstats.com/fighter-details/1d76f07ffdd765c2,"68.0""",6,1,0,0.0,0.0,0.0,0.0,0.0,0.0,0.0,4.4,
Alberto,http://ufcstats.com/fighter-details/8f2deefe8c5dfb5d,--,12,2,0,1.79,52.0,3.49,45.0,2.83,50.0,66.0,0.0,
Ryuki,http://ufcstats.com/fighter-details/bcd124bcd3d5be46,--,12,18,5,0.13,21.0,1.4,46.0,0.5,100.0,0.0,1.5,
Christian,http://ufcstats.com/fighter-details/10ccf4ec9913cadc,--,5,0,0,0.0,0.0,0.0,0.0,0.0,0.0,0.0,0.0,
Andy,http://ufcstats.com/fighter-details/4a1a492f299581d9,--,11,6,0,0.0,0.0,0.0,0.0,0.0,0.0,0.0,0.0,
Tagir,http://ufcstats.com/fighter-details/f00ac08ab056af5d,"70.0""",17,3,0,3.01,48.0,3.44,50.0,2.73,39.0,63.0,1.5,
Carlos,http://ufcstats.com/fighter-details/9014c02eff8b3d62,"77.0""",15,1,0,6.57,55.0,4.03,51.0,0.53,60.0,85.0,0.2,
Gasan,http://ufcstats.com/fighter-details/7a39bbac8cc0fa70,"71.0""",17,4,2,2.23,39.0,4.1,59.0,0.75,17.0,90.0,0.0,
Jeremy,http://ufcstats.com/fighter-details/4793a2d90f5ab8ae,--,5,2,0,0.0,0.0,0.0,0.0,0.0,0.0,0.0,0.0,
Zach,http://ufcstats.com/fighter-details/1e310618d02ff93b,--,13,7,0,0.0,0.0,0.0,0.0,0.0,0.0,0.0,0.0,
Caol,http://ufcstats.com/fighter-details/eb1723480fa2f96c,"70.0""",33,19,5,1.91,49.0,1.9,50.0,1.95,31.0,37.0,0.5,
Kengo,http://ufcstats.com/fighter-details/58258914525740a5,--,14,12,2,1.05,37.0,2.38,48.0,2.85,28.0,50.0,1.4,
Logan,http://ufcstats.com/fighter-details/5e23f30e9c6ed74e,"72.0""",5,1,0,2.55,66.0,16.6,27.0,0.0,0.0,0.0,0.0,
Hector,http://ufcstats.com/fighter-details/4b8fb0453a596b8e,"73.0""",17,10,1,0.97,38.0,2.44,39.0,0.0,0.0,38.0,3.8,
Elias,http://ufcstats.com/fighter-details/47fcdcaccb58ca80,"77.0""",3,1,0,3.85,37.0,6.17,50.0,0.0,0.0,0.0,0.0,
Gilbert,http://ufcstats.com/fighter-details/b12fb759e02378de,"75.0""",7,5,0,5.57,56.0,4.62,44.0,2.86,44.0,0.0,0.7,
Guilherme,http://ufcstats.com/fighter-details/4252b09f0c8c4472,"74.0""",6,2,0,1.15,43.0,4.43,22.0,0.0,0.0,53.0,0.0,
Nick,http://ufcstats.com/fighter-details/e78c4c3d329c531b,"66.0""",10,3,0,3.61,45.0,5.06,36.0,0.0,0.0,0.0,0.0,
Yasuhiro,http://ufcstats.com/fighter-details/c34e5849184b08c3,--,21,8,6,3.47,39.0,4.71,65.0,0.0,0.0,80.0,0.0,
Sho Patrick,http://ufcstats.com/fighter-details/fe30c5f5cc3e028b,"70.0""",4,1,0,0.0,0.0,0.0,0.0,0.0,0.0,0.0,0.0,
Kamaru,http://ufcstats.com/fighter-details/f1b2aa7853d1ed6e,"76.0""",21,4,0,4.16,51.0,2.67,55.0,2.79,44.0,89.0,0.1,
Mohammed,http://ufcstats.com/fighter-details/da7f113b5ea39c43,"79.0""",12,4,0,3.85,39.0,4.27,51.0,0.56,14.0,66.0,0.0,
Darren,http://ufcstats.com/fighter-details/6546af7ab545b90c,"65.0""",10,6,0,1.34,39.0,2.21,66.0,1.42,33.0,35.0,0.7,
Richie,http://ufcstats.com/fighter-details/54578e5927adea53,"69.0""",10,4,0,3.69,46.0,4.09,57.0,3.0,45.0,31.0,1.0,
Rashid,http://ufcstats.com/fighter-details/0d1190beced94f7c,"63.0""",14,2,0,1.87,38.0,0.93,67.0,3.0,50.0,100.0,3.0,
Abubakar,http://ufcstats.com/fighter-details/f7adc1fd115f8fdd,--,24,4,0,0.0,0.0,0.0,0.0,0.0,0.0,0.0,0.0,
Artem,http://ufcstats.com/fighter-details/43e549b803ec7375,"75.0""",3,1,0,3.88,85.0,0.68,80.0,0.0,0.0,100.0,0.0,
Egidijus,http://ufcstats.com/fighter-details/fc1868f56d3036eb,--,29,12,0,0.0,0.0,0.0,0.0,0.0,0.0,0.0,0.0,
Genaro,http://ufcstats.com/fighter-details/cda1099995b46cc2,"72.0""",10,3,0,4.08,30.0,7.16,48.0,1.54,44.0,36.0,0.4,
Charlie,http://ufcstats.com/fighter-details/8a0be41c0380188d,"64.0""",12,7,0,2.58,37.0,2.61,77.0,1.4,53.0,75.0,0.5,
Robert,http://ufcstats.com/fighter-details/0cd0456d6029cec2,"77.0""",12,6,0,1.3,55.0,2.72,33.0,0.59,50.0,55.0,1.8,
Victor,http://ufcstats.com/fighter-details/de277a4abcfeea46,--,13,6,2,1.28,100.0,2.55,0.0,0.0,0.0,0.0,0.0,
Ivan,http://ufcstats.com/fighter-details/45b82ebf0b9e0fd2,"77.0""",8,2,0,0.0,0.0,9.6,33.0,0.0,0.0,0.0,0.0,
Victor,http://ufcstats.com/fighter-details/078695e385ec2f57,"71.0""",14,4,0,3.47,40.0,4.81,51.0,0.63,33.0,55.0,0.0,
Timur,http://ufcstats.com/fighter-details/45e738622ea2c02c,"67.0""",18,3,0,5.19,53.0,3.33,45.0,1.73,40.0,55.0,0.3,
Victor,http://ufcstats.com/fighter-details/663b76da637402c3,--,18,10,0,3.94,30.0,2.99,67.0,0.9,14.0,0.0,0.0,
Andrew,http://ufcstats.com/fighter-details/2a898bf9fb7710b3,--,5,7,0,0.0,0.0,0.0,0.0,0.0,0.0,0.0,0.0,
Kevin,http://ufcstats.com/fighter-details/239d8e5359022f3b,"68.0""",18,1,0,6.12,48.0,4.41,57.0,0.66,28.0,84.0,0.0,
Isaac,http://ufcstats.com/fighter-details/c295de4e10acd4c9,"70.0""",16,7,1,5.56,47.0,5.6,45.0,0.2,12.0,58.0,0.0,
Joshua,http://ufcstats.com/fighter-details/17e97649403ba428,"65.0""",16,2,0,8.84,56.0,6.39,57.0,0.84,63.0,81.0,0.0,
Mike,http://ufcstats.com/fighter-details/2ee09ec2a0695eb9,--,8,5,0,1.52,41.0,1.91,41.0,1.06,14.0,37.0,0.0,
Matt,http://ufcstats.com/fighter-details/7b39035fae7268b8,--,7,6,0,7.73,45.0,6.82,49.0,0.0,0.0,50.0,0.0,
Ron,http://ufcstats.com/fighter-details/23ab42947c1990e3,--,0,1,0,0.0,0.0,0.0,0.0,0.0,0.0,0.0,0.0,
Lloyd,http://ufcstats.com/fighter-details/02177caefe7c07d4,--,0,1,0,0.0,0.0,3.01,15.0,0.0,0.0,0.0,0.0,
Alain,http://ufcstats.com/fighter-details/f6bbc6ba4f06ad60,--,8,0,0,0.0,0.0,0.0,0.0,0.0,0.0,0.0,0.0,
Cameron,http://ufcstats.com/fighter-details/87e2468b986ebb79,"74.0""",15,7,1,5.31,47.0,6.41,40.0,0.0,0.0,0.0,0.0,
Chad,http://ufcstats.com/fighter-details/26d61e92a6069cd2,--,7,5,0,0.0,0.0,0.0,0.0,0.0,0.0,0.0,0.0,
Jared,http://ufcstats.com/fighter-details/2b68d9f125d07b42,"80.0""",12,10,0,4.96,44.0,5.67,45.0,0.18,50.0,20.0,0.0,
Austin,http://ufcstats.com/fighter-details/32c3ee378671a5d9,"74.0""",13,3,0,3.04,59.0,2.71,48.0,3.08,35.0,100.0,1.2,
Lando,http://ufcstats.com/fighter-details/f9b200db02b488d9,"71.0""",12,8,2,4.52,45.0,4.71,54.0,1.24,36.0,66.0,0.3,
Paige,http://ufcstats.com/fighter-details/4d5197f331c47290,"65.0""",8,5,0,3.35,52.0,2.62,42.0,1.27,33.0,34.0,1.0,
Paul,http://ufcstats.com/fighter-details/07a18ae55dfc3cd9,--,9,9,0,0.0,0.0,0.0,0.0,0.0,0.0,0.0,0.0,
Kazula,http://ufcstats.com/fighter-details/ec18eb918121787c,"71.0""",12,5,0,3.65,53.0,1.77,57.0,0.4,25.0,30.0,0.4,
Jamie,http://ufcstats.com/fighter-details/a54fc2d6fc224dc3,"71.0""",21,11,1,2.92,34.0,2.55,58.0,3.49,53.0,66.0,0.8,
Guilherme,http://ufcstats.com/fighter-details/d6d5da3c209884bc,--,9,4,0,3.27,29.0,4.4,70.0,0.0,0.0,0.0,0.0,
Linton,http://ufcstats.com/fighter-details/a148dfe3485be79d,--,18,5,0,3.39,37.0,2.13,54.0,2.46,50.0,50.0,0.0,
Billy,http://ufcstats.com/fighter-details/61428ed51f5ff465,--,12,17,0,0.0,0.0,1.36,50.0,0.0,0.0,0.0,0.0,
Yuri,http://ufcstats.com/fighter-details/4679a38cced7c64a,--,0,1,0,0.0,0.0,0.0,0.0,0.0,0.0,0.0,0.0,
Javier,http://ufcstats.com/fighter-details/be5cfd73617a5b1a,"69.0""",16,5,0,2.43,36.0,1.99,72.0,2.56,52.0,57.0,1.5,
Manny,http://ufcstats.com/fighter-details/8d4d25fd9218860b,"72.0""",11,2,0,1.47,41.0,2.67,48.0,1.0,33.0,0.0,1.0,
Gianni,http://ufcstats.com/fighter-details/51ec9dc3b4964f19,"71.0""",13,5,1,1.6,22.0,3.93,39.0,0.0,0.0,62.0,2.0,
Matt,http://ufcstats.com/fighter-details/5731cc327790b731,--,17,5,0,1.12,28.0,4.91,44.0,3.64,38.0,100.0,1.5,
Joe,http://ufcstats.com/fighter-details/d35c3ed553b71fa2,--,18,9,0,1.43,42.0,5.71,38.0,1.07,20.0,0.0,0.0,
Kelly,http://ufcstats.com/fighter-details/93c9897f0f9f5dab,--,2,1,0,2.27,35.0,5.67,47.0,0.0,0.0,100.0,0.0,
Greg,http://ufcstats.com/fighter-details/34a81ebbce32b06b,"70.0""",6,1,0,0.0,0.0,1.52,0.0,0.0,0.0,0.0,0.0,
Cain,http://ufcstats.com/fighter-details/0ff11cc094e887bc,"77.0""",14,3,0,6.37,57.0,2.33,57.0,5.13,45.0,85.0,0.4,
David,http://ufcstats.com/fighter-details/09c44b317c98bf96,--,10,10,0,0.0,0.0,0.0,0.0,0.0,0.0,0.0,0.0,
Bojan,http://ufcstats.com/fighter-details/fcce75a25c14a804,"76.0""",15,6,1,2.18,34.0,2.31,57.0,0.67,25.0,55.0,0.5,
Karlos,http://ufcstats.com/fighter-details/d23ccf4a6c221284,"75.0""",17,5,0,1.67,44.0,2.13,37.0,1.93,25.0,31.0,1.7,
Luigi,http://ufcstats.com/fighter-details/2f1a257d6777096d,"73.0""",9,3,0,2.82,40.0,3.82,57.0,1.11,15.0,100.0,0.6,
Jerrel,http://ufcstats.com/fighter-details/602bb270f2bdbf02,--,4,3,0,0.81,33.0,1.51,67.0,0.0,0.0,60.0,0.0,
Scott,http://ufcstats.com/fighter-details/6e62bb64f7cc5026,--,14,6,1,0.0,0.0,0.0,0.0,0.0,0.0,0.0,0.0,
Brandon,http://ufcstats.com/fighter-details/fa315e6c77eee106,"78.0""",15,7,0,3.03,56.0,2.81,52.0,0.7,53.0,59.0,0.2,
Kerry,http://ufcstats.com/fighter-details/df0a1c1e11ad199b,--,2,0,0,0.0,0.0,0.0,0.0,0.0,0.0,0.0,0.0,
Marlon,http://ufcstats.com/fighter-details/7c7332319c14094c,"70.0""",23,12,1,4.18,47.0,5.34,50.0,0.47,39.0,71.0,0.8,
Carlos,http://ufcstats.com/fighter-details/07f959e6596307bb,"69.0""",12,4,0,1.53,57.0,2.79,49.0,0.0,0.0,25.0,1.6,
Isis,http://ufcstats.com/fighter-details/d6f58b8cd1a6ff52,"64.0""",5,2,0,3.13,43.0,3.53,53.0,0.0,0.0,66.0,0.0,
Ernie,http://ufcstats.com/fighter-details/2b1587a3376ab743,--,0,1,0,0.0,0.0,0.0,0.0,0.0,0.0,0.0,0.0,
Joe,http://ufcstats.com/fighter-details/c6d8ae3b016d5ad5,--,4,3,0,0.0,0.0,5.55,27.0,0.0,0.0,0.0,0.0,
Nikolay,http://ufcstats.com/fighter-details/0f1efce7d2571d10,"74.0""",14,7,0,2.69,56.0,3.3,45.0,0.42,16.0,62.0,0.4,
CJ,http://ufcstats.com/fighter-details/077e3ace32b72be9,"68.0""",12,7,1,5.02,56.0,4.69,53.0,0.0,0.0,60.0,0.2,
Renato,http://ufcstats.com/fighter-details/c24b1db4b809d41b,--,7,5,0,0.92,48.0,1.87,47.0,1.46,30.0,50.0,2.5,
Bryan,http://ufcstats.com/fighter-details/13a0fb8fbdafb54f,--,4,3,0,2.74,60.0,2.13,41.0,0.0,0.0,0.0,0.0,
Marvin,http://ufcstats.com/fighter-details/7acbb0972e75281a,"74.0""",19,10,1,4.74,45.0,4.55,56.0,1.41,43.0,68.0,0.4,
Hugo,http://ufcstats.com/fighter-details/f95381efb3051d81,"67.0""",8,4,0,3.05,38.0,3.2,57.0,0.22,6.0,50.0,0.0,
Guilherme,http://ufcstats.com/fighter-details/393b8e03fb410a78,--,7,3,0,2.92,40.0,2.72,59.0,1.2,66.0,77.0,0.0,
Polyana,http://ufcstats.com/fighter-details/9673a497a9da119a,"67.0""",13,8,0,2.74,40.0,2.5,53.0,0.75,33.0,35.0,1.7,
Vitor,http://ufcstats.com/fighter-details/744f50016c39c26c,--,12,3,1,3.1,30.0,8.28,52.0,0.0,0.0,0.0,0.0,
James,http://ufcstats.com/fighter-details/6256b2b1562cb8e1,"76.0""",13,5,0,4.13,39.0,3.31,60.0,0.26,33.0,57.0,0.7,
Tamires,http://ufcstats.com/fighter-details/4f3064faf17aa711,"68.0""",7,4,0,2.91,53.0,4.46,49.0,0.0,0.0,35.0,0.7,
Freddy,http://ufcstats.com/fighter-details/024158997e7c5829,"80.0""",4,1,0,2.7,66.0,2.65,26.0,0.0,0.0,60.0,0.8,
Milton,http://ufcstats.com/fighter-details/7cf20446453f852b,--,13,8,2,1.13,35.0,2.36,48.0,2.67,53.0,12.0,0.7,
Reginaldo,http://ufcstats.com/fighter-details/f9081770e28ea2e1,"65.0""",13,5,0,3.76,40.0,2.89,59.0,1.97,27.0,25.0,0.8,
Ketlen,http://ufcstats.com/fighter-details/b9706f80d005036c,"68.0""",15,5,0,2.76,40.0,3.75,50.0,1.33,44.0,90.0,0.6,
Rodolfo,http://ufcstats.com/fighter-details/260e9e0d4954aea6,"73.0""",11,5,0,3.43,54.0,4.28,49.0,2.87,22.0,60.0,0.9,
Steve,http://ufcstats.com/fighter-details/6888e31ce88f5b17,--,12,6,0,2.19,28.0,5.75,44.0,0.0,0.0,100.0,0.0,
Alejandro,http://ufcstats.com/fighter-details/2e88f2030d8a928a,--,17,5,0,3.93,46.0,4.07,67.0,1.0,50.0,0.0,0.0,
DeMarco,http://ufcstats.com/fighter-details/0275e33febc2818c,--,1,3,0,0.0,0.0,0.0,0.0,0.0,0.0,0.0,0.0,
Gian,http://ufcstats.com/fighter-details/fcd448a2fe1a23cc,"76.0""",17,14,0,4.38,44.0,5.47,55.0,0.45,23.0,83.0,0.0,
Ike,http://ufcstats.com/fighter-details/f9d0cae37dabfafc,"73.0""",18,14,0,3.66,38.0,7.24,36.0,0.6,50.0,100.0,0.0,
Ruben,http://ufcstats.com/fighter-details/39f68882def7a507,--,22,28,3,5.18,53.0,4.86,35.0,0.0,0.0,0.0,0.0,
Armando,http://ufcstats.com/fighter-details/454c1f0b638972ab,"66.0""",5,2,0,3.23,55.0,4.3,52.0,3.23,25.0,0.0,0.0,
Pablo,http://ufcstats.com/fighter-details/34f93dfbd43b2144,--,12,3,0,2.79,42.0,3.25,65.0,2.5,50.0,33.0,0.0,
Joey,http://ufcstats.com/fighter-details/15515e797aedc137,--,29,10,0,2.05,38.0,3.26,52.0,0.71,40.0,53.0,1.1,
Danillo,http://ufcstats.com/fighter-details/fd87b1bbfcde9d5e,--,15,5,0,2.86,37.0,2.4,68.0,1.71,66.0,33.0,1.7,
Yuri,http://ufcstats.com/fighter-details/0fb1e2694a39a02f,"73.0""",10,5,0,3.18,43.0,5.42,55.0,2.0,35.0,40.0,0.3,
Tre'ston,http://ufcstats.com/fighter-details/563a1d42bb0e3cef,"79.0""",10,4,0,0.0,0.0,3.56,50.0,0.0,0.0,0.0,0.0,
Marcos,http://ufcstats.com/fighter-details/e363b21261814830,--,23,11,1,1.93,49.0,2.91,47.0,0.0,0.0,25.0,0.5,
Brandon,http://ufcstats.com/fighter-details/7c4ec656d8fcb867,"68.0""",13,3,0,2.55,45.0,3.76,42.0,0.67,20.0,0.0,0.0,
Falaniko,http://ufcstats.com/fighter-details/445a98acb8985970,--,30,11,0,1.88,49.0,3.68,47.0,0.72,33.0,86.0,0.0,
Cheyanne,http://ufcstats.com/fighter-details/4959f10a62f3fec3,"63.0""",7,3,0,4.93,50.0,2.57,64.0,0.25,33.0,66.0,0.2,
Bobby,http://ufcstats.com/fighter-details/fb8a3025ae722e64,"74.0""",19,13,0,4.01,35.0,5.84,42.0,1.04,50.0,66.0,0.0,
Mateo,http://ufcstats.com/fighter-details/90b57b19d20e1969,"71.0""",8,3,0,4.47,46.0,2.87,65.0,1.0,16.0,0.0,0.0,
Danylo,http://ufcstats.com/fighter-details/d73a7c36746fbc5b,"78.0""",7,0,0,9.86,46.0,0.0,100.0,0.0,0.0,0.0,12.3,
Alexander,http://ufcstats.com/fighter-details/e1248941344b3288,"71.0""",28,4,0,5.99,57.0,3.31,58.0,1.63,34.0,68.0,0.2,
Jacob,http://ufcstats.com/fighter-details/6f81b6de2557739a,"71.0""",19,7,0,1.19,34.0,1.78,52.0,3.19,48.0,52.0,2.0,
Alexander,http://ufcstats.com/fighter-details/279566840aa55bf2,"80.0""",39,11,0,4.78,57.0,2.86,53.0,0.57,66.0,68.0,0.2,
Mark,http://ufcstats.com/fighter-details/0e6b611451a9a7d8,"65.0""",12,4,2,6.93,47.0,10.0,40.0,0.5,14.0,57.0,0.0,
Jason,http://ufcstats.com/fighter-details/c4b9296214f4c09c,--,14,12,1,1.89,36.0,3.23,52.0,0.62,16.0,58.0,1.5,
Milco,http://ufcstats.com/fighter-details/277ffed20cf07aea,--,20,11,1,0.0,0.0,0.0,100.0,0.0,0.0,0.0,0.0,
Mark,http://ufcstats.com/fighter-details/ef0344ed552d8a22,--,5,3,1,3.87,32.0,4.19,51.0,0.0,0.0,50.0,0.8,
Igor,http://ufcstats.com/fighter-details/7929be8290289a47,--,55,10,0,1.59,49.0,0.97,63.0,1.19,66.0,50.0,0.5,
Jordan,http://ufcstats.com/fighter-details/6d38e41efa47a72d,"73.0""",13,4,0,2.11,45.0,1.9,58.0,0.63,14.0,44.0,0.0,
James,http://ufcstats.com/fighter-details/6291decf7f3b6608,--,4,11,0,0.0,0.0,0.0,0.0,0.0,0.0,0.0,0.0,
Chris,http://ufcstats.com/fighter-details/c8097968da5e5f13,"70.0""",12,3,0,1.7,53.0,1.75,51.0,2.6,51.0,55.0,1.1,
Neil,http://ufcstats.com/fighter-details/6b7bc7eaf2465387,--,13,4,0,2.64,50.0,8.57,43.0,0.0,0.0,50.0,0.0,
TJ,http://ufcstats.com/fighter-details/8f2939f5fd9cca1e,"75.0""",16,9,0,2.02,51.0,2.39,40.0,3.03,46.0,40.0,4.8,
Chase,http://ufcstats.com/fighter-details/aeb6c57b9bd8bc3a,"75.0""",11,2,0,1.03,28.0,6.72,38.0,7.76,33.0,0.0,0.0,
Andre,http://ufcstats.com/fighter-details/18944a1a6ac1becf,--,1,5,0,2.28,31.0,4.36,34.0,0.0,0.0,0.0,0.0,
Herschel,http://ufcstats.com/fighter-details/bd92e38aef641673,--,2,0,0,3.42,67.0,0.45,46.0,1.94,100.0,100.0,0.0,
Donny,http://ufcstats.com/fighter-details/e6147d5ab3685899,--,15,10,0,1.81,37.0,3.85,46.0,0.0,0.0,57.0,1.7,
Johnny,http://ufcstats.com/fighter-details/c21f26bbde777573,"82.0""",22,10,0,3.9,54.0,2.99,46.0,0.36,50.0,57.0,0.7,
Brogan,http://ufcstats.com/fighter-details/4333a8e70a672eb7,"67.0""",8,5,0,1.84,32.0,3.32,47.0,1.02,75.0,11.0,0.0,
Valter,http://ufcstats.com/fighter-details/f5779a2303ed76ec,"78.0""",15,1,0,2.0,52.0,2.85,42.0,5.74,69.0,0.0,2.5,
Julius,http://ufcstats.com/fighter-details/6add18754930182b,"78.0""",7,2,0,3.73,53.0,4.03,43.0,4.09,38.0,100.0,0.0,
Ben,http://ufcstats.com/fighter-details/1ad381c8994c4e5b,--,8,7,1,1.47,29.0,8.53,29.0,0.0,0.0,100.0,0.0,
Crafton,http://ufcstats.com/fighter-details/bf41b5131545da12,--,18,6,1,1.55,44.0,2.36,47.0,0.0,0.0,42.0,0.0,
Rodney,http://ufcstats.com/fighter-details/b9415726dc3ec526,"72.0""",26,15,1,1.13,46.0,3.44,45.0,6.0,54.0,28.0,1.0,
Jeremy,http://ufcstats.com/fighter-details/b87c3f460709f74c,--,4,6,0,0.0,0.0,0.0,0.0,0.0,0.0,0.0,0.0,
Randall,http://ufcstats.com/fighter-details/95cf6be9071e68b0,"73.0""",15,6,0,1.13,38.0,4.11,45.0,2.13,50.0,0.0,0.0,
James,http://ufcstats.com/fighter-details/4078de7181a19142,"69.0""",5,2,0,0.52,28.0,3.41,35.0,0.0,0.0,0.0,0.0,
Jim,http://ufcstats.com/fighter-details/0c670b443c3d269f,--,29,11,0,3.19,26.0,6.65,49.0,0.0,0.0,100.0,0.0,
Cory,http://ufcstats.com/fighter-details/83c6c3e0f8bde8ee,--,8,2,0,0.79,100.0,1.18,50.0,0.0,0.0,0.0,0.0,
Richard,http://ufcstats.com/fighter-details/303a05a7aa3ff761,"73.0""",9,5,0,3.84,46.0,2.72,58.0,1.55,40.0,66.0,0.2,
Patrick,http://ufcstats.com/fighter-details/b4c96c3d9139bf0e,--,10,3,0,2.03,19.0,2.83,64.0,3.0,54.0,100.0,1.5,
Erick,http://ufcstats.com/fighter-details/d57e6a8971b6d2bd,--,3,3,0,0.63,41.0,2.66,40.0,3.8,66.0,0.0,1.9,
Dimitiri,http://ufcstats.com/fighter-details/a1d6b308781aa2f5,--,5,2,0,0.92,25.0,4.31,30.0,1.16,20.0,0.0,0.0,
Andy,http://ufcstats.com/fighter-details/476414d2f18cd059,--,7,8,1,3.43,36.0,10.29,62.0,0.0,0.0,0.0,0.0,
Sai,http://ufcstats.com/fighter-details/efb9a43415a56d34,--,20,6,1,3.17,46.0,2.27,53.0,0.0,0.0,77.0,0.0,
Anying,http://ufcstats.com/fighter-details/69e8c632135af48b,--,2,1,0,1.32,26.0,1.63,44.0,0.0,0.0,33.0,0.0,
Wang,http://ufcstats.com/fighter-details/2997e7fe3c9d3d4a,"66.0""",9,1,0,6.22,56.0,2.19,63.0,0.78,75.0,84.0,0.8,
Joshua,http://ufcstats.com/fighter-details/d538f13ab21d9633,"71.0""",5,2,0,2.95,40.0,4.43,60.0,1.17,100.0,66.0,0.0,
Curt,http://ufcstats.com/fighter-details/2721bb808bb2523c,"73.0""",13,6,0,2.13,42.0,3.44,43.0,2.35,50.0,83.0,0.9,
Brennan,http://ufcstats.com/fighter-details/67cd6495280b0a57,"71.0""",14,5,0,7.2,60.0,2.76,52.0,0.0,0.0,100.0,3.6,
Charlie,http://ufcstats.com/fighter-details/e81dd0bb8a64b550,--,3,3,0,1.64,19.0,7.21,53.0,0.0,0.0,0.0,0.0,
Terrion,http://ufcstats.com/fighter-details/ba5e253af86db1a8,"71.0""",17,9,0,4.02,32.0,6.07,50.0,0.5,22.0,44.0,0.0,
Joe,http://ufcstats.com/fighter-details/c0c1bc0766df4c00,--,15,6,0,2.15,46.0,2.39,52.0,6.14,46.0,60.0,0.0,
Brian,http://ufcstats.com/fighter-details/c4c4c7dd26c15d91,--,18,17,1,1.16,21.0,4.63,57.0,0.0,0.0,0.0,0.0,
Merritt,http://ufcstats.com/fighter-details/1e47dba648ea438c,--,3,3,0,0.0,0.0,0.0,0.0,0.0,0.0,0.0,0.0,
Idris,http://ufcstats.com/fighter-details/8a19676a3388845a,--,2,14,0,0.4,31.0,3.53,46.0,0.0,0.0,20.0,0.0,
Kengo,http://ufcstats.com/fighter-details/2abe38b81d68a24a,--,8,13,3,0.6,40.0,3.4,35.0,1.0,100.0,37.0,0.0,
Kazuhisa,http://ufcstats.com/fighter-details/951ffadfc4e917ea,--,0,1,0,0.62,50.0,0.94,0.0,0.0,0.0,14.0,0.0,
Ron,http://ufcstats.com/fighter-details/efaf544314bb5c2e,--,16,6,2,0.84,50.0,1.37,42.0,4.19,69.0,50.0,2.8,
Andy,http://ufcstats.com/fighter-details/103e2e67919379c5,--,1,2,0,0.0,0.0,0.0,0.0,0.0,0.0,0.0,0.0,
Dominic,http://ufcstats.com/fighter-details/2de91c2244ad7e89,"79.0""",9,5,0,0.48,23.0,2.53,39.0,4.07,52.0,28.0,0.0,
Trey,http://ufcstats.com/fighter-details/31dbfbe4e7a6727c,"77.0""",9,2,0,6.39,44.0,5.83,55.0,0.4,33.0,85.0,0.8,
Michelle,http://ufcstats.com/fighter-details/eb04b9d31e938edb,"62.0""",18,13,0,3.42,46.0,4.25,48.0,1.39,33.0,69.0,0.6,
Sam,http://ufcstats.com/fighter-details/1836639ecf9b6e7f,--,2,2,0,0.13,18.0,0.73,62.0,2.0,40.0,60.0,1.0,
Blake,http://ufcstats.com/fighter-details/117580b232409824,--,5,1,0,5.45,62.0,7.64,61.0,0.0,0.0,0.0,0.0,
Kyle,http://ufcstats.com/fighter-details/d7b2c0b53883ee80,--,13,8,1,3.67,35.0,3.25,62.0,0.0,0.0,100.0,0.0,
Maka,http://ufcstats.com/fighter-details/a31dfd9e8b2dc6ca,--,4,2,0,0.93,37.0,1.6,22.0,2.0,100.0,33.0,0.0,
Walel,http://ufcstats.com/fighter-details/92aafa8f4b26269b,"75.0""",14,10,0,2.1,29.0,3.79,43.0,0.0,0.0,61.0,1.4,
Tom,http://ufcstats.com/fighter-details/6809c31286b08d97,"73.0""",17,9,0,4.01,44.0,4.41,50.0,0.15,7.0,43.0,0.0,
Enrique,http://ufcstats.com/fighter-details/a99d4aa689bdca18,--,3,1,0,0.0,0.0,0.0,0.0,0.0,0.0,0.0,0.0,
Brok,http://ufcstats.com/fighter-details/7c9f96f9a6a5cd50,"73.0""",15,6,0,4.78,64.0,4.35,46.0,0.41,10.0,66.0,0.4,
Jonavin,http://ufcstats.com/fighter-details/f40ec51dd4de47c3,--,9,2,0,1.47,30.0,2.27,64.0,2.5,31.0,40.0,1.0,
Stephanie,http://ufcstats.com/fighter-details/d44a84409bf0da64,--,2,2,0,0.91,80.0,3.85,15.0,6.79,40.0,0.0,0.0,
Royston,http://ufcstats.com/fighter-details/b9c03e7a4557e542,"67.0""",4,1,0,1.1,60.0,2.45,49.0,3.38,81.0,0.0,0.0,
Darian,http://ufcstats.com/fighter-details/326a001926ffb7ec,"72.0""",5,3,0,4.49,51.0,4.56,51.0,2.0,30.0,100.0,0.0,
Joshua,http://ufcstats.com/fighter-details/69888118d968ba52,"69.0""",11,3,0,5.25,64.0,3.34,61.0,4.77,40.0,100.0,0.0,
Daniel,http://ufcstats.com/fighter-details/7b9dade6bedaabbe,"70.0""",39,9,0,5.71,42.0,4.05,61.0,0.84,50.0,83.0,0.0,
Chris,http://ufcstats.com/fighter-details/3a8176e15b9887c1,"78.0""",16,8,0,3.11,45.0,3.37,51.0,3.27,42.0,72.0,0.8,
Mark,http://ufcstats.com/fighter-details/9ccdd2ce45903f34,--,21,18,1,1.54,56.0,2.5,38.0,0.8,50.0,25.0,2.4,
Christian,http://ufcstats.com/fighter-details/f1b2a4365799c48b,"77.0""",8,5,0,3.12,27.0,3.04,56.0,1.22,42.0,45.0,1.2,
Malcolm,http://ufcstats.com/fighter-details/2e45d08b3f2f02c8,"71.0""",10,1,0,5.8,56.0,5.39,52.0,0.0,0.0,57.0,0.0,
Jeremiah,http://ufcstats.com/fighter-details/d66a46de8d705353,"74.0""",13,4,1,2.35,46.0,1.28,48.0,3.06,46.0,50.0,1.3,
Fabricio,http://ufcstats.com/fighter-details/492b202d2064e7a9,"77.0""",24,9,1,3.59,52.0,2.64,55.0,1.75,31.0,31.0,1.2,
Mike,http://ufcstats.com/fighter-details/b51841e7c594090d,--,15,8,0,1.82,56.0,6.43,22.0,6.29,50.0,0.0,0.0,
Dustin,http://ufcstats.com/fighter-details/5f5763b3a4de8dd4,--,6,6,0,0.0,0.0,0.0,0.0,0.0,0.0,0.0,0.0,
Sheldon,http://ufcstats.com/fighter-details/ec2d13a87d3d9541,"71.0""",10,3,1,2.26,40.0,3.73,37.0,3.23,37.0,14.0,0.0,
Aaron,http://ufcstats.com/fighter-details/1ce7998e0a215caa,--,9,5,0,2.27,32.0,4.33,45.0,0.0,0.0,77.0,0.0,
Coty,http://ufcstats.com/fighter-details/e57f0b06ea39e360,"67.0""",14,5,0,1.88,22.0,3.16,59.0,0.87,37.0,33.0,2.6,
Vernon,http://ufcstats.com/fighter-details/12458872d6afae1b,--,26,33,2,2.11,38.0,2.2,54.0,0.88,28.0,44.0,0.0,
Steve,http://ufcstats.com/fighter-details/d181689653115b6a,--,1,4,0,0.0,0.0,0.0,0.0,0.0,0.0,0.0,0.0,
Alex,http://ufcstats.com/fighter-details/c17041f1bb5768d8,"71.0""",13,6,0,3.76,42.0,3.07,60.0,0.92,28.0,71.0,0.5,
Craig,http://ufcstats.com/fighter-details/3dd949593346dbc3,"76.0""",14,9,0,1.23,40.0,3.28,39.0,0.0,0.0,50.0,0.8,
Patrik,http://ufcstats.com/fighter-details/4debc6c4c6249690,"72.0""",9,2,0,9.77,49.0,6.28,60.0,0.0,0.0,50.0,0.0,
Robert,http://ufcstats.com/fighter-details/1dafccb62a0f98ec,"69.0""",14,4,0,2.33,46.0,1.99,62.0,1.9,30.0,45.0,0.0,
Mike,http://ufcstats.com/fighter-details/22d1e00e1aabb7c9,--,27,8,0,1.62,33.0,2.36,59.0,3.59,43.0,77.0,0.3,
Garett,http://ufcstats.com/fighter-details/129537073431e52e,"72.0""",7,3,0,3.72,48.0,4.04,46.0,0.0,0.0,27.0,0.9,
Mitch,http://ufcstats.com/fighter-details/b6debbda44d4a5a0,--,17,27,0,0.0,0.0,0.0,0.0,0.0,0.0,0.0,0.0,
Emily,http://ufcstats.com/fighter-details/b3d21b2610dcfaeb,"63.0""",4,5,0,2.5,31.0,2.98,54.0,1.9,66.0,70.0,0.5,
Robert,http://ufcstats.com/fighter-details/e1147d3d2dabe1ce,"73.0""",27,9,0,4.39,43.0,3.36,59.0,0.73,38.0,82.0,0.0,
Josh,http://ufcstats.com/fighter-details/13935768cf8aeb86,"69.0""",12,6,0,0.65,60.0,6.52,41.0,0.0,0.0,80.0,0.0,
Adam,http://ufcstats.com/fighter-details/efa1f6b42c86793c,"81.0""",10,2,0,1.68,38.0,1.87,48.0,0.41,33.0,58.0,0.4,
Orlando,http://ufcstats.com/fighter-details/a6c2f5381d575920,--,1,5,0,0.0,0.0,0.0,0.0,0.0,0.0,0.0,0.0,
Jonathan,http://ufcstats.com/fighter-details/60884f31ead1609c,--,11,2,0,1.27,58.0,5.47,31.0,1.91,20.0,0.0,0.0,
Jakub,http://ufcstats.com/fighter-details/6902fcf0610dd303,"72.0""",18,3,2,3.4,44.0,3.87,46.0,0.0,0.0,41.0,2.5,
Justin,http://ufcstats.com/fighter-details/4a482a0100cfcd0a,--,14,7,0,3.82,28.0,2.63,71.0,1.43,16.0,100.0,0.0,
Joe,http://ufcstats.com/fighter-details/781014fb7e8e647a,--,19,11,0,1.0,54.0,2.0,72.0,0.0,0.0,0.0,0.0,
Aaron,http://ufcstats.com/fighter-details/338a11d3674eb2d4,--,11,7,0,0.0,0.0,0.0,100.0,7.32,100.0,0.0,0.0,
Mike,http://ufcstats.com/fighter-details/cfaf010d5b389c09,"66.0""",9,4,0,2.35,38.0,3.7,35.0,0.92,14.0,55.0,0.9,
Rob,http://ufcstats.com/fighter-details/826475cc758e60e6,"80.0""",11,2,0,2.74,50.0,5.66,39.0,4.47,25.0,0.0,0.0,
James,http://ufcstats.com/fighter-details/852454c572675334,"75.0""",7,4,0,1.82,45.0,2.03,50.0,1.27,22.0,66.0,3.8,
Tedd,http://ufcstats.com/fighter-details/b63e800c18e011b5,--,7,1,0,0.0,0.0,0.0,0.0,0.0,0.0,0.0,0.0,
Pete,http://ufcstats.com/fighter-details/6291ac0a3726732f,--,12,6,0,0.61,62.0,2.77,40.0,1.84,40.0,16.0,0.9,
Rubin,http://ufcstats.com/fighter-details/6f812143641ceff8,--,0,1,0,0.0,0.0,1.39,60.0,0.0,0.0,0.0,0.0,
Carter,http://ufcstats.com/fighter-details/b8e2f10efb6eca85,--,4,5,0,1.55,36.0,2.32,58.0,2.9,33.0,100.0,0.0,
Patrick,http://ufcstats.com/fighter-details/39330403ad27c2bb,"73.0""",8,6,0,4.12,51.0,4.12,52.0,2.71,41.0,100.0,0.5,
Tim,http://ufcstats.com/fighter-details/990bd63726a577f8,"76.0""",15,5,0,3.07,38.0,3.55,48.0,1.81,40.0,100.0,0.0,
Jordan,http://ufcstats.com/fighter-details/e26bd53b751d61d9,"75.0""",9,6,0,5.83,50.0,5.46,35.0,1.11,50.0,85.0,0.0,
Cole,http://ufcstats.com/fighter-details/f9a20a17d712ef7c,"73.0""",11,3,0,0.31,27.0,5.34,23.0,0.0,0.0,25.0,0.0,
Khaos,http://ufcstats.com/fighter-details/2558ae2e5671e318,"77.0""",15,5,0,4.94,39.0,5.39,40.0,0.0,0.0,51.0,0.0,
Karl,http://ufcstats.com/fighter-details/d35f734c56a89103,"79.0""",10,2,0,2.68,48.0,2.15,55.0,4.2,48.0,100.0,0.2,
Karl,http://ufcstats.com/fighter-details/95883dbdab4fcf0f,--,0,5,0,0.0,0.0,0.0,0.0,0.0,0.0,0.0,0.0,
Justin,http://ufcstats.com/fighter-details/ce1e867808ef5fce,"78.0""",8,2,0,3.37,59.0,2.57,57.0,0.96,66.0,36.0,0.0,
Chris,http://ufcstats.com/fighter-details/a56607a451e4c70d,"75.0""",18,10,0,2.32,50.0,1.36,55.0,1.31,50.0,60.0,1.6,
Greg,http://ufcstats.com/fighter-details/9cc84087ee768342,--,2,3,0,0.0,0.0,0.0,0.0,0.0,0.0,0.0,0.0,
Jonathan,http://ufcstats.com/fighter-details/cd01f0b768a32475,"75.0""",7,3,0,2.92,48.0,5.65,56.0,0.37,100.0,80.0,0.0,
Sean,http://ufcstats.com/fighter-details/b8e6393c39cb9740,--,36,29,0,1.01,31.0,5.88,62.0,0.0,0.0,0.0,0.0,
Westin,http://ufcstats.com/fighter-details/7b3503352cd53abb,"73.0""",17,10,0,1.57,31.0,6.71,30.0,1.57,16.0,33.0,7.9,
Damon,http://ufcstats.com/fighter-details/81254702b51cc832,"69.0""",9,3,0,7.56,49.0,8.27,52.0,0.0,0.0,0.0,0.0,
Matt,http://ufcstats.com/fighter-details/eb29176b03dfa888,"68.0""",16,10,0,3.17,50.0,3.57,51.0,2.13,37.0,56.0,1.5,
Eddie,http://ufcstats.com/fighter-details/fc9a9559a05f2704,"69.0""",24,16,1,3.4,29.0,3.76,68.0,0.34,33.0,86.0,0.1,
Deron,http://ufcstats.com/fighter-details/483a953b18d73bb3,"70.0""",7,3,0,4.55,44.0,6.21,46.0,4.28,52.0,40.0,0.0,
Andre,http://ufcstats.com/fighter-details/b45d6b73f4ca4467,"73.0""",21,11,2,2.52,33.0,4.57,51.0,0.0,0.0,74.0,0.0,
Eric,http://ufcstats.com/fighter-details/53f84637dfffab7a,--,26,9,1,1.42,47.0,2.08,56.0,0.0,0.0,27.0,0.9,
Keith,http://ufcstats.com/fighter-details/cd12227edd3f134b,--,28,15,1,2.32,52.0,4.86,42.0,1.57,40.0,78.0,0.3,
Jason,http://ufcstats.com/fighter-details/5f3805dda9661cba,"70.0""",19,9,0,2.15,44.0,2.54,52.0,6.9,48.0,100.0,0.9,
Travis,http://ufcstats.com/fighter-details/7f9f528cb72a6ed1,--,75,21,0,0.48,30.0,4.03,41.0,4.84,57.0,44.0,1.2,
Ray,http://ufcstats.com/fighter-details/ea0ad155451ed1f5,--,0,1,0,0.0,0.0,0.0,0.0,0.0,0.0,0.0,0.0,
Karolina,http://ufcstats.com/fighter-details/b99b3620839ea911,--,9,2,0,2.67,65.0,0.87,62.0,2.0,66.0,100.0,1.0,
Danyelle,http://ufcstats.com/fighter-details/a7e3f02fe2b2fe30,"70.0""",1,1,0,2.37,25.0,4.57,47.0,0.0,0.0,77.0,0.5,
Brandon,http://ufcstats.com/fighter-details/aa79d5399571068e,--,7,5,0,0.47,33.0,10.91,19.0,0.0,0.0,0.0,0.0,
Xue Do,http://ufcstats.com/fighter-details/daa89f01e1c0f42a,--,0,1,0,0.0,0.0,0.0,0.0,0.0,0.0,0.0,0.0,
Kwon,http://ufcstats.com/fighter-details/751aa58b7fb03c74,"71.0""",14,6,0,5.02,39.0,5.82,60.0,0.0,0.0,66.0,0.0,
Joanne,http://ufcstats.com/fighter-details/12f91bfa8f1f723b,"65.0""",17,8,0,7.1,51.0,4.89,51.0,1.52,55.0,58.0,0.3,
Nathaniel,http://ufcstats.com/fighter-details/329e403448756217,"69.0""",23,6,0,5.64,51.0,4.25,54.0,1.35,48.0,73.0,0.5,
Val,http://ufcstats.com/fighter-details/7a47e068f8017019,"74.0""",7,2,0,1.6,35.0,4.93,36.0,1.92,100.0,50.0,0.0,
Tyron,http://ufcstats.com/fighter-details/effd9de9937996f8,"74.0""",19,7,1,2.36,48.0,2.76,54.0,1.06,40.0,87.0,0.4,
Salvador,http://ufcstats.com/fighter-details/8de471543d9c933e,--,8,17,0,0.0,0.0,0.0,0.0,0.0,0.0,0.0,0.0,
Logan,http://ufcstats.com/fighter-details/133a9d2e6efd8a50,--,5,1,0,0.0,0.0,0.0,0.0,0.0,0.0,0.0,0.0,
Sean,http://ufcstats.com/fighter-details/4682bc59d5f55145,"78.0""",13,2,1,5.57,46.0,4.18,58.0,0.58,55.0,84.0,0.3,
Cal,http://ufcstats.com/fighter-details/de3ed2e152520c8d,--,13,10,0,0.0,0.0,0.0,0.0,0.0,0.0,0.0,0.0,
Hunter,http://ufcstats.com/fighter-details/8fb808fc2e145bd6,--,7,3,0,0.0,0.0,0.0,0.0,0.0,0.0,0.0,0.0,
Khama,http://ufcstats.com/fighter-details/78e501478a36a018,"74.0""",16,9,0,4.18,48.0,4.45,46.0,0.0,0.0,57.0,0.7,
Eric,http://ufcstats.com/fighter-details/eb6edce3028f05c0,--,5,1,0,1.76,48.0,3.12,28.0,4.07,66.0,0.0,2.0,
Justin,http://ufcstats.com/fighter-details/e78f601035d677f2,--,13,2,0,3.43,35.0,2.07,64.0,0.0,0.0,100.0,0.0,
JW,http://ufcstats.com/fighter-details/2a0b19a96f848eff,--,1,0,0,0.0,0.0,0.0,0.0,0.0,0.0,0.0,0.0,
Chris,http://ufcstats.com/fighter-details/7182146226dabe22,--,8,5,1,0.0,0.0,0.0,0.0,0.0,0.0,0.0,0.0,
Jordan,http://ufcstats.com/fighter-details/c878270af633eb11,"77.0""",12,5,0,4.1,56.0,6.03,31.0,2.09,45.0,100.0,0.4,
Marcin,http://ufcstats.com/fighter-details/aac6edb0d5e0b7e9,--,12,4,0,3.47,43.0,4.07,43.0,3.0,25.0,33.0,0.0,
Wu,http://ufcstats.com/fighter-details/fdbefee0827e1567,"66.0""",13,6,0,4.23,41.0,4.95,49.0,0.62,30.0,63.0,0.2,
,http://ufcstats.com/fighter-details/2296125b6c362355,"69.0""",20,9,0,1.61,42.0,3.02,56.0,3.28,42.0,77.0,0.4,
Wuziazibieke,http://ufcstats.com/fighter-details/2d077e22886298be,"70.0""",29,12,1,0.41,50.0,2.84,41.0,6.08,50.0,0.0,0.0,
Rubens,http://ufcstats.com/fighter-details/e6dac752a2418a88,--,5,3,0,0.77,42.0,1.82,21.0,2.1,40.0,25.0,1.1,
Xiao,http://ufcstats.com/fighter-details/86bace9e4ad85542,"70.0""",27,11,0,5.06,47.0,3.85,50.0,0.74,27.0,82.0,0.0,
Xie,http://ufcstats.com/fighter-details/e415ea6f8d41c917,"72.0""",13,5,0,3.99,43.0,2.73,60.0,2.71,42.0,40.0,0.0,
Xiong,http://ufcstats.com/fighter-details/2cdb479a0ef0ee1d,--,19,2,0,0.0,0.0,0.0,0.0,0.0,0.0,0.0,0.0,
Jamie,http://ufcstats.com/fighter-details/85248da6e9e2f7e7,--,8,4,0,3.08,39.0,2.55,63.0,0.0,0.0,66.0,0.0,
Eddie,http://ufcstats.com/fighter-details/cc84b68f862b466f,--,16,7,1,3.13,30.0,5.77,42.0,0.0,0.0,62.0,1.0,
Rani,http://ufcstats.com/fighter-details/94527830000ab715,"67.0""",28,12,1,1.71,38.0,2.08,50.0,2.73,30.0,29.0,1.8,
Mohammad,http://ufcstats.com/fighter-details/3753714927f18437,"73.0""",12,6,0,3.5,39.0,6.39,43.0,0.5,20.0,42.0,0.5,
Abdul Rakhman,http://ufcstats.com/fighter-details/95aff2fd8d09a5f0,"78.0""",9,0,0,7.4,67.0,2.3,57.0,11.49,75.0,100.0,7.7,
Alexander,http://ufcstats.com/fighter-details/d06f8869449ba7bd,"74.0""",24,10,1,1.74,47.0,2.41,58.0,1.66,35.0,72.0,0.1,
Keiichiro,http://ufcstats.com/fighter-details/6014d25e73b669c9,--,45,35,10,0.0,0.0,0.0,0.0,0.0,0.0,0.0,0.0,
Kenichi,http://ufcstats.com/fighter-details/9f488f520ed25bbf,--,5,12,2,0.3,46.0,1.93,38.0,0.0,0.0,10.0,0.3,
Yoshihisa,http://ufcstats.com/fighter-details/eed2b71d77d95416,--,14,25,1,1.65,38.0,3.05,53.0,1.0,20.0,50.0,0.6,
Atsushi,http://ufcstats.com/fighter-details/351264d11286d09a,--,19,11,3,1.97,39.0,1.27,70.0,1.12,33.0,100.0,0.0,
Norifumi,http://ufcstats.com/fighter-details/4834ff149dc9542a,"66.0""",18,6,0,2.09,45.0,2.01,57.0,0.41,22.0,45.0,0.0,
Hiroko,http://ufcstats.com/fighter-details/283645128ae57eda,--,13,3,0,2.1,26.0,3.54,63.0,0.0,0.0,100.0,0.0,
Goiti,http://ufcstats.com/fighter-details/9e1a7101fefe9746,--,21,3,0,1.66,54.0,1.01,66.0,0.0,0.0,0.0,4.3,
Wataru,http://ufcstats.com/fighter-details/d8bf3df51ff3a270,"68.0""",7,2,0,4.01,52.0,3.57,62.0,0.0,0.0,66.0,0.0,
Takeshi,http://ufcstats.com/fighter-details/d1d20e651e6cbc02,--,15,12,3,0.57,25.0,1.57,47.0,4.5,50.0,100.0,1.0,
Yan,http://ufcstats.com/fighter-details/c41d426cc7326d1b,"63.0""",19,5,0,4.69,45.0,3.23,60.0,0.84,73.0,64.0,0.0,
Petr,http://ufcstats.com/fighter-details/d661ce4da776fc20,"67.0""",20,5,0,5.16,54.0,4.24,59.0,1.7,49.0,86.0,0.1,
Yan,http://ufcstats.com/fighter-details/5c9c2e247c836b67,"62.0""",25,5,0,4.38,46.0,5.06,54.0,3.68,69.0,62.0,0.0,
Yuito,http://ufcstats.com/fighter-details/7c592bf20095fd17,--,8,1,0,0.0,0.0,0.0,0.0,0.0,0.0,0.0,0.0,
Adam,http://ufcstats.com/fighter-details/0a95c474e61a6c44,"74.0""",9,1,0,0.18,8.0,6.14,36.0,0.0,0.0,25.0,0.0,
Adrian,http://ufcstats.com/fighter-details/0232cabbc30a2372,"70.0""",17,6,1,5.96,41.0,5.24,56.0,0.0,0.0,75.0,0.0,
Dongi,http://ufcstats.com/fighter-details/aed06011bf62237b,"73.0""",13,3,0,3.55,51.0,3.21,63.0,1.7,41.0,61.0,0.5,
Jianping,http://ufcstats.com/fighter-details/d3c554d6e11fc9d6,--,11,4,1,1.4,26.0,2.07,65.0,1.0,25.0,33.0,0.0,
John,http://ufcstats.com/fighter-details/450bcab0968562c4,"70.0""",10,4,0,3.3,53.0,1.26,74.0,0.0,0.0,66.0,0.0,
Masutatsu,http://ufcstats.com/fighter-details/d56caaa5e123f518,--,2,4,1,0.0,0.0,0.0,0.0,0.0,0.0,0.0,0.0,
Emmanuel,http://ufcstats.com/fighter-details/2299605af59fd309,--,1,2,0,0.0,0.0,0.0,0.0,0.0,0.0,0.0,0.0,
Cale,http://ufcstats.com/fighter-details/a0b91014e9d16a76,--,8,3,0,3.16,27.0,10.0,72.0,0.0,0.0,0.0,0.0,
Tadao,http://ufcstats.com/fighter-details/49e7e05f902479ca,--,2,4,0,2.7,73.0,0.85,60.0,0.75,14.0,0.0,0.0,
Yoshiaki,http://ufcstats.com/fighter-details/620be7e0712d431b,--,0,2,0,0.0,0.0,5.57,48.0,0.0,0.0,0.0,0.0,
Chris,http://ufcstats.com/fighter-details/920632ca1b78fae5,--,4,6,0,0.0,0.0,0.0,0.0,0.0,0.0,0.0,0.0,
,http://ufcstats.com/fighter-details/cc2fcae2c0dc501d,"69.0""",24,13,1,2.87,41.0,5.5,54.0,0.0,0.0,81.0,0.0,
Yin,http://ufcstats.com/fighter-details/a78dc3910554dbae,"66.0""",18,6,0,4.42,43.0,4.22,54.0,4.33,41.0,83.0,0.0,
,http://ufcstats.com/fighter-details/3f11fd1751fa83b1,"71.0""",26,6,0,3.25,47.0,2.88,49.0,3.42,33.0,64.0,0.9,
Ashley,http://ufcstats.com/fighter-details/b4c6c904a9ffc5e8,"69.0""",8,9,0,3.42,39.0,4.13,47.0,1.09,27.0,66.0,0.6,
Hirotaka,http://ufcstats.com/fighter-details/35585d970300d45a,--,11,5,0,1.52,33.0,3.42,38.0,1.87,41.0,66.0,0.4,
Kazunori,http://ufcstats.com/fighter-details/a8e8587a06e73c87,--,25,7,3,0.67,31.0,1.13,57.0,0.0,0.0,0.0,0.0,
John,http://ufcstats.com/fighter-details/40eb2aef4d5577d4,--,0,1,0,0.0,0.0,0.0,0.0,0.0,0.0,0.0,0.0,
SangHoon,http://ufcstats.com/fighter-details/00b490982afd1b17,"74.0""",8,2,0,4.83,65.0,6.11,40.0,0.53,100.0,69.0,0.5,
JooSang,http://ufcstats.com/fighter-details/a44020ea2e8cd026,"71.0""",9,1,0,6.36,58.0,4.99,56.0,0.0,0.0,50.0,0.0,
Dong Sik,http://ufcstats.com/fighter-details/ad99fa5325519169,--,9,9,0,0.99,36.0,2.33,51.0,1.6,29.0,33.0,1.3,
ChangMin,http://ufcstats.com/fighter-details/29ab96eae72bad9f,"70.0""",8,3,1,5.7,48.0,2.15,64.0,1.9,28.0,100.0,0.0,
Yoshiyuki,http://ufcstats.com/fighter-details/ab8900ae1f1dfd4c,"70.0""",18,9,0,0.85,36.0,3.67,36.0,1.41,28.0,25.0,2.8,
Hidehiko,http://ufcstats.com/fighter-details/2eae41f61776c60f,--,6,8,1,1.05,36.0,1.89,62.0,1.09,33.0,71.0,2.2,
Kai,http://ufcstats.com/fighter-details/2e517966267a468a,"69.0""",6,2,0,4.32,50.0,4.96,54.0,0.0,0.0,100.0,0.0,
SuYoung,http://ufcstats.com/fighter-details/a474aade8eb3a8f0,"65.0""",16,4,0,2.15,47.0,2.01,68.0,4.26,47.0,66.0,0.4,
Kaitlin,http://ufcstats.com/fighter-details/79ff6545b0abc685,--,7,9,1,2.83,26.0,6.33,51.0,2.5,100.0,0.0,0.0,
Artenus,http://ufcstats.com/fighter-details/8d4943a9ce9f521b,--,10,12,0,0.0,0.0,0.0,0.0,0.0,0.0,0.0,0.0,
Trenell,http://ufcstats.com/fighter-details/bf5183e1c1afc3b2,--,11,9,0,1.43,22.0,5.13,50.0,1.13,20.0,0.0,1.1,
Jason,http://ufcstats.com/fighter-details/f59e9e49ef85b469,"73.0""",9,6,0,2.97,37.0,3.2,50.0,1.98,66.0,55.0,0.0,
Shane,http://ufcstats.com/fighter-details/4cd8b03aee1d0138,"72.0""",13,8,0,5.19,40.0,5.46,52.0,0.63,18.0,64.0,0.0,
Shanna,http://ufcstats.com/fighter-details/568bbad0eaced57c,"65.0""",9,6,0,3.18,47.0,4.88,43.0,0.0,0.0,53.0,0.6,
Gauge,http://ufcstats.com/fighter-details/b2a78df161bd67f9,"70.0""",11,3,0,6.32,52.0,5.12,49.0,0.75,30.0,76.0,0.0,
Besam,http://ufcstats.com/fighter-details/98ec9f385cca47fc,--,7,4,0,3.14,53.0,3.98,38.0,1.33,66.0,50.0,0.0,
Han Ten,http://ufcstats.com/fighter-details/67ec58d7cf599835,--,0,1,0,0.0,0.0,0.0,0.0,0.0,0.0,0.0,0.0,
Rob,http://ufcstats.com/fighter-details/42078a86d3dd037b,--,9,5,0,1.37,41.0,2.55,31.0,2.94,100.0,0.0,0.0,
Sodiq,http://ufcstats.com/fighter-details/94426bb170c88115,"71.0""",13,5,0,5.27,49.0,4.29,53.0,0.36,23.0,62.0,0.4,
Gilbert,http://ufcstats.com/fighter-details/d29b5c4f22c6357d,"77.0""",39,16,1,1.05,47.0,1.78,50.0,0.0,0.0,25.0,1.0,
Luke,http://ufcstats.com/fighter-details/2284092f8b63273b,"74.0""",14,4,0,4.56,32.0,4.46,62.0,0.74,33.0,80.0,0.0,
Anton,http://ufcstats.com/fighter-details/8c822811eedc11ad,--,7,3,0,2.99,64.0,2.31,52.0,6.11,60.0,0.0,0.0,
Aiemann,http://ufcstats.com/fighter-details/24656ef4d605c96f,"68.0""",14,2,0,4.54,47.0,4.08,69.0,0.12,14.0,83.0,0.0,
Joao,http://ufcstats.com/fighter-details/6b614bda982f5214,--,10,3,0,0.0,0.0,0.0,0.0,0.0,0.0,0.0,0.0,
Youssef,http://ufcstats.com/fighter-details/52c2ae6d2f2d2613,"72.0""",18,6,1,2.78,50.0,1.79,64.0,1.84,31.0,55.0,1.3,
Elizeu,http://ufcstats.com/fighter-details/8adcbd525fab8d9b,"73.0""",25,10,1,4.16,41.0,3.56,55.0,0.79,20.0,67.0,0.4,
Zach,http://ufcstats.com/fighter-details/cc3878d1ab41a5fa,"69.0""",10,7,0,0.87,56.0,6.67,20.0,0.0,0.0,26.0,0.0,
Roger,http://ufcstats.com/fighter-details/fe5ca7ef93c3f6a7,--,4,2,0,2.6,51.0,2.13,36.0,0.0,0.0,81.0,1.4,
Marius,http://ufcstats.com/fighter-details/abcf7e55a0a9ed89,--,20,9,0,5.02,34.0,5.93,50.0,0.73,42.0,73.0,0.0,
David,http://ufcstats.com/fighter-details/3bb2dc8e87b10a46,"75.0""",17,7,0,3.84,41.0,4.54,55.0,0.97,33.0,57.0,1.7,
Magomed,http://ufcstats.com/fighter-details/04ff3a711504d6b3,"68.0""",8,0,0,15.67,60.0,4.8,58.0,2.0,100.0,0.0,0.0,
Manolo,http://ufcstats.com/fighter-details/fd7ab338e4953644,"68.0""",11,5,0,3.72,28.0,12.82,45.0,0.0,0.0,0.0,0.0,
Joao,http://ufcstats.com/fighter-details/be4076c9e8d791e3,--,21,9,0,0.83,36.0,2.6,48.0,0.5,5.0,50.0,1.0,
Daniel,http://ufcstats.com/fighter-details/4148802ae4a50768,"77.0""",15,4,0,5.45,38.0,6.17,54.0,0.14,25.0,81.0,0.3,
Craig,http://ufcstats.com/fighter-details/3794e5e0bb0defb6,--,4,3,0,0.61,9.0,4.65,61.0,0.0,0.0,0.0,0.0,
Rickson,http://ufcstats.com/fighter-details/c879d8620261b1a3,"67.0""",14,2,0,1.67,32.0,4.07,33.0,0.0,0.0,0.0,0.0,
Roman,http://ufcstats.com/fighter-details/3144121470023e9a,--,18,12,0,1.18,36.0,0.53,70.0,1.6,100.0,33.0,3.2,
Carlos,http://ufcstats.com/fighter-details/cbf69fa846c7e3ee,--,3,4,0,4.36,65.0,2.28,68.0,0.0,0.0,100.0,0.0,
Zhang,http://ufcstats.com/fighter-details/c23e3d4875340d8d,"69.0""",15,4,0,1.23,36.0,2.14,51.0,1.95,58.0,75.0,3.4,
Zhang,http://ufcstats.com/fighter-details/7b310409440c9102,"71.0""",23,9,1,1.28,48.0,1.88,53.0,1.75,30.0,69.0,0.8,
Zhang,http://ufcstats.com/fighter-details/1ebe20ebbfa15e29,"63.0""",26,4,0,4.66,52.0,2.63,53.0,1.96,44.0,63.0,0.5,
Zhang,http://ufcstats.com/fighter-details/8a65fd9ba31fd3f7,"75.0""",19,7,0,7.71,60.0,5.33,43.0,0.0,0.0,75.0,0.0,
Zhang,http://ufcstats.com/fighter-details/45c7979c71751fcf,"67.0""",16,8,1,2.87,33.0,4.73,49.0,0.0,0.0,50.0,0.0,
Zhang,http://ufcstats.com/fighter-details/286e1d61fb315355,--,7,2,0,0.0,0.0,0.0,0.0,0.0,0.0,0.0,0.0,
Daermisi,http://ufcstats.com/fighter-details/fd52e5f9ab25c94c,"68.0""",9,2,0,1.86,40.0,2.36,55.0,7.74,65.0,53.0,1.4,
Daria,http://ufcstats.com/fighter-details/07047eb7d17fb0a2,"68.0""",10,3,0,4.13,40.0,3.38,64.0,0.31,100.0,50.0,0.0,
Yao,http://ufcstats.com/fighter-details/5ea918ea81b7dee2,"64.0""",2,4,0,1.44,21.0,2.82,48.0,0.66,16.0,58.0,0.0,
Zhou,http://ufcstats.com/fighter-details/d027fff39a34a9df,--,13,4,0,0.0,0.0,0.0,0.0,0.0,0.0,0.0,0.0,
Zhu,http://ufcstats.com/fighter-details/6f4ec5aa3eced219,"70.0""",21,4,0,2.89,48.0,1.33,70.0,0.33,100.0,51.0,0.0,
Zhalgas,http://ufcstats.com/fighter-details/55fa6ce3e522c8bb,"66.0""",14,9,0,5.24,43.0,5.86,52.0,1.3,19.0,75.0,0.2,
Fares,http://ufcstats.com/fighter-details/1e4f273069fb9e85,"75.0""",18,4,0,2.87,52.0,1.53,65.0,1.73,40.0,71.0,0.5,
Mike,http://ufcstats.com/fighter-details/6d3398b910461f2f,--,8,4,0,0.87,35.0,0.87,40.0,0.0,0.0,0.0,2.0,
James,http://ufcstats.com/fighter-details/4b4fc3ddc307bc73,--,21,10,2,1.47,35.0,1.6,44.0,0.5,25.0,74.0,0.5,
Errol,http://ufcstats.com/fighter-details/0aa74d04c196800c,--,0,1,0,2.95,42.0,0.0,0.0,0.0,0.0,0.0,0.0,
Cat,http://ufcstats.com/fighter-details/3ecd936bd8814108,"68.0""",10,4,0,2.57,61.0,1.63,47.0,2.77,65.0,42.0,0.8,
Igor,http://ufcstats.com/fighter-details/108afe61a26bcbf4,--,4,1,2,0.0,0.0,0.0,0.0,0.0,0.0,0.0,0.0,
Dave,http://ufcstats.com/fighter-details/be124bdd60fab7d5,--,5,7,0,0.0,0.0,0.0,0.0,0.0,0.0,0.0,0.0,
Alex,http://ufcstats.com/fighter-details/02d808afb96669de,--,6,3,0,0.0,0.0,0.0,0.0,0.0,0.0,0.0,0.0,
George,http://ufcstats.com/fighter-details/1291dd6b8ab4d952,--,3,1,0,7.64,38.0,5.45,37.0,0.0,0.0,100.0,0.0,
Allan,http://ufcstats.com/fighter-details/523af801b3429015,"70.0""",13,1,0,3.93,52.0,1.8,61.0,0.0,0.0,57.0,1.0,
Brahyam,http://ufcstats.com/fighter-details/392878af4680849f,"70.0""",9,1,0,1.86,15.0,5.57,59.0,0.0,0.0,0.0,0.0,
Virgil,http://ufcstats.com/fighter-details/0c277f3ff66b0208,"74.0""",15,6,1,3.34,48.0,4.87,39.0,1.31,30.0,50.0,0.0,
